Track,Position,No,Driver,Team,Starting Grid,Laps,Total Time/Gap/Retirement,Points,Fastest Lap,DATE,season,Time/Retired,+1 Pt,Set Fastest Lap,Fastest Lap Time,MAX_TEMPERATURE_C,MIN_TEMPERATURE_C,WINDSPEED_MAX_KMH,TEMPERATURE_MORNING_C_6H,TEMPERATURE_NOON_C_12H,TEMPERATURE_EVENING_C_18H,PRECIP_TOTAL_DAY_MM,HUMIDITY_MAX_PERCENT,VISIBILITY_AVG_KM,PRESSURE_MAX_MB,CLOUDCOVER_AVG_PERCENT,HEATINDEX_MAX_C,DEWPOINT_MAX_C,WINDTEMP_MAX_C,WEATHER_CODE_MORNING_6H,WEATHER_CODE_NOON_12H,WEATHER_CODE_EVENING_18H,TOTAL_SNOW_MM,UV_INDEX,SUNHOUR,OPINION,SUNSET,SUNRISE,TEMPERATURE_NIGHT_C_3H,WEATHER_CODE_NIGHT_3H,TEMPERATURE_9H,WEATHER_CODE_9H,TEMPERATURE_15H,WEATHER_CODE_15H,TEMPERATURE_21H,WEATHER_CODE_21H,TEMPERATURE_MIDNIGHT_0H,WEATHER_CODE_MIDNIGHT_0H,Ciudad_Base
Australia,1,77,Valtteri Bottas,Mercedes,2.0,58,1:25:27.325,26.0,Yes,2019-03-17,2019,,,,,25.0,17.0,12.0,17.0,25.0,20.0,0.0,84.0,10.0,1019.0,4.0,26.0,16.0,17.0,113.0,113.0,113.0,0.0,6.0,11.6,météo idéale,,,,,,,,,,,,,melbourne
Australia,2,44,Lewis Hamilton,Mercedes,1.0,58,+20.886,18.0,No,2019-03-17,2019,,,,,25.0,17.0,12.0,17.0,25.0,20.0,0.0,84.0,10.0,1019.0,4.0,26.0,16.0,17.0,113.0,113.0,113.0,0.0,6.0,11.6,météo idéale,,,,,,,,,,,,,melbourne
Australia,3,33,Max Verstappen,Red Bull Racing Honda,4.0,58,+22.520,15.0,No,2019-03-17,2019,,,,,25.0,17.0,12.0,17.0,25.0,20.0,0.0,84.0,10.0,1019.0,4.0,26.0,16.0,17.0,113.0,113.0,113.0,0.0,6.0,11.6,météo idéale,,,,,,,,,,,,,melbourne
Australia,4,5,Sebastian Vettel,Ferrari,3.0,58,+57.109,12.0,No,2019-03-17,2019,,,,,25.0,17.0,12.0,17.0,25.0,20.0,0.0,84.0,10.0,1019.0,4.0,26.0,16.0,17.0,113.0,113.0,113.0,0.0,6.0,11.6,météo idéale,,,,,,,,,,,,,melbourne
Australia,5,16,Charles Leclerc,Ferrari,5.0,58,+58.230,10.0,No,2019-03-17,2019,,,,,25.0,17.0,12.0,17.0,25.0,20.0,0.0,84.0,10.0,1019.0,4.0,26.0,16.0,17.0,113.0,113.0,113.0,0.0,6.0,11.6,météo idéale,,,,,,,,,,,,,melbourne
Australia,6,20,Kevin Magnussen,Haas Ferrari,7.0,58,+87.156,8.0,No,2019-03-17,2019,,,,,25.0,17.0,12.0,17.0,25.0,20.0,0.0,84.0,10.0,1019.0,4.0,26.0,16.0,17.0,113.0,113.0,113.0,0.0,6.0,11.6,météo idéale,,,,,,,,,,,,,melbourne
Australia,7,27,Nico Hulkenberg,Renault,11.0,57,+1 lap,6.0,No,2019-03-17,2019,,,,,25.0,17.0,12.0,17.0,25.0,20.0,0.0,84.0,10.0,1019.0,4.0,26.0,16.0,17.0,113.0,113.0,113.0,0.0,6.0,11.6,météo idéale,,,,,,,,,,,,,melbourne
Australia,8,7,Kimi Raikkönen,Alfa Romeo Racing Ferrari,9.0,57,+1 lap,4.0,No,2019-03-17,2019,,,,,25.0,17.0,12.0,17.0,25.0,20.0,0.0,84.0,10.0,1019.0,4.0,26.0,16.0,17.0,113.0,113.0,113.0,0.0,6.0,11.6,météo idéale,,,,,,,,,,,,,melbourne
Australia,9,18,Lance Stroll,Racing Point BWT Mercedes,16.0,57,+1 lap,2.0,No,2019-03-17,2019,,,,,25.0,17.0,12.0,17.0,25.0,20.0,0.0,84.0,10.0,1019.0,4.0,26.0,16.0,17.0,113.0,113.0,113.0,0.0,6.0,11.6,météo idéale,,,,,,,,,,,,,melbourne
Australia,10,26,Daniil Kvyat,Scuderia Toro Rosso Honda,15.0,57,+1 lap,1.0,No,2019-03-17,2019,,,,,25.0,17.0,12.0,17.0,25.0,20.0,0.0,84.0,10.0,1019.0,4.0,26.0,16.0,17.0,113.0,113.0,113.0,0.0,6.0,11.6,météo idéale,,,,,,,,,,,,,melbourne
Australia,11,10,Pierre Gasly,Red Bull Racing Honda,17.0,57,+1 lap,0.0,No,2019-03-17,2019,,,,,25.0,17.0,12.0,17.0,25.0,20.0,0.0,84.0,10.0,1019.0,4.0,26.0,16.0,17.0,113.0,113.0,113.0,0.0,6.0,11.6,météo idéale,,,,,,,,,,,,,melbourne
Australia,12,4,Lando Norris,McLaren Renault,8.0,57,+1 lap,0.0,No,2019-03-17,2019,,,,,25.0,17.0,12.0,17.0,25.0,20.0,0.0,84.0,10.0,1019.0,4.0,26.0,16.0,17.0,113.0,113.0,113.0,0.0,6.0,11.6,météo idéale,,,,,,,,,,,,,melbourne
Australia,13,11,Sergio Perez,Racing Point BWT Mercedes,10.0,57,+1 lap,0.0,No,2019-03-17,2019,,,,,25.0,17.0,12.0,17.0,25.0,20.0,0.0,84.0,10.0,1019.0,4.0,26.0,16.0,17.0,113.0,113.0,113.0,0.0,6.0,11.6,météo idéale,,,,,,,,,,,,,melbourne
Australia,14,23,Alexander Albon,Scuderia Toro Rosso Honda,13.0,57,+1 lap,0.0,No,2019-03-17,2019,,,,,25.0,17.0,12.0,17.0,25.0,20.0,0.0,84.0,10.0,1019.0,4.0,26.0,16.0,17.0,113.0,113.0,113.0,0.0,6.0,11.6,météo idéale,,,,,,,,,,,,,melbourne
Australia,15,99,Antonio Giovinazzi,Alfa Romeo Racing Ferrari,14.0,57,+1 lap,0.0,No,2019-03-17,2019,,,,,25.0,17.0,12.0,17.0,25.0,20.0,0.0,84.0,10.0,1019.0,4.0,26.0,16.0,17.0,113.0,113.0,113.0,0.0,6.0,11.6,météo idéale,,,,,,,,,,,,,melbourne
Australia,16,63,George Russell,Williams Mercedes,19.0,56,+2 laps,0.0,No,2019-03-17,2019,,,,,25.0,17.0,12.0,17.0,25.0,20.0,0.0,84.0,10.0,1019.0,4.0,26.0,16.0,17.0,113.0,113.0,113.0,0.0,6.0,11.6,météo idéale,,,,,,,,,,,,,melbourne
Australia,17,88,Robert Kubica,Williams Mercedes,20.0,55,+3 laps,0.0,No,2019-03-17,2019,,,,,25.0,17.0,12.0,17.0,25.0,20.0,0.0,84.0,10.0,1019.0,4.0,26.0,16.0,17.0,113.0,113.0,113.0,0.0,6.0,11.6,météo idéale,,,,,,,,,,,,,melbourne
Australia,NC,8,Romain Grosjean,Haas Ferrari,6.0,29,DNF,0.0,No,2019-03-17,2019,,,,,25.0,17.0,12.0,17.0,25.0,20.0,0.0,84.0,10.0,1019.0,4.0,26.0,16.0,17.0,113.0,113.0,113.0,0.0,6.0,11.6,météo idéale,,,,,,,,,,,,,melbourne
Australia,NC,3,Daniel Ricciardo,Renault,12.0,28,DNF,0.0,No,2019-03-17,2019,,,,,25.0,17.0,12.0,17.0,25.0,20.0,0.0,84.0,10.0,1019.0,4.0,26.0,16.0,17.0,113.0,113.0,113.0,0.0,6.0,11.6,météo idéale,,,,,,,,,,,,,melbourne
Australia,NC,55,Carlos Sainz,McLaren Renault,18.0,9,DNF,0.0,No,2019-03-17,2019,,,,,25.0,17.0,12.0,17.0,25.0,20.0,0.0,84.0,10.0,1019.0,4.0,26.0,16.0,17.0,113.0,113.0,113.0,0.0,6.0,11.6,météo idéale,,,,,,,,,,,,,melbourne
Bahrain,1,44,Lewis Hamilton,Mercedes,3.0,57,1:34:21.295,25.0,No,2019-03-31,2019,,,,,27.0,21.0,35.0,21.0,26.0,25.0,0.7,69.0,9.875,1012.0,13.0,28.0,16.0,21.0,113.0,113.0,113.0,0.0,6.0,11.6,météo idéale,,,,,,,,,,,,,manama
Bahrain,2,77,Valtteri Bottas,Mercedes,4.0,57,+2.980,18.0,No,2019-03-31,2019,,,,,27.0,21.0,35.0,21.0,26.0,25.0,0.7,69.0,9.875,1012.0,13.0,28.0,16.0,21.0,113.0,113.0,113.0,0.0,6.0,11.6,météo idéale,,,,,,,,,,,,,manama
Bahrain,3,16,Charles Leclerc,Ferrari,1.0,57,+6.131,16.0,Yes,2019-03-31,2019,,,,,27.0,21.0,35.0,21.0,26.0,25.0,0.7,69.0,9.875,1012.0,13.0,28.0,16.0,21.0,113.0,113.0,113.0,0.0,6.0,11.6,météo idéale,,,,,,,,,,,,,manama
Bahrain,4,33,Max Verstappen,Red Bull Racing Honda,5.0,57,+6.408,12.0,No,2019-03-31,2019,,,,,27.0,21.0,35.0,21.0,26.0,25.0,0.7,69.0,9.875,1012.0,13.0,28.0,16.0,21.0,113.0,113.0,113.0,0.0,6.0,11.6,météo idéale,,,,,,,,,,,,,manama
Bahrain,5,5,Sebastian Vettel,Ferrari,2.0,57,+36.068,10.0,No,2019-03-31,2019,,,,,27.0,21.0,35.0,21.0,26.0,25.0,0.7,69.0,9.875,1012.0,13.0,28.0,16.0,21.0,113.0,113.0,113.0,0.0,6.0,11.6,météo idéale,,,,,,,,,,,,,manama
Bahrain,6,4,Lando Norris,McLaren Renault,9.0,57,+45.754,8.0,No,2019-03-31,2019,,,,,27.0,21.0,35.0,21.0,26.0,25.0,0.7,69.0,9.875,1012.0,13.0,28.0,16.0,21.0,113.0,113.0,113.0,0.0,6.0,11.6,météo idéale,,,,,,,,,,,,,manama
Bahrain,7,7,Kimi Raikkönen,Alfa Romeo Racing Ferrari,8.0,57,+47.470,6.0,No,2019-03-31,2019,,,,,27.0,21.0,35.0,21.0,26.0,25.0,0.7,69.0,9.875,1012.0,13.0,28.0,16.0,21.0,113.0,113.0,113.0,0.0,6.0,11.6,météo idéale,,,,,,,,,,,,,manama
Bahrain,8,10,Pierre Gasly,Red Bull Racing Honda,13.0,57,+58.094,4.0,No,2019-03-31,2019,,,,,27.0,21.0,35.0,21.0,26.0,25.0,0.7,69.0,9.875,1012.0,13.0,28.0,16.0,21.0,113.0,113.0,113.0,0.0,6.0,11.6,météo idéale,,,,,,,,,,,,,manama
Bahrain,9,23,Alexander Albon,Scuderia Toro Rosso Honda,12.0,57,+62.697,2.0,No,2019-03-31,2019,,,,,27.0,21.0,35.0,21.0,26.0,25.0,0.7,69.0,9.875,1012.0,13.0,28.0,16.0,21.0,113.0,113.0,113.0,0.0,6.0,11.6,météo idéale,,,,,,,,,,,,,manama
Bahrain,10,11,Sergio Perez,Racing Point BWT Mercedes,14.0,57,+63.696,1.0,No,2019-03-31,2019,,,,,27.0,21.0,35.0,21.0,26.0,25.0,0.7,69.0,9.875,1012.0,13.0,28.0,16.0,21.0,113.0,113.0,113.0,0.0,6.0,11.6,météo idéale,,,,,,,,,,,,,manama
Bahrain,11,99,Antonio Giovinazzi,Alfa Romeo Racing Ferrari,16.0,57,+64.599,0.0,No,2019-03-31,2019,,,,,27.0,21.0,35.0,21.0,26.0,25.0,0.7,69.0,9.875,1012.0,13.0,28.0,16.0,21.0,113.0,113.0,113.0,0.0,6.0,11.6,météo idéale,,,,,,,,,,,,,manama
Bahrain,12,26,Daniil Kvyat,Scuderia Toro Rosso Honda,15.0,56,+1 lap,0.0,No,2019-03-31,2019,,,,,27.0,21.0,35.0,21.0,26.0,25.0,0.7,69.0,9.875,1012.0,13.0,28.0,16.0,21.0,113.0,113.0,113.0,0.0,6.0,11.6,météo idéale,,,,,,,,,,,,,manama
Bahrain,13,20,Kevin Magnussen,Haas Ferrari,6.0,56,+1 lap,0.0,No,2019-03-31,2019,,,,,27.0,21.0,35.0,21.0,26.0,25.0,0.7,69.0,9.875,1012.0,13.0,28.0,16.0,21.0,113.0,113.0,113.0,0.0,6.0,11.6,météo idéale,,,,,,,,,,,,,manama
Bahrain,14,18,Lance Stroll,Racing Point BWT Mercedes,18.0,56,+1 lap,0.0,No,2019-03-31,2019,,,,,27.0,21.0,35.0,21.0,26.0,25.0,0.7,69.0,9.875,1012.0,13.0,28.0,16.0,21.0,113.0,113.0,113.0,0.0,6.0,11.6,météo idéale,,,,,,,,,,,,,manama
Bahrain,15,63,George Russell,Williams Mercedes,19.0,56,+1 lap,0.0,No,2019-03-31,2019,,,,,27.0,21.0,35.0,21.0,26.0,25.0,0.7,69.0,9.875,1012.0,13.0,28.0,16.0,21.0,113.0,113.0,113.0,0.0,6.0,11.6,météo idéale,,,,,,,,,,,,,manama
Bahrain,16,88,Robert Kubica,Williams Mercedes,20.0,55,+2 laps,0.0,No,2019-03-31,2019,,,,,27.0,21.0,35.0,21.0,26.0,25.0,0.7,69.0,9.875,1012.0,13.0,28.0,16.0,21.0,113.0,113.0,113.0,0.0,6.0,11.6,météo idéale,,,,,,,,,,,,,manama
Bahrain,17,27,Nico Hulkenberg,Renault,17.0,53,DNF,0.0,No,2019-03-31,2019,,,,,27.0,21.0,35.0,21.0,26.0,25.0,0.7,69.0,9.875,1012.0,13.0,28.0,16.0,21.0,113.0,113.0,113.0,0.0,6.0,11.6,météo idéale,,,,,,,,,,,,,manama
Bahrain,18,3,Daniel Ricciardo,Renault,10.0,53,DNF,0.0,No,2019-03-31,2019,,,,,27.0,21.0,35.0,21.0,26.0,25.0,0.7,69.0,9.875,1012.0,13.0,28.0,16.0,21.0,113.0,113.0,113.0,0.0,6.0,11.6,météo idéale,,,,,,,,,,,,,manama
Bahrain,19,55,Carlos Sainz,McLaren Renault,7.0,53,DNF,0.0,No,2019-03-31,2019,,,,,27.0,21.0,35.0,21.0,26.0,25.0,0.7,69.0,9.875,1012.0,13.0,28.0,16.0,21.0,113.0,113.0,113.0,0.0,6.0,11.6,météo idéale,,,,,,,,,,,,,manama
Bahrain,NC,8,Romain Grosjean,Haas Ferrari,11.0,16,DNF,0.0,No,2019-03-31,2019,,,,,27.0,21.0,35.0,21.0,26.0,25.0,0.7,69.0,9.875,1012.0,13.0,28.0,16.0,21.0,113.0,113.0,113.0,0.0,6.0,11.6,météo idéale,,,,,,,,,,,,,manama
China,1,44,Lewis Hamilton,Mercedes,2.0,56,1:32:06.350,25.0,No,2019-04-14,2019,,,,,,,,,,,,,,,,,,,,,,,,,,,,,,,,,,,,,,
China,2,77,Valtteri Bottas,Mercedes,1.0,56,+6.552,18.0,No,2019-04-14,2019,,,,,,,,,,,,,,,,,,,,,,,,,,,,,,,,,,,,,,
China,3,5,Sebastian Vettel,Ferrari,3.0,56,+13.744,15.0,No,2019-04-14,2019,,,,,,,,,,,,,,,,,,,,,,,,,,,,,,,,,,,,,,
China,4,33,Max Verstappen,Red Bull Racing Honda,5.0,56,+27.627,12.0,No,2019-04-14,2019,,,,,,,,,,,,,,,,,,,,,,,,,,,,,,,,,,,,,,
China,5,16,Charles Leclerc,Ferrari,4.0,56,+31.276,10.0,No,2019-04-14,2019,,,,,,,,,,,,,,,,,,,,,,,,,,,,,,,,,,,,,,
China,6,10,Pierre Gasly,Red Bull Racing Honda,6.0,56,+89.307,9.0,Yes,2019-04-14,2019,,,,,,,,,,,,,,,,,,,,,,,,,,,,,,,,,,,,,,
China,7,3,Daniel Ricciardo,Renault,7.0,55,+1 lap,6.0,No,2019-04-14,2019,,,,,,,,,,,,,,,,,,,,,,,,,,,,,,,,,,,,,,
China,8,11,Sergio Perez,Racing Point BWT Mercedes,12.0,55,+1 lap,4.0,No,2019-04-14,2019,,,,,,,,,,,,,,,,,,,,,,,,,,,,,,,,,,,,,,
China,9,7,Kimi Raikkönen,Alfa Romeo Racing Ferrari,13.0,55,+1 lap,2.0,No,2019-04-14,2019,,,,,,,,,,,,,,,,,,,,,,,,,,,,,,,,,,,,,,
China,10,23,Alexander Albon,Scuderia Toro Rosso Honda,20.0,55,+1 lap,1.0,No,2019-04-14,2019,,,,,,,,,,,,,,,,,,,,,,,,,,,,,,,,,,,,,,
China,11,8,Romain Grosjean,Haas Ferrari,10.0,55,+1 lap,0.0,No,2019-04-14,2019,,,,,,,,,,,,,,,,,,,,,,,,,,,,,,,,,,,,,,
China,12,18,Lance Stroll,Racing Point BWT Mercedes,16.0,55,+1 lap,0.0,No,2019-04-14,2019,,,,,,,,,,,,,,,,,,,,,,,,,,,,,,,,,,,,,,
China,13,20,Kevin Magnussen,Haas Ferrari,9.0,55,+1 lap,0.0,No,2019-04-14,2019,,,,,,,,,,,,,,,,,,,,,,,,,,,,,,,,,,,,,,
China,14,55,Carlos Sainz,McLaren Renault,14.0,55,+1 lap,0.0,No,2019-04-14,2019,,,,,,,,,,,,,,,,,,,,,,,,,,,,,,,,,,,,,,
China,15,99,Antonio Giovinazzi,Alfa Romeo Racing Ferrari,19.0,55,+1 lap,0.0,No,2019-04-14,2019,,,,,,,,,,,,,,,,,,,,,,,,,,,,,,,,,,,,,,
China,16,63,George Russell,Williams Mercedes,17.0,54,+2 laps,0.0,No,2019-04-14,2019,,,,,,,,,,,,,,,,,,,,,,,,,,,,,,,,,,,,,,
China,17,88,Robert Kubica,Williams Mercedes,18.0,54,+2 laps,0.0,No,2019-04-14,2019,,,,,,,,,,,,,,,,,,,,,,,,,,,,,,,,,,,,,,
China,18,4,Lando Norris,McLaren Renault,15.0,50,DNF,0.0,No,2019-04-14,2019,,,,,,,,,,,,,,,,,,,,,,,,,,,,,,,,,,,,,,
China,NC,26,Daniil Kvyat,Scuderia Toro Rosso Honda,11.0,41,DNF,0.0,No,2019-04-14,2019,,,,,,,,,,,,,,,,,,,,,,,,,,,,,,,,,,,,,,
China,NC,27,Nico Hulkenberg,Renault,8.0,16,DNF,0.0,No,2019-04-14,2019,,,,,,,,,,,,,,,,,,,,,,,,,,,,,,,,,,,,,,
Azerbaijan,1,77,Valtteri Bottas,Mercedes,1.0,51,1:31:52.942,25.0,No,2019-04-28,2019,,,,,,,,,,,,,,,,,,,,,,,,,,,,,,,,,,,,,,
Azerbaijan,2,44,Lewis Hamilton,Mercedes,2.0,51,+1.524,18.0,No,2019-04-28,2019,,,,,,,,,,,,,,,,,,,,,,,,,,,,,,,,,,,,,,
Azerbaijan,3,5,Sebastian Vettel,Ferrari,3.0,51,+11.739,15.0,No,2019-04-28,2019,,,,,,,,,,,,,,,,,,,,,,,,,,,,,,,,,,,,,,
Azerbaijan,4,33,Max Verstappen,Red Bull Racing Honda,4.0,51,+17.493,12.0,No,2019-04-28,2019,,,,,,,,,,,,,,,,,,,,,,,,,,,,,,,,,,,,,,
Azerbaijan,5,16,Charles Leclerc,Ferrari,8.0,51,+69.107,11.0,Yes,2019-04-28,2019,,,,,,,,,,,,,,,,,,,,,,,,,,,,,,,,,,,,,,
Azerbaijan,6,11,Sergio Perez,Racing Point BWT Mercedes,5.0,51,+76.416,8.0,No,2019-04-28,2019,,,,,,,,,,,,,,,,,,,,,,,,,,,,,,,,,,,,,,
Azerbaijan,7,55,Carlos Sainz,McLaren Renault,9.0,51,+83.826,6.0,No,2019-04-28,2019,,,,,,,,,,,,,,,,,,,,,,,,,,,,,,,,,,,,,,
Azerbaijan,8,4,Lando Norris,McLaren Renault,7.0,51,+100.268,4.0,No,2019-04-28,2019,,,,,,,,,,,,,,,,,,,,,,,,,,,,,,,,,,,,,,
Azerbaijan,9,18,Lance Stroll,Racing Point BWT Mercedes,13.0,51,+103.816,2.0,No,2019-04-28,2019,,,,,,,,,,,,,,,,,,,,,,,,,,,,,,,,,,,,,,
Azerbaijan,10,7,Kimi Raikkönen,Alfa Romeo Racing Ferrari,19.0,50,+1 lap,1.0,No,2019-04-28,2019,,,,,,,,,,,,,,,,,,,,,,,,,,,,,,,,,,,,,,
Azerbaijan,11,23,Alexander Albon,Scuderia Toro Rosso Honda,11.0,50,+1 lap,0.0,No,2019-04-28,2019,,,,,,,,,,,,,,,,,,,,,,,,,,,,,,,,,,,,,,
Azerbaijan,12,99,Antonio Giovinazzi,Alfa Romeo Racing Ferrari,17.0,50,+1 lap,0.0,No,2019-04-28,2019,,,,,,,,,,,,,,,,,,,,,,,,,,,,,,,,,,,,,,
Azerbaijan,13,20,Kevin Magnussen,Haas Ferrari,12.0,50,+1 lap,0.0,No,2019-04-28,2019,,,,,,,,,,,,,,,,,,,,,,,,,,,,,,,,,,,,,,
Azerbaijan,14,27,Nico Hulkenberg,Renault,15.0,50,+1 lap,0.0,No,2019-04-28,2019,,,,,,,,,,,,,,,,,,,,,,,,,,,,,,,,,,,,,,
Azerbaijan,15,63,George Russell,Williams Mercedes,16.0,49,+2 laps,0.0,No,2019-04-28,2019,,,,,,,,,,,,,,,,,,,,,,,,,,,,,,,,,,,,,,
Azerbaijan,16,88,Robert Kubica,Williams Mercedes,18.0,49,+2 laps,0.0,No,2019-04-28,2019,,,,,,,,,,,,,,,,,,,,,,,,,,,,,,,,,,,,,,
Azerbaijan,NC,10,Pierre Gasly,Red Bull Racing Honda,20.0,38,DNF,0.0,No,2019-04-28,2019,,,,,,,,,,,,,,,,,,,,,,,,,,,,,,,,,,,,,,
Azerbaijan,NC,8,Romain Grosjean,Haas Ferrari,14.0,38,DNF,0.0,No,2019-04-28,2019,,,,,,,,,,,,,,,,,,,,,,,,,,,,,,,,,,,,,,
Azerbaijan,NC,26,Daniil Kvyat,Scuderia Toro Rosso Honda,6.0,33,DNF,0.0,No,2019-04-28,2019,,,,,,,,,,,,,,,,,,,,,,,,,,,,,,,,,,,,,,
Azerbaijan,NC,3,Daniel Ricciardo,Renault,10.0,31,DNF,0.0,No,2019-04-28,2019,,,,,,,,,,,,,,,,,,,,,,,,,,,,,,,,,,,,,,
Spain,1,44,Lewis Hamilton,Mercedes,2.0,66,1:35:50.443,26.0,Yes,2019-05-12,2019,,,,,22.0,18.0,16.0,18.0,22.0,19.0,0.0,65.0,10.0,1025.0,3.125,24.0,13.0,18.0,113.0,113.0,113.0,0.0,6.0,14.5,météo favorable,,,,,,,,,,,,,barcelona
Spain,2,77,Valtteri Bottas,Mercedes,1.0,66,+4.074,18.0,No,2019-05-12,2019,,,,,22.0,18.0,16.0,18.0,22.0,19.0,0.0,65.0,10.0,1025.0,3.125,24.0,13.0,18.0,113.0,113.0,113.0,0.0,6.0,14.5,météo favorable,,,,,,,,,,,,,barcelona
Spain,3,33,Max Verstappen,Red Bull Racing Honda,4.0,66,+7.679,15.0,No,2019-05-12,2019,,,,,22.0,18.0,16.0,18.0,22.0,19.0,0.0,65.0,10.0,1025.0,3.125,24.0,13.0,18.0,113.0,113.0,113.0,0.0,6.0,14.5,météo favorable,,,,,,,,,,,,,barcelona
Spain,4,5,Sebastian Vettel,Ferrari,3.0,66,+9.167,12.0,No,2019-05-12,2019,,,,,22.0,18.0,16.0,18.0,22.0,19.0,0.0,65.0,10.0,1025.0,3.125,24.0,13.0,18.0,113.0,113.0,113.0,0.0,6.0,14.5,météo favorable,,,,,,,,,,,,,barcelona
Spain,5,16,Charles Leclerc,Ferrari,5.0,66,+13.361,10.0,No,2019-05-12,2019,,,,,22.0,18.0,16.0,18.0,22.0,19.0,0.0,65.0,10.0,1025.0,3.125,24.0,13.0,18.0,113.0,113.0,113.0,0.0,6.0,14.5,météo favorable,,,,,,,,,,,,,barcelona
Spain,6,10,Pierre Gasly,Red Bull Racing Honda,6.0,66,+19.576,8.0,No,2019-05-12,2019,,,,,22.0,18.0,16.0,18.0,22.0,19.0,0.0,65.0,10.0,1025.0,3.125,24.0,13.0,18.0,113.0,113.0,113.0,0.0,6.0,14.5,météo favorable,,,,,,,,,,,,,barcelona
Spain,7,20,Kevin Magnussen,Haas Ferrari,8.0,66,+28.159,6.0,No,2019-05-12,2019,,,,,22.0,18.0,16.0,18.0,22.0,19.0,0.0,65.0,10.0,1025.0,3.125,24.0,13.0,18.0,113.0,113.0,113.0,0.0,6.0,14.5,météo favorable,,,,,,,,,,,,,barcelona
Spain,8,55,Carlos Sainz,McLaren Renault,12.0,66,+32.342,4.0,No,2019-05-12,2019,,,,,22.0,18.0,16.0,18.0,22.0,19.0,0.0,65.0,10.0,1025.0,3.125,24.0,13.0,18.0,113.0,113.0,113.0,0.0,6.0,14.5,météo favorable,,,,,,,,,,,,,barcelona
Spain,9,26,Daniil Kvyat,Scuderia Toro Rosso Honda,9.0,66,+33.056,2.0,No,2019-05-12,2019,,,,,22.0,18.0,16.0,18.0,22.0,19.0,0.0,65.0,10.0,1025.0,3.125,24.0,13.0,18.0,113.0,113.0,113.0,0.0,6.0,14.5,météo favorable,,,,,,,,,,,,,barcelona
Spain,10,8,Romain Grosjean,Haas Ferrari,7.0,66,+34.641,1.0,No,2019-05-12,2019,,,,,22.0,18.0,16.0,18.0,22.0,19.0,0.0,65.0,10.0,1025.0,3.125,24.0,13.0,18.0,113.0,113.0,113.0,0.0,6.0,14.5,météo favorable,,,,,,,,,,,,,barcelona
Spain,11,23,Alexander Albon,Scuderia Toro Rosso Honda,11.0,66,+35.445,0.0,No,2019-05-12,2019,,,,,22.0,18.0,16.0,18.0,22.0,19.0,0.0,65.0,10.0,1025.0,3.125,24.0,13.0,18.0,113.0,113.0,113.0,0.0,6.0,14.5,météo favorable,,,,,,,,,,,,,barcelona
Spain,12,3,Daniel Ricciardo,Renault,13.0,66,+36.758,0.0,No,2019-05-12,2019,,,,,22.0,18.0,16.0,18.0,22.0,19.0,0.0,65.0,10.0,1025.0,3.125,24.0,13.0,18.0,113.0,113.0,113.0,0.0,6.0,14.5,météo favorable,,,,,,,,,,,,,barcelona
Spain,13,27,Nico Hulkenberg,Renault,20.0,66,+39.241,0.0,No,2019-05-12,2019,,,,,22.0,18.0,16.0,18.0,22.0,19.0,0.0,65.0,10.0,1025.0,3.125,24.0,13.0,18.0,113.0,113.0,113.0,0.0,6.0,14.5,météo favorable,,,,,,,,,,,,,barcelona
Spain,14,7,Kimi Raikkönen,Alfa Romeo Racing Ferrari,14.0,66,+41.803,0.0,No,2019-05-12,2019,,,,,22.0,18.0,16.0,18.0,22.0,19.0,0.0,65.0,10.0,1025.0,3.125,24.0,13.0,18.0,113.0,113.0,113.0,0.0,6.0,14.5,météo favorable,,,,,,,,,,,,,barcelona
Spain,15,11,Sergio Perez,Racing Point BWT Mercedes,15.0,66,+46.877,0.0,No,2019-05-12,2019,,,,,22.0,18.0,16.0,18.0,22.0,19.0,0.0,65.0,10.0,1025.0,3.125,24.0,13.0,18.0,113.0,113.0,113.0,0.0,6.0,14.5,météo favorable,,,,,,,,,,,,,barcelona
Spain,16,99,Antonio Giovinazzi,Alfa Romeo Racing Ferrari,18.0,66,+47.691,0.0,No,2019-05-12,2019,,,,,22.0,18.0,16.0,18.0,22.0,19.0,0.0,65.0,10.0,1025.0,3.125,24.0,13.0,18.0,113.0,113.0,113.0,0.0,6.0,14.5,météo favorable,,,,,,,,,,,,,barcelona
Spain,17,63,George Russell,Williams Mercedes,19.0,65,+1 lap,0.0,No,2019-05-12,2019,,,,,22.0,18.0,16.0,18.0,22.0,19.0,0.0,65.0,10.0,1025.0,3.125,24.0,13.0,18.0,113.0,113.0,113.0,0.0,6.0,14.5,météo favorable,,,,,,,,,,,,,barcelona
Spain,18,88,Robert Kubica,Williams Mercedes,17.0,65,+1 lap,0.0,No,2019-05-12,2019,,,,,22.0,18.0,16.0,18.0,22.0,19.0,0.0,65.0,10.0,1025.0,3.125,24.0,13.0,18.0,113.0,113.0,113.0,0.0,6.0,14.5,météo favorable,,,,,,,,,,,,,barcelona
Spain,NC,18,Lance Stroll,Racing Point BWT Mercedes,16.0,44,DNF,0.0,No,2019-05-12,2019,,,,,22.0,18.0,16.0,18.0,22.0,19.0,0.0,65.0,10.0,1025.0,3.125,24.0,13.0,18.0,113.0,113.0,113.0,0.0,6.0,14.5,météo favorable,,,,,,,,,,,,,barcelona
Spain,NC,4,Lando Norris,McLaren Renault,10.0,44,DNF,0.0,No,2019-05-12,2019,,,,,22.0,18.0,16.0,18.0,22.0,19.0,0.0,65.0,10.0,1025.0,3.125,24.0,13.0,18.0,113.0,113.0,113.0,0.0,6.0,14.5,météo favorable,,,,,,,,,,,,,barcelona
Monaco,1,44,Lewis Hamilton,Mercedes,1.0,78,1:43:28.437,25.0,No,2019-05-26,2019,,,,,,,,,,,,,,,,,,,,,,,,,,,,,,,,,,,,,,
Monaco,2,5,Sebastian Vettel,Ferrari,4.0,78,+2.602,18.0,No,2019-05-26,2019,,,,,,,,,,,,,,,,,,,,,,,,,,,,,,,,,,,,,,
Monaco,3,77,Valtteri Bottas,Mercedes,2.0,78,+3.162,15.0,No,2019-05-26,2019,,,,,,,,,,,,,,,,,,,,,,,,,,,,,,,,,,,,,,
Monaco,4,33,Max Verstappen,Red Bull Racing Honda,3.0,78,+5.537,12.0,No,2019-05-26,2019,,,,,,,,,,,,,,,,,,,,,,,,,,,,,,,,,,,,,,
Monaco,5,10,Pierre Gasly,Red Bull Racing Honda,8.0,78,+9.946,11.0,Yes,2019-05-26,2019,,,,,,,,,,,,,,,,,,,,,,,,,,,,,,,,,,,,,,
Monaco,6,55,Carlos Sainz,McLaren Renault,9.0,78,+53.454,8.0,No,2019-05-26,2019,,,,,,,,,,,,,,,,,,,,,,,,,,,,,,,,,,,,,,
Monaco,7,26,Daniil Kvyat,Scuderia Toro Rosso Honda,7.0,78,+54.574,6.0,No,2019-05-26,2019,,,,,,,,,,,,,,,,,,,,,,,,,,,,,,,,,,,,,,
Monaco,8,23,Alexander Albon,Scuderia Toro Rosso Honda,10.0,78,+55.200,4.0,No,2019-05-26,2019,,,,,,,,,,,,,,,,,,,,,,,,,,,,,,,,,,,,,,
Monaco,9,3,Daniel Ricciardo,Renault,6.0,78,+60.894,2.0,No,2019-05-26,2019,,,,,,,,,,,,,,,,,,,,,,,,,,,,,,,,,,,,,,
Monaco,10,8,Romain Grosjean,Haas Ferrari,13.0,78,+61.034,1.0,No,2019-05-26,2019,,,,,,,,,,,,,,,,,,,,,,,,,,,,,,,,,,,,,,
Monaco,11,4,Lando Norris,McLaren Renault,12.0,78,+66.801,0.0,No,2019-05-26,2019,,,,,,,,,,,,,,,,,,,,,,,,,,,,,,,,,,,,,,
Monaco,12,11,Sergio Perez,Racing Point BWT Mercedes,16.0,77,+1 lap,0.0,No,2019-05-26,2019,,,,,,,,,,,,,,,,,,,,,,,,,,,,,,,,,,,,,,
Monaco,13,27,Nico Hulkenberg,Renault,11.0,77,+1 lap,0.0,No,2019-05-26,2019,,,,,,,,,,,,,,,,,,,,,,,,,,,,,,,,,,,,,,
Monaco,14,20,Kevin Magnussen,Haas Ferrari,5.0,77,+1 lap,0.0,No,2019-05-26,2019,,,,,,,,,,,,,,,,,,,,,,,,,,,,,,,,,,,,,,
Monaco,15,63,George Russell,Williams Mercedes,19.0,77,+1 lap,0.0,No,2019-05-26,2019,,,,,,,,,,,,,,,,,,,,,,,,,,,,,,,,,,,,,,
Monaco,16,18,Lance Stroll,Racing Point BWT Mercedes,17.0,77,+1 lap,0.0,No,2019-05-26,2019,,,,,,,,,,,,,,,,,,,,,,,,,,,,,,,,,,,,,,
Monaco,17,7,Kimi Raikkönen,Alfa Romeo Racing Ferrari,14.0,77,+1 lap,0.0,No,2019-05-26,2019,,,,,,,,,,,,,,,,,,,,,,,,,,,,,,,,,,,,,,
Monaco,18,88,Robert Kubica,Williams Mercedes,20.0,77,+1 lap,0.0,No,2019-05-26,2019,,,,,,,,,,,,,,,,,,,,,,,,,,,,,,,,,,,,,,
Monaco,19,99,Antonio Giovinazzi,Alfa Romeo Racing Ferrari,18.0,76,+2 laps,0.0,No,2019-05-26,2019,,,,,,,,,,,,,,,,,,,,,,,,,,,,,,,,,,,,,,
Monaco,NC,16,Charles Leclerc,Ferrari,15.0,16,DNF,0.0,No,2019-05-26,2019,,,,,,,,,,,,,,,,,,,,,,,,,,,,,,,,,,,,,,
Canada,1,44,Lewis Hamilton,Mercedes,2.0,70,1:29:07.084,25.0,No,2019-06-09,2019,,,,,29.0,18.0,9.0,18.0,28.0,26.0,0.0,50.0,10.0,1027.0,13.375,29.0,14.0,18.0,113.0,113.0,113.0,0.0,6.0,14.5,météo idéale,,,,,,,,,,,,,montreal
Canada,2,5,Sebastian Vettel,Ferrari,1.0,70,+3.658,18.0,No,2019-06-09,2019,,,,,29.0,18.0,9.0,18.0,28.0,26.0,0.0,50.0,10.0,1027.0,13.375,29.0,14.0,18.0,113.0,113.0,113.0,0.0,6.0,14.5,météo idéale,,,,,,,,,,,,,montreal
Canada,3,16,Charles Leclerc,Ferrari,3.0,70,+4.696,15.0,No,2019-06-09,2019,,,,,29.0,18.0,9.0,18.0,28.0,26.0,0.0,50.0,10.0,1027.0,13.375,29.0,14.0,18.0,113.0,113.0,113.0,0.0,6.0,14.5,météo idéale,,,,,,,,,,,,,montreal
Canada,4,77,Valtteri Bottas,Mercedes,6.0,70,+51.043,13.0,Yes,2019-06-09,2019,,,,,29.0,18.0,9.0,18.0,28.0,26.0,0.0,50.0,10.0,1027.0,13.375,29.0,14.0,18.0,113.0,113.0,113.0,0.0,6.0,14.5,météo idéale,,,,,,,,,,,,,montreal
Canada,5,33,Max Verstappen,Red Bull Racing Honda,9.0,70,+57.655,10.0,No,2019-06-09,2019,,,,,29.0,18.0,9.0,18.0,28.0,26.0,0.0,50.0,10.0,1027.0,13.375,29.0,14.0,18.0,113.0,113.0,113.0,0.0,6.0,14.5,météo idéale,,,,,,,,,,,,,montreal
Canada,6,3,Daniel Ricciardo,Renault,4.0,69,+1 lap,8.0,No,2019-06-09,2019,,,,,29.0,18.0,9.0,18.0,28.0,26.0,0.0,50.0,10.0,1027.0,13.375,29.0,14.0,18.0,113.0,113.0,113.0,0.0,6.0,14.5,météo idéale,,,,,,,,,,,,,montreal
Canada,7,27,Nico Hulkenberg,Renault,7.0,69,+1 lap,6.0,No,2019-06-09,2019,,,,,29.0,18.0,9.0,18.0,28.0,26.0,0.0,50.0,10.0,1027.0,13.375,29.0,14.0,18.0,113.0,113.0,113.0,0.0,6.0,14.5,météo idéale,,,,,,,,,,,,,montreal
Canada,8,10,Pierre Gasly,Red Bull Racing Honda,5.0,69,+1 lap,4.0,No,2019-06-09,2019,,,,,29.0,18.0,9.0,18.0,28.0,26.0,0.0,50.0,10.0,1027.0,13.375,29.0,14.0,18.0,113.0,113.0,113.0,0.0,6.0,14.5,météo idéale,,,,,,,,,,,,,montreal
Canada,9,18,Lance Stroll,Racing Point BWT Mercedes,17.0,69,+1 lap,2.0,No,2019-06-09,2019,,,,,29.0,18.0,9.0,18.0,28.0,26.0,0.0,50.0,10.0,1027.0,13.375,29.0,14.0,18.0,113.0,113.0,113.0,0.0,6.0,14.5,météo idéale,,,,,,,,,,,,,montreal
Canada,10,26,Daniil Kvyat,Scuderia Toro Rosso Honda,10.0,69,+1 lap,1.0,No,2019-06-09,2019,,,,,29.0,18.0,9.0,18.0,28.0,26.0,0.0,50.0,10.0,1027.0,13.375,29.0,14.0,18.0,113.0,113.0,113.0,0.0,6.0,14.5,météo idéale,,,,,,,,,,,,,montreal
Canada,11,55,Carlos Sainz,McLaren Renault,11.0,69,+1 lap,0.0,No,2019-06-09,2019,,,,,29.0,18.0,9.0,18.0,28.0,26.0,0.0,50.0,10.0,1027.0,13.375,29.0,14.0,18.0,113.0,113.0,113.0,0.0,6.0,14.5,météo idéale,,,,,,,,,,,,,montreal
Canada,12,11,Sergio Perez,Racing Point BWT Mercedes,15.0,69,+1 lap,0.0,No,2019-06-09,2019,,,,,29.0,18.0,9.0,18.0,28.0,26.0,0.0,50.0,10.0,1027.0,13.375,29.0,14.0,18.0,113.0,113.0,113.0,0.0,6.0,14.5,météo idéale,,,,,,,,,,,,,montreal
Canada,13,99,Antonio Giovinazzi,Alfa Romeo Racing Ferrari,12.0,69,+1 lap,0.0,No,2019-06-09,2019,,,,,29.0,18.0,9.0,18.0,28.0,26.0,0.0,50.0,10.0,1027.0,13.375,29.0,14.0,18.0,113.0,113.0,113.0,0.0,6.0,14.5,météo idéale,,,,,,,,,,,,,montreal
Canada,14,8,Romain Grosjean,Haas Ferrari,14.0,69,+1 lap,0.0,No,2019-06-09,2019,,,,,29.0,18.0,9.0,18.0,28.0,26.0,0.0,50.0,10.0,1027.0,13.375,29.0,14.0,18.0,113.0,113.0,113.0,0.0,6.0,14.5,météo idéale,,,,,,,,,,,,,montreal
Canada,15,7,Kimi Raikkönen,Alfa Romeo Racing Ferrari,16.0,69,+1 lap,0.0,No,2019-06-09,2019,,,,,29.0,18.0,9.0,18.0,28.0,26.0,0.0,50.0,10.0,1027.0,13.375,29.0,14.0,18.0,113.0,113.0,113.0,0.0,6.0,14.5,météo idéale,,,,,,,,,,,,,montreal
Canada,16,63,George Russell,Williams Mercedes,18.0,68,+2 laps,0.0,No,2019-06-09,2019,,,,,29.0,18.0,9.0,18.0,28.0,26.0,0.0,50.0,10.0,1027.0,13.375,29.0,14.0,18.0,113.0,113.0,113.0,0.0,6.0,14.5,météo idéale,,,,,,,,,,,,,montreal
Canada,17,20,Kevin Magnussen,Haas Ferrari,20.0,68,+2 laps,0.0,No,2019-06-09,2019,,,,,29.0,18.0,9.0,18.0,28.0,26.0,0.0,50.0,10.0,1027.0,13.375,29.0,14.0,18.0,113.0,113.0,113.0,0.0,6.0,14.5,météo idéale,,,,,,,,,,,,,montreal
Canada,18,88,Robert Kubica,Williams Mercedes,19.0,67,+3 laps,0.0,No,2019-06-09,2019,,,,,29.0,18.0,9.0,18.0,28.0,26.0,0.0,50.0,10.0,1027.0,13.375,29.0,14.0,18.0,113.0,113.0,113.0,0.0,6.0,14.5,météo idéale,,,,,,,,,,,,,montreal
Canada,NC,23,Alexander Albon,Scuderia Toro Rosso Honda,13.0,59,DNF,0.0,No,2019-06-09,2019,,,,,29.0,18.0,9.0,18.0,28.0,26.0,0.0,50.0,10.0,1027.0,13.375,29.0,14.0,18.0,113.0,113.0,113.0,0.0,6.0,14.5,météo idéale,,,,,,,,,,,,,montreal
Canada,NC,4,Lando Norris,McLaren Renault,8.0,8,DNF,0.0,No,2019-06-09,2019,,,,,29.0,18.0,9.0,18.0,28.0,26.0,0.0,50.0,10.0,1027.0,13.375,29.0,14.0,18.0,113.0,113.0,113.0,0.0,6.0,14.5,météo idéale,,,,,,,,,,,,,montreal
France,1,44,Lewis Hamilton,Mercedes,1.0,53,1:24:31.198,25.0,No,2019-06-23,2019,,,,,,,,,,,,,,,,,,,,,,,,,,,,,,,,,,,,,,
France,2,77,Valtteri Bottas,Mercedes,2.0,53,+18.056,18.0,No,2019-06-23,2019,,,,,,,,,,,,,,,,,,,,,,,,,,,,,,,,,,,,,,
France,3,16,Charles Leclerc,Ferrari,3.0,53,+18.985,15.0,No,2019-06-23,2019,,,,,,,,,,,,,,,,,,,,,,,,,,,,,,,,,,,,,,
France,4,33,Max Verstappen,Red Bull Racing Honda,4.0,53,+34.905,12.0,No,2019-06-23,2019,,,,,,,,,,,,,,,,,,,,,,,,,,,,,,,,,,,,,,
France,5,5,Sebastian Vettel,Ferrari,7.0,53,+62.796,11.0,Yes,2019-06-23,2019,,,,,,,,,,,,,,,,,,,,,,,,,,,,,,,,,,,,,,
France,6,55,Carlos Sainz,McLaren Renault,6.0,53,+95.462,8.0,No,2019-06-23,2019,,,,,,,,,,,,,,,,,,,,,,,,,,,,,,,,,,,,,,
France,7,7,Kimi Raikkönen,Alfa Romeo Racing Ferrari,12.0,52,+1 lap,6.0,No,2019-06-23,2019,,,,,,,,,,,,,,,,,,,,,,,,,,,,,,,,,,,,,,
France,8,27,Nico Hulkenberg,Renault,13.0,52,+1 lap,4.0,No,2019-06-23,2019,,,,,,,,,,,,,,,,,,,,,,,,,,,,,,,,,,,,,,
France,9,4,Lando Norris,McLaren Renault,5.0,52,+1 lap,2.0,No,2019-06-23,2019,,,,,,,,,,,,,,,,,,,,,,,,,,,,,,,,,,,,,,
France,10,10,Pierre Gasly,Red Bull Racing Honda,9.0,52,+1 lap,1.0,No,2019-06-23,2019,,,,,,,,,,,,,,,,,,,,,,,,,,,,,,,,,,,,,,
France,11,3,Daniel Ricciardo,Renault,8.0,52,+1 lap,0.0,No,2019-06-23,2019,,,,,,,,,,,,,,,,,,,,,,,,,,,,,,,,,,,,,,
France,12,11,Sergio Perez,Racing Point BWT Mercedes,14.0,52,+1 lap,0.0,No,2019-06-23,2019,,,,,,,,,,,,,,,,,,,,,,,,,,,,,,,,,,,,,,
France,13,18,Lance Stroll,Racing Point BWT Mercedes,17.0,52,+1 lap,0.0,No,2019-06-23,2019,,,,,,,,,,,,,,,,,,,,,,,,,,,,,,,,,,,,,,
France,14,26,Daniil Kvyat,Scuderia Toro Rosso Honda,19.0,52,+1 lap,0.0,No,2019-06-23,2019,,,,,,,,,,,,,,,,,,,,,,,,,,,,,,,,,,,,,,
France,15,23,Alexander Albon,Scuderia Toro Rosso Honda,11.0,52,+1 lap,0.0,No,2019-06-23,2019,,,,,,,,,,,,,,,,,,,,,,,,,,,,,,,,,,,,,,
France,16,99,Antonio Giovinazzi,Alfa Romeo Racing Ferrari,10.0,52,+1 lap,0.0,No,2019-06-23,2019,,,,,,,,,,,,,,,,,,,,,,,,,,,,,,,,,,,,,,
France,17,20,Kevin Magnussen,Haas Ferrari,15.0,52,+1 lap,0.0,No,2019-06-23,2019,,,,,,,,,,,,,,,,,,,,,,,,,,,,,,,,,,,,,,
France,18,88,Robert Kubica,Williams Mercedes,18.0,51,+2 laps,0.0,No,2019-06-23,2019,,,,,,,,,,,,,,,,,,,,,,,,,,,,,,,,,,,,,,
France,19,63,George Russell,Williams Mercedes,20.0,51,+2 laps,0.0,No,2019-06-23,2019,,,,,,,,,,,,,,,,,,,,,,,,,,,,,,,,,,,,,,
France,NC,8,Romain Grosjean,Haas Ferrari,16.0,44,DNF,0.0,No,2019-06-23,2019,,,,,,,,,,,,,,,,,,,,,,,,,,,,,,,,,,,,,,
Austria,1,33,Max Verstappen,Red Bull Racing Honda,2.0,71,1:22:01.822,26.0,Yes,2019-06-30,2019,,,,,30.0,15.0,8.0,15.0,30.0,23.0,0.0,68.0,10.0,1021.0,0.0,29.0,17.0,15.0,113.0,113.0,113.0,0.0,6.0,14.5,météo idéale,,,,,,,,,,,,,knittelfeld
Austria,2,16,Charles Leclerc,Ferrari,1.0,71,+2.724,18.0,No,2019-06-30,2019,,,,,30.0,15.0,8.0,15.0,30.0,23.0,0.0,68.0,10.0,1021.0,0.0,29.0,17.0,15.0,113.0,113.0,113.0,0.0,6.0,14.5,météo idéale,,,,,,,,,,,,,knittelfeld
Austria,3,77,Valtteri Bottas,Mercedes,3.0,71,+18.960,15.0,No,2019-06-30,2019,,,,,30.0,15.0,8.0,15.0,30.0,23.0,0.0,68.0,10.0,1021.0,0.0,29.0,17.0,15.0,113.0,113.0,113.0,0.0,6.0,14.5,météo idéale,,,,,,,,,,,,,knittelfeld
Austria,4,5,Sebastian Vettel,Ferrari,9.0,71,+19.610,12.0,No,2019-06-30,2019,,,,,30.0,15.0,8.0,15.0,30.0,23.0,0.0,68.0,10.0,1021.0,0.0,29.0,17.0,15.0,113.0,113.0,113.0,0.0,6.0,14.5,météo idéale,,,,,,,,,,,,,knittelfeld
Austria,5,44,Lewis Hamilton,Mercedes,4.0,71,+22.805,10.0,No,2019-06-30,2019,,,,,30.0,15.0,8.0,15.0,30.0,23.0,0.0,68.0,10.0,1021.0,0.0,29.0,17.0,15.0,113.0,113.0,113.0,0.0,6.0,14.5,météo idéale,,,,,,,,,,,,,knittelfeld
Austria,6,4,Lando Norris,McLaren Renault,5.0,70,+1 lap,8.0,No,2019-06-30,2019,,,,,30.0,15.0,8.0,15.0,30.0,23.0,0.0,68.0,10.0,1021.0,0.0,29.0,17.0,15.0,113.0,113.0,113.0,0.0,6.0,14.5,météo idéale,,,,,,,,,,,,,knittelfeld
Austria,7,10,Pierre Gasly,Red Bull Racing Honda,8.0,70,+1 lap,6.0,No,2019-06-30,2019,,,,,30.0,15.0,8.0,15.0,30.0,23.0,0.0,68.0,10.0,1021.0,0.0,29.0,17.0,15.0,113.0,113.0,113.0,0.0,6.0,14.5,météo idéale,,,,,,,,,,,,,knittelfeld
Austria,8,55,Carlos Sainz,McLaren Renault,19.0,70,+1 lap,4.0,No,2019-06-30,2019,,,,,30.0,15.0,8.0,15.0,30.0,23.0,0.0,68.0,10.0,1021.0,0.0,29.0,17.0,15.0,113.0,113.0,113.0,0.0,6.0,14.5,météo idéale,,,,,,,,,,,,,knittelfeld
Austria,9,7,Kimi Raikkönen,Alfa Romeo Racing Ferrari,6.0,70,+1 lap,2.0,No,2019-06-30,2019,,,,,30.0,15.0,8.0,15.0,30.0,23.0,0.0,68.0,10.0,1021.0,0.0,29.0,17.0,15.0,113.0,113.0,113.0,0.0,6.0,14.5,météo idéale,,,,,,,,,,,,,knittelfeld
Austria,10,99,Antonio Giovinazzi,Alfa Romeo Racing Ferrari,7.0,70,+1 lap,1.0,No,2019-06-30,2019,,,,,30.0,15.0,8.0,15.0,30.0,23.0,0.0,68.0,10.0,1021.0,0.0,29.0,17.0,15.0,113.0,113.0,113.0,0.0,6.0,14.5,météo idéale,,,,,,,,,,,,,knittelfeld
Austria,11,11,Sergio Perez,Racing Point BWT Mercedes,13.0,70,+1 lap,0.0,No,2019-06-30,2019,,,,,30.0,15.0,8.0,15.0,30.0,23.0,0.0,68.0,10.0,1021.0,0.0,29.0,17.0,15.0,113.0,113.0,113.0,0.0,6.0,14.5,météo idéale,,,,,,,,,,,,,knittelfeld
Austria,12,3,Daniel Ricciardo,Renault,12.0,70,+1 lap,0.0,No,2019-06-30,2019,,,,,30.0,15.0,8.0,15.0,30.0,23.0,0.0,68.0,10.0,1021.0,0.0,29.0,17.0,15.0,113.0,113.0,113.0,0.0,6.0,14.5,météo idéale,,,,,,,,,,,,,knittelfeld
Austria,13,27,Nico Hulkenberg,Renault,15.0,70,+1 lap,0.0,No,2019-06-30,2019,,,,,30.0,15.0,8.0,15.0,30.0,23.0,0.0,68.0,10.0,1021.0,0.0,29.0,17.0,15.0,113.0,113.0,113.0,0.0,6.0,14.5,météo idéale,,,,,,,,,,,,,knittelfeld
Austria,14,18,Lance Stroll,Racing Point BWT Mercedes,14.0,70,+1 lap,0.0,No,2019-06-30,2019,,,,,30.0,15.0,8.0,15.0,30.0,23.0,0.0,68.0,10.0,1021.0,0.0,29.0,17.0,15.0,113.0,113.0,113.0,0.0,6.0,14.5,météo idéale,,,,,,,,,,,,,knittelfeld
Austria,15,23,Alexander Albon,Scuderia Toro Rosso Honda,18.0,70,+1 lap,0.0,No,2019-06-30,2019,,,,,30.0,15.0,8.0,15.0,30.0,23.0,0.0,68.0,10.0,1021.0,0.0,29.0,17.0,15.0,113.0,113.0,113.0,0.0,6.0,14.5,météo idéale,,,,,,,,,,,,,knittelfeld
Austria,16,8,Romain Grosjean,Haas Ferrari,11.0,70,+1 lap,0.0,No,2019-06-30,2019,,,,,30.0,15.0,8.0,15.0,30.0,23.0,0.0,68.0,10.0,1021.0,0.0,29.0,17.0,15.0,113.0,113.0,113.0,0.0,6.0,14.5,météo idéale,,,,,,,,,,,,,knittelfeld
Austria,17,26,Daniil Kvyat,Scuderia Toro Rosso Honda,16.0,70,+1 lap,0.0,No,2019-06-30,2019,,,,,30.0,15.0,8.0,15.0,30.0,23.0,0.0,68.0,10.0,1021.0,0.0,29.0,17.0,15.0,113.0,113.0,113.0,0.0,6.0,14.5,météo idéale,,,,,,,,,,,,,knittelfeld
Austria,18,63,George Russell,Williams Mercedes,20.0,69,+2 laps,0.0,No,2019-06-30,2019,,,,,30.0,15.0,8.0,15.0,30.0,23.0,0.0,68.0,10.0,1021.0,0.0,29.0,17.0,15.0,113.0,113.0,113.0,0.0,6.0,14.5,météo idéale,,,,,,,,,,,,,knittelfeld
Austria,19,20,Kevin Magnussen,Haas Ferrari,10.0,69,+2 laps,0.0,No,2019-06-30,2019,,,,,30.0,15.0,8.0,15.0,30.0,23.0,0.0,68.0,10.0,1021.0,0.0,29.0,17.0,15.0,113.0,113.0,113.0,0.0,6.0,14.5,météo idéale,,,,,,,,,,,,,knittelfeld
Austria,20,88,Robert Kubica,Williams Mercedes,17.0,68,+3 laps,0.0,No,2019-06-30,2019,,,,,30.0,15.0,8.0,15.0,30.0,23.0,0.0,68.0,10.0,1021.0,0.0,29.0,17.0,15.0,113.0,113.0,113.0,0.0,6.0,14.5,météo idéale,,,,,,,,,,,,,knittelfeld
Great Britain,1,44,Lewis Hamilton,Mercedes,2.0,52,1:21:08.452,26.0,Yes,2019-07-14,2019,,,,,19.0,13.0,15.0,13.0,19.0,17.0,1.4,95.0,6.75,1024.0,63.625,19.0,14.0,12.0,266.0,119.0,176.0,0.0,4.0,12.0,météo correcte,,,,,,,,,,,,,northampton
Great Britain,2,77,Valtteri Bottas,Mercedes,1.0,52,+24.928,18.0,No,2019-07-14,2019,,,,,19.0,13.0,15.0,13.0,19.0,17.0,1.4,95.0,6.75,1024.0,63.625,19.0,14.0,12.0,266.0,119.0,176.0,0.0,4.0,12.0,météo correcte,,,,,,,,,,,,,northampton
Great Britain,3,16,Charles Leclerc,Ferrari,3.0,52,+30.117,15.0,No,2019-07-14,2019,,,,,19.0,13.0,15.0,13.0,19.0,17.0,1.4,95.0,6.75,1024.0,63.625,19.0,14.0,12.0,266.0,119.0,176.0,0.0,4.0,12.0,météo correcte,,,,,,,,,,,,,northampton
Great Britain,4,10,Pierre Gasly,Red Bull Racing Honda,5.0,52,+34.692,12.0,No,2019-07-14,2019,,,,,19.0,13.0,15.0,13.0,19.0,17.0,1.4,95.0,6.75,1024.0,63.625,19.0,14.0,12.0,266.0,119.0,176.0,0.0,4.0,12.0,météo correcte,,,,,,,,,,,,,northampton
Great Britain,5,33,Max Verstappen,Red Bull Racing Honda,4.0,52,+39.458,10.0,No,2019-07-14,2019,,,,,19.0,13.0,15.0,13.0,19.0,17.0,1.4,95.0,6.75,1024.0,63.625,19.0,14.0,12.0,266.0,119.0,176.0,0.0,4.0,12.0,météo correcte,,,,,,,,,,,,,northampton
Great Britain,6,55,Carlos Sainz,McLaren Renault,13.0,52,+53.639,8.0,No,2019-07-14,2019,,,,,19.0,13.0,15.0,13.0,19.0,17.0,1.4,95.0,6.75,1024.0,63.625,19.0,14.0,12.0,266.0,119.0,176.0,0.0,4.0,12.0,météo correcte,,,,,,,,,,,,,northampton
Great Britain,7,3,Daniel Ricciardo,Renault,7.0,52,+54.401,6.0,No,2019-07-14,2019,,,,,19.0,13.0,15.0,13.0,19.0,17.0,1.4,95.0,6.75,1024.0,63.625,19.0,14.0,12.0,266.0,119.0,176.0,0.0,4.0,12.0,météo correcte,,,,,,,,,,,,,northampton
Great Britain,8,7,Kimi Raikkönen,Alfa Romeo Racing Ferrari,12.0,52,+65.540,4.0,No,2019-07-14,2019,,,,,19.0,13.0,15.0,13.0,19.0,17.0,1.4,95.0,6.75,1024.0,63.625,19.0,14.0,12.0,266.0,119.0,176.0,0.0,4.0,12.0,météo correcte,,,,,,,,,,,,,northampton
Great Britain,9,26,Daniil Kvyat,Scuderia Toro Rosso Honda,17.0,52,+66.720,2.0,No,2019-07-14,2019,,,,,19.0,13.0,15.0,13.0,19.0,17.0,1.4,95.0,6.75,1024.0,63.625,19.0,14.0,12.0,266.0,119.0,176.0,0.0,4.0,12.0,météo correcte,,,,,,,,,,,,,northampton
Great Britain,10,27,Nico Hulkenberg,Renault,10.0,52,+72.733,1.0,No,2019-07-14,2019,,,,,19.0,13.0,15.0,13.0,19.0,17.0,1.4,95.0,6.75,1024.0,63.625,19.0,14.0,12.0,266.0,119.0,176.0,0.0,4.0,12.0,météo correcte,,,,,,,,,,,,,northampton
Great Britain,11,4,Lando Norris,McLaren Renault,8.0,52,+74.281,0.0,No,2019-07-14,2019,,,,,19.0,13.0,15.0,13.0,19.0,17.0,1.4,95.0,6.75,1024.0,63.625,19.0,14.0,12.0,266.0,119.0,176.0,0.0,4.0,12.0,météo correcte,,,,,,,,,,,,,northampton
Great Britain,12,23,Alexander Albon,Scuderia Toro Rosso Honda,9.0,52,+75.617,0.0,No,2019-07-14,2019,,,,,19.0,13.0,15.0,13.0,19.0,17.0,1.4,95.0,6.75,1024.0,63.625,19.0,14.0,12.0,266.0,119.0,176.0,0.0,4.0,12.0,météo correcte,,,,,,,,,,,,,northampton
Great Britain,13,18,Lance Stroll,Racing Point BWT Mercedes,18.0,52,+81.086,0.0,No,2019-07-14,2019,,,,,19.0,13.0,15.0,13.0,19.0,17.0,1.4,95.0,6.75,1024.0,63.625,19.0,14.0,12.0,266.0,119.0,176.0,0.0,4.0,12.0,météo correcte,,,,,,,,,,,,,northampton
Great Britain,14,63,George Russell,Williams Mercedes,19.0,51,+1 lap,0.0,No,2019-07-14,2019,,,,,19.0,13.0,15.0,13.0,19.0,17.0,1.4,95.0,6.75,1024.0,63.625,19.0,14.0,12.0,266.0,119.0,176.0,0.0,4.0,12.0,météo correcte,,,,,,,,,,,,,northampton
Great Britain,15,88,Robert Kubica,Williams Mercedes,20.0,51,+1 lap,0.0,No,2019-07-14,2019,,,,,19.0,13.0,15.0,13.0,19.0,17.0,1.4,95.0,6.75,1024.0,63.625,19.0,14.0,12.0,266.0,119.0,176.0,0.0,4.0,12.0,météo correcte,,,,,,,,,,,,,northampton
Great Britain,16,5,Sebastian Vettel,Ferrari,6.0,51,+1 lap,0.0,No,2019-07-14,2019,,,,,19.0,13.0,15.0,13.0,19.0,17.0,1.4,95.0,6.75,1024.0,63.625,19.0,14.0,12.0,266.0,119.0,176.0,0.0,4.0,12.0,météo correcte,,,,,,,,,,,,,northampton
Great Britain,17,11,Sergio Perez,Racing Point BWT Mercedes,15.0,51,+1 lap,0.0,No,2019-07-14,2019,,,,,19.0,13.0,15.0,13.0,19.0,17.0,1.4,95.0,6.75,1024.0,63.625,19.0,14.0,12.0,266.0,119.0,176.0,0.0,4.0,12.0,météo correcte,,,,,,,,,,,,,northampton
Great Britain,NC,99,Antonio Giovinazzi,Alfa Romeo Racing Ferrari,11.0,18,DNF,0.0,No,2019-07-14,2019,,,,,19.0,13.0,15.0,13.0,19.0,17.0,1.4,95.0,6.75,1024.0,63.625,19.0,14.0,12.0,266.0,119.0,176.0,0.0,4.0,12.0,météo correcte,,,,,,,,,,,,,northampton
Great Britain,NC,8,Romain Grosjean,Haas Ferrari,14.0,9,DNF,0.0,No,2019-07-14,2019,,,,,19.0,13.0,15.0,13.0,19.0,17.0,1.4,95.0,6.75,1024.0,63.625,19.0,14.0,12.0,266.0,119.0,176.0,0.0,4.0,12.0,météo correcte,,,,,,,,,,,,,northampton
Great Britain,NC,20,Kevin Magnussen,Haas Ferrari,16.0,6,DNF,0.0,No,2019-07-14,2019,,,,,19.0,13.0,15.0,13.0,19.0,17.0,1.4,95.0,6.75,1024.0,63.625,19.0,14.0,12.0,266.0,119.0,176.0,0.0,4.0,12.0,météo correcte,,,,,,,,,,,,,northampton
Germany,1,33,Max Verstappen,Red Bull Racing Honda,2.0,64,1:44:31.275,26.0,Yes,2019-07-28,2019,,,,,19.0,18.0,13.0,18.0,19.0,17.0,3.6,96.0,6.75,1011.0,83.0,19.0,17.0,18.0,143.0,296.0,119.0,0.0,4.0,9.7,météo défavorable,,,,,,,,,,,,,
Germany,2,5,Sebastian Vettel,Ferrari,20.0,64,+7.333,18.0,No,2019-07-28,2019,,,,,19.0,18.0,13.0,18.0,19.0,17.0,3.6,96.0,6.75,1011.0,83.0,19.0,17.0,18.0,143.0,296.0,119.0,0.0,4.0,9.7,météo défavorable,,,,,,,,,,,,,
Germany,3,26,Daniil Kvyat,Scuderia Toro Rosso Honda,14.0,64,+8.305,15.0,No,2019-07-28,2019,,,,,19.0,18.0,13.0,18.0,19.0,17.0,3.6,96.0,6.75,1011.0,83.0,19.0,17.0,18.0,143.0,296.0,119.0,0.0,4.0,9.7,météo défavorable,,,,,,,,,,,,,
Germany,4,18,Lance Stroll,Racing Point BWT Mercedes,15.0,64,+8.966,12.0,No,2019-07-28,2019,,,,,19.0,18.0,13.0,18.0,19.0,17.0,3.6,96.0,6.75,1011.0,83.0,19.0,17.0,18.0,143.0,296.0,119.0,0.0,4.0,9.7,météo défavorable,,,,,,,,,,,,,
Germany,5,55,Carlos Sainz,McLaren Renault,7.0,64,+9.583,10.0,No,2019-07-28,2019,,,,,19.0,18.0,13.0,18.0,19.0,17.0,3.6,96.0,6.75,1011.0,83.0,19.0,17.0,18.0,143.0,296.0,119.0,0.0,4.0,9.7,météo défavorable,,,,,,,,,,,,,
Germany,6,23,Alexander Albon,Scuderia Toro Rosso Honda,16.0,64,+10.052,8.0,No,2019-07-28,2019,,,,,19.0,18.0,13.0,18.0,19.0,17.0,3.6,96.0,6.75,1011.0,83.0,19.0,17.0,18.0,143.0,296.0,119.0,0.0,4.0,9.7,météo défavorable,,,,,,,,,,,,,
Germany,7,8,Romain Grosjean,Haas Ferrari,6.0,64,+16.838,6.0,No,2019-07-28,2019,,,,,19.0,18.0,13.0,18.0,19.0,17.0,3.6,96.0,6.75,1011.0,83.0,19.0,17.0,18.0,143.0,296.0,119.0,0.0,4.0,9.7,météo défavorable,,,,,,,,,,,,,
Germany,8,20,Kevin Magnussen,Haas Ferrari,12.0,64,+18.765,4.0,No,2019-07-28,2019,,,,,19.0,18.0,13.0,18.0,19.0,17.0,3.6,96.0,6.75,1011.0,83.0,19.0,17.0,18.0,143.0,296.0,119.0,0.0,4.0,9.7,météo défavorable,,,,,,,,,,,,,
Germany,9,44,Lewis Hamilton,Mercedes,1.0,64,+19.667,2.0,No,2019-07-28,2019,,,,,19.0,18.0,13.0,18.0,19.0,17.0,3.6,96.0,6.75,1011.0,83.0,19.0,17.0,18.0,143.0,296.0,119.0,0.0,4.0,9.7,météo défavorable,,,,,,,,,,,,,
Germany,10,88,Robert Kubica,Williams Mercedes,18.0,64,+24.987,1.0,No,2019-07-28,2019,,,,,19.0,18.0,13.0,18.0,19.0,17.0,3.6,96.0,6.75,1011.0,83.0,19.0,17.0,18.0,143.0,296.0,119.0,0.0,4.0,9.7,météo défavorable,,,,,,,,,,,,,
Germany,11,63,George Russell,Williams Mercedes,17.0,64,+26.404,0.0,No,2019-07-28,2019,,,,,19.0,18.0,13.0,18.0,19.0,17.0,3.6,96.0,6.75,1011.0,83.0,19.0,17.0,18.0,143.0,296.0,119.0,0.0,4.0,9.7,météo défavorable,,,,,,,,,,,,,
Germany,12,7,Kimi Raikkönen,Alfa Romeo Racing Ferrari,5.0,64,+42.214,0.0,No,2019-07-28,2019,,,,,19.0,18.0,13.0,18.0,19.0,17.0,3.6,96.0,6.75,1011.0,83.0,19.0,17.0,18.0,143.0,296.0,119.0,0.0,4.0,9.7,météo défavorable,,,,,,,,,,,,,
Germany,13,99,Antonio Giovinazzi,Alfa Romeo Racing Ferrari,11.0,64,+43.849,0.0,No,2019-07-28,2019,,,,,19.0,18.0,13.0,18.0,19.0,17.0,3.6,96.0,6.75,1011.0,83.0,19.0,17.0,18.0,143.0,296.0,119.0,0.0,4.0,9.7,météo défavorable,,,,,,,,,,,,,
Germany,14,10,Pierre Gasly,Red Bull Racing Honda,4.0,61,DNF,0.0,No,2019-07-28,2019,,,,,19.0,18.0,13.0,18.0,19.0,17.0,3.6,96.0,6.75,1011.0,83.0,19.0,17.0,18.0,143.0,296.0,119.0,0.0,4.0,9.7,météo défavorable,,,,,,,,,,,,,
Germany,NC,77,Valtteri Bottas,Mercedes,3.0,56,DNF,0.0,No,2019-07-28,2019,,,,,19.0,18.0,13.0,18.0,19.0,17.0,3.6,96.0,6.75,1011.0,83.0,19.0,17.0,18.0,143.0,296.0,119.0,0.0,4.0,9.7,météo défavorable,,,,,,,,,,,,,
Germany,NC,27,Nico Hulkenberg,Renault,9.0,39,DNF,0.0,No,2019-07-28,2019,,,,,19.0,18.0,13.0,18.0,19.0,17.0,3.6,96.0,6.75,1011.0,83.0,19.0,17.0,18.0,143.0,296.0,119.0,0.0,4.0,9.7,météo défavorable,,,,,,,,,,,,,
Germany,NC,16,Charles Leclerc,Ferrari,10.0,27,DNF,0.0,No,2019-07-28,2019,,,,,19.0,18.0,13.0,18.0,19.0,17.0,3.6,96.0,6.75,1011.0,83.0,19.0,17.0,18.0,143.0,296.0,119.0,0.0,4.0,9.7,météo défavorable,,,,,,,,,,,,,
Germany,NC,4,Lando Norris,McLaren Renault,19.0,25,DNF,0.0,No,2019-07-28,2019,,,,,19.0,18.0,13.0,18.0,19.0,17.0,3.6,96.0,6.75,1011.0,83.0,19.0,17.0,18.0,143.0,296.0,119.0,0.0,4.0,9.7,météo défavorable,,,,,,,,,,,,,
Germany,NC,3,Daniel Ricciardo,Renault,13.0,13,DNF,0.0,No,2019-07-28,2019,,,,,19.0,18.0,13.0,18.0,19.0,17.0,3.6,96.0,6.75,1011.0,83.0,19.0,17.0,18.0,143.0,296.0,119.0,0.0,4.0,9.7,météo défavorable,,,,,,,,,,,,,
Germany,NC,11,Sergio Perez,Racing Point BWT Mercedes,8.0,1,DNF,0.0,No,2019-07-28,2019,,,,,19.0,18.0,13.0,18.0,19.0,17.0,3.6,96.0,6.75,1011.0,83.0,19.0,17.0,18.0,143.0,296.0,119.0,0.0,4.0,9.7,météo défavorable,,,,,,,,,,,,,
Hungary,1,44,Lewis Hamilton,Mercedes,3.0,70,1:35:03.796,25.0,No,2019-08-04,2019,,,,,26.0,19.0,10.0,19.0,26.0,23.0,0.3,65.0,9.875,1016.0,11.75,26.0,12.0,19.0,113.0,176.0,113.0,0.0,6.0,14.5,météo favorable,,,,,,,,,,,,,budapest
Hungary,2,33,Max Verstappen,Red Bull Racing Honda,1.0,70,+17.796,19.0,Yes,2019-08-04,2019,,,,,26.0,19.0,10.0,19.0,26.0,23.0,0.3,65.0,9.875,1016.0,11.75,26.0,12.0,19.0,113.0,176.0,113.0,0.0,6.0,14.5,météo favorable,,,,,,,,,,,,,budapest
Hungary,3,5,Sebastian Vettel,Ferrari,5.0,70,+61.433,15.0,No,2019-08-04,2019,,,,,26.0,19.0,10.0,19.0,26.0,23.0,0.3,65.0,9.875,1016.0,11.75,26.0,12.0,19.0,113.0,176.0,113.0,0.0,6.0,14.5,météo favorable,,,,,,,,,,,,,budapest
Hungary,4,16,Charles Leclerc,Ferrari,4.0,70,+65.250,12.0,No,2019-08-04,2019,,,,,26.0,19.0,10.0,19.0,26.0,23.0,0.3,65.0,9.875,1016.0,11.75,26.0,12.0,19.0,113.0,176.0,113.0,0.0,6.0,14.5,météo favorable,,,,,,,,,,,,,budapest
Hungary,5,55,Carlos Sainz,McLaren Renault,8.0,69,+1 lap,10.0,No,2019-08-04,2019,,,,,26.0,19.0,10.0,19.0,26.0,23.0,0.3,65.0,9.875,1016.0,11.75,26.0,12.0,19.0,113.0,176.0,113.0,0.0,6.0,14.5,météo favorable,,,,,,,,,,,,,budapest
Hungary,6,10,Pierre Gasly,Red Bull Racing Honda,6.0,69,+1 lap,8.0,No,2019-08-04,2019,,,,,26.0,19.0,10.0,19.0,26.0,23.0,0.3,65.0,9.875,1016.0,11.75,26.0,12.0,19.0,113.0,176.0,113.0,0.0,6.0,14.5,météo favorable,,,,,,,,,,,,,budapest
Hungary,7,7,Kimi Raikkönen,Alfa Romeo Racing Ferrari,10.0,69,+1 lap,6.0,No,2019-08-04,2019,,,,,26.0,19.0,10.0,19.0,26.0,23.0,0.3,65.0,9.875,1016.0,11.75,26.0,12.0,19.0,113.0,176.0,113.0,0.0,6.0,14.5,météo favorable,,,,,,,,,,,,,budapest
Hungary,8,77,Valtteri Bottas,Mercedes,2.0,69,+1 lap,4.0,No,2019-08-04,2019,,,,,26.0,19.0,10.0,19.0,26.0,23.0,0.3,65.0,9.875,1016.0,11.75,26.0,12.0,19.0,113.0,176.0,113.0,0.0,6.0,14.5,météo favorable,,,,,,,,,,,,,budapest
Hungary,9,4,Lando Norris,McLaren Renault,7.0,69,+1 lap,2.0,No,2019-08-04,2019,,,,,26.0,19.0,10.0,19.0,26.0,23.0,0.3,65.0,9.875,1016.0,11.75,26.0,12.0,19.0,113.0,176.0,113.0,0.0,6.0,14.5,météo favorable,,,,,,,,,,,,,budapest
Hungary,10,23,Alexander Albon,Scuderia Toro Rosso Honda,12.0,69,+1 lap,1.0,No,2019-08-04,2019,,,,,26.0,19.0,10.0,19.0,26.0,23.0,0.3,65.0,9.875,1016.0,11.75,26.0,12.0,19.0,113.0,176.0,113.0,0.0,6.0,14.5,météo favorable,,,,,,,,,,,,,budapest
Hungary,11,11,Sergio Perez,Racing Point BWT Mercedes,16.0,69,+1 lap,0.0,No,2019-08-04,2019,,,,,26.0,19.0,10.0,19.0,26.0,23.0,0.3,65.0,9.875,1016.0,11.75,26.0,12.0,19.0,113.0,176.0,113.0,0.0,6.0,14.5,météo favorable,,,,,,,,,,,,,budapest
Hungary,12,27,Nico Hulkenberg,Renault,11.0,69,+1 lap,0.0,No,2019-08-04,2019,,,,,26.0,19.0,10.0,19.0,26.0,23.0,0.3,65.0,9.875,1016.0,11.75,26.0,12.0,19.0,113.0,176.0,113.0,0.0,6.0,14.5,météo favorable,,,,,,,,,,,,,budapest
Hungary,13,20,Kevin Magnussen,Haas Ferrari,14.0,69,+1 lap,0.0,No,2019-08-04,2019,,,,,26.0,19.0,10.0,19.0,26.0,23.0,0.3,65.0,9.875,1016.0,11.75,26.0,12.0,19.0,113.0,176.0,113.0,0.0,6.0,14.5,météo favorable,,,,,,,,,,,,,budapest
Hungary,14,3,Daniel Ricciardo,Renault,20.0,69,+1 lap,0.0,No,2019-08-04,2019,,,,,26.0,19.0,10.0,19.0,26.0,23.0,0.3,65.0,9.875,1016.0,11.75,26.0,12.0,19.0,113.0,176.0,113.0,0.0,6.0,14.5,météo favorable,,,,,,,,,,,,,budapest
Hungary,15,26,Daniil Kvyat,Scuderia Toro Rosso Honda,13.0,68,+2 laps,0.0,No,2019-08-04,2019,,,,,26.0,19.0,10.0,19.0,26.0,23.0,0.3,65.0,9.875,1016.0,11.75,26.0,12.0,19.0,113.0,176.0,113.0,0.0,6.0,14.5,météo favorable,,,,,,,,,,,,,budapest
Hungary,16,63,George Russell,Williams Mercedes,15.0,68,+2 laps,0.0,No,2019-08-04,2019,,,,,26.0,19.0,10.0,19.0,26.0,23.0,0.3,65.0,9.875,1016.0,11.75,26.0,12.0,19.0,113.0,176.0,113.0,0.0,6.0,14.5,météo favorable,,,,,,,,,,,,,budapest
Hungary,17,18,Lance Stroll,Racing Point BWT Mercedes,18.0,68,+2 laps,0.0,No,2019-08-04,2019,,,,,26.0,19.0,10.0,19.0,26.0,23.0,0.3,65.0,9.875,1016.0,11.75,26.0,12.0,19.0,113.0,176.0,113.0,0.0,6.0,14.5,météo favorable,,,,,,,,,,,,,budapest
Hungary,18,99,Antonio Giovinazzi,Alfa Romeo Racing Ferrari,17.0,68,+2 laps,0.0,No,2019-08-04,2019,,,,,26.0,19.0,10.0,19.0,26.0,23.0,0.3,65.0,9.875,1016.0,11.75,26.0,12.0,19.0,113.0,176.0,113.0,0.0,6.0,14.5,météo favorable,,,,,,,,,,,,,budapest
Hungary,19,88,Robert Kubica,Williams Mercedes,19.0,67,+3 laps,0.0,No,2019-08-04,2019,,,,,26.0,19.0,10.0,19.0,26.0,23.0,0.3,65.0,9.875,1016.0,11.75,26.0,12.0,19.0,113.0,176.0,113.0,0.0,6.0,14.5,météo favorable,,,,,,,,,,,,,budapest
Hungary,NC,8,Romain Grosjean,Haas Ferrari,9.0,49,DNF,0.0,No,2019-08-04,2019,,,,,26.0,19.0,10.0,19.0,26.0,23.0,0.3,65.0,9.875,1016.0,11.75,26.0,12.0,19.0,113.0,176.0,113.0,0.0,6.0,14.5,météo favorable,,,,,,,,,,,,,budapest
Belgium,1,16,Charles Leclerc,Ferrari,1.0,44,1:23:45.710,25.0,No,2019-09-01,2019,,,,,19.0,14.0,13.0,14.0,18.0,15.0,0.8,93.0,8.5,1020.0,56.5,19.0,12.0,13.0,119.0,176.0,116.0,0.0,4.0,12.1,météo correcte,,,,,,,,,,,,,durbuy
Belgium,2,44,Lewis Hamilton,Mercedes,3.0,44,+0.981,18.0,No,2019-09-01,2019,,,,,19.0,14.0,13.0,14.0,18.0,15.0,0.8,93.0,8.5,1020.0,56.5,19.0,12.0,13.0,119.0,176.0,116.0,0.0,4.0,12.1,météo correcte,,,,,,,,,,,,,durbuy
Belgium,3,77,Valtteri Bottas,Mercedes,4.0,44,+12.585,15.0,No,2019-09-01,2019,,,,,19.0,14.0,13.0,14.0,18.0,15.0,0.8,93.0,8.5,1020.0,56.5,19.0,12.0,13.0,119.0,176.0,116.0,0.0,4.0,12.1,météo correcte,,,,,,,,,,,,,durbuy
Belgium,4,5,Sebastian Vettel,Ferrari,2.0,44,+26.422,13.0,Yes,2019-09-01,2019,,,,,19.0,14.0,13.0,14.0,18.0,15.0,0.8,93.0,8.5,1020.0,56.5,19.0,12.0,13.0,119.0,176.0,116.0,0.0,4.0,12.1,météo correcte,,,,,,,,,,,,,durbuy
Belgium,5,23,Alexander Albon,Red Bull Racing Honda,17.0,44,+81.325,10.0,No,2019-09-01,2019,,,,,19.0,14.0,13.0,14.0,18.0,15.0,0.8,93.0,8.5,1020.0,56.5,19.0,12.0,13.0,119.0,176.0,116.0,0.0,4.0,12.1,météo correcte,,,,,,,,,,,,,durbuy
Belgium,6,11,Sergio Perez,Racing Point BWT Mercedes,7.0,44,+84.448,8.0,No,2019-09-01,2019,,,,,19.0,14.0,13.0,14.0,18.0,15.0,0.8,93.0,8.5,1020.0,56.5,19.0,12.0,13.0,119.0,176.0,116.0,0.0,4.0,12.1,météo correcte,,,,,,,,,,,,,durbuy
Belgium,7,26,Daniil Kvyat,Scuderia Toro Rosso Honda,19.0,44,+89.657,6.0,No,2019-09-01,2019,,,,,19.0,14.0,13.0,14.0,18.0,15.0,0.8,93.0,8.5,1020.0,56.5,19.0,12.0,13.0,119.0,176.0,116.0,0.0,4.0,12.1,météo correcte,,,,,,,,,,,,,durbuy
Belgium,8,27,Nico Hulkenberg,Renault,12.0,44,+106.639,4.0,No,2019-09-01,2019,,,,,19.0,14.0,13.0,14.0,18.0,15.0,0.8,93.0,8.5,1020.0,56.5,19.0,12.0,13.0,119.0,176.0,116.0,0.0,4.0,12.1,météo correcte,,,,,,,,,,,,,durbuy
Belgium,9,10,Pierre Gasly,Scuderia Toro Rosso Honda,13.0,44,+109.168,2.0,No,2019-09-01,2019,,,,,19.0,14.0,13.0,14.0,18.0,15.0,0.8,93.0,8.5,1020.0,56.5,19.0,12.0,13.0,119.0,176.0,116.0,0.0,4.0,12.1,météo correcte,,,,,,,,,,,,,durbuy
Belgium,10,18,Lance Stroll,Racing Point BWT Mercedes,16.0,44,+109.838,1.0,No,2019-09-01,2019,,,,,19.0,14.0,13.0,14.0,18.0,15.0,0.8,93.0,8.5,1020.0,56.5,19.0,12.0,13.0,119.0,176.0,116.0,0.0,4.0,12.1,météo correcte,,,,,,,,,,,,,durbuy
Belgium,11,4,Lando Norris,McLaren Renault,11.0,43,DNF,0.0,No,2019-09-01,2019,,,,,19.0,14.0,13.0,14.0,18.0,15.0,0.8,93.0,8.5,1020.0,56.5,19.0,12.0,13.0,119.0,176.0,116.0,0.0,4.0,12.1,météo correcte,,,,,,,,,,,,,durbuy
Belgium,12,20,Kevin Magnussen,Haas Ferrari,8.0,43,+1 lap,0.0,No,2019-09-01,2019,,,,,19.0,14.0,13.0,14.0,18.0,15.0,0.8,93.0,8.5,1020.0,56.5,19.0,12.0,13.0,119.0,176.0,116.0,0.0,4.0,12.1,météo correcte,,,,,,,,,,,,,durbuy
Belgium,13,8,Romain Grosjean,Haas Ferrari,9.0,43,+1 lap,0.0,No,2019-09-01,2019,,,,,19.0,14.0,13.0,14.0,18.0,15.0,0.8,93.0,8.5,1020.0,56.5,19.0,12.0,13.0,119.0,176.0,116.0,0.0,4.0,12.1,météo correcte,,,,,,,,,,,,,durbuy
Belgium,14,3,Daniel Ricciardo,Renault,10.0,43,+1 lap,0.0,No,2019-09-01,2019,,,,,19.0,14.0,13.0,14.0,18.0,15.0,0.8,93.0,8.5,1020.0,56.5,19.0,12.0,13.0,119.0,176.0,116.0,0.0,4.0,12.1,météo correcte,,,,,,,,,,,,,durbuy
Belgium,15,63,George Russell,Williams Mercedes,14.0,43,+1 lap,0.0,No,2019-09-01,2019,,,,,19.0,14.0,13.0,14.0,18.0,15.0,0.8,93.0,8.5,1020.0,56.5,19.0,12.0,13.0,119.0,176.0,116.0,0.0,4.0,12.1,météo correcte,,,,,,,,,,,,,durbuy
Belgium,16,7,Kimi Raikkönen,Alfa Romeo Racing Ferrari,6.0,43,+1 lap,0.0,No,2019-09-01,2019,,,,,19.0,14.0,13.0,14.0,18.0,15.0,0.8,93.0,8.5,1020.0,56.5,19.0,12.0,13.0,119.0,176.0,116.0,0.0,4.0,12.1,météo correcte,,,,,,,,,,,,,durbuy
Belgium,17,88,Robert Kubica,Williams Mercedes,20.0,43,+1 lap,0.0,No,2019-09-01,2019,,,,,19.0,14.0,13.0,14.0,18.0,15.0,0.8,93.0,8.5,1020.0,56.5,19.0,12.0,13.0,119.0,176.0,116.0,0.0,4.0,12.1,météo correcte,,,,,,,,,,,,,durbuy
Belgium,18,99,Antonio Giovinazzi,Alfa Romeo Racing Ferrari,18.0,42,DNF,0.0,No,2019-09-01,2019,,,,,19.0,14.0,13.0,14.0,18.0,15.0,0.8,93.0,8.5,1020.0,56.5,19.0,12.0,13.0,119.0,176.0,116.0,0.0,4.0,12.1,météo correcte,,,,,,,,,,,,,durbuy
Belgium,NC,55,Carlos Sainz,McLaren Renault,15.0,1,DNF,0.0,No,2019-09-01,2019,,,,,19.0,14.0,13.0,14.0,18.0,15.0,0.8,93.0,8.5,1020.0,56.5,19.0,12.0,13.0,119.0,176.0,116.0,0.0,4.0,12.1,météo correcte,,,,,,,,,,,,,durbuy
Belgium,NC,33,Max Verstappen,Red Bull Racing Honda,5.0,0,DNF,0.0,No,2019-09-01,2019,,,,,19.0,14.0,13.0,14.0,18.0,15.0,0.8,93.0,8.5,1020.0,56.5,19.0,12.0,13.0,119.0,176.0,116.0,0.0,4.0,12.1,météo correcte,,,,,,,,,,,,,durbuy
Italy,1,16,Charles Leclerc,Ferrari,1.0,53,1:15:26.665,25.0,No,2019-09-08,2019,,,,,,,,,,,,,,,,,,,,,,,,,,,,,,,,,,,,,,
Italy,2,77,Valtteri Bottas,Mercedes,3.0,53,+0.835,18.0,No,2019-09-08,2019,,,,,,,,,,,,,,,,,,,,,,,,,,,,,,,,,,,,,,
Italy,3,44,Lewis Hamilton,Mercedes,2.0,53,+35.199,16.0,Yes,2019-09-08,2019,,,,,,,,,,,,,,,,,,,,,,,,,,,,,,,,,,,,,,
Italy,4,3,Daniel Ricciardo,Renault,5.0,53,+45.515,12.0,No,2019-09-08,2019,,,,,,,,,,,,,,,,,,,,,,,,,,,,,,,,,,,,,,
Italy,5,27,Nico Hulkenberg,Renault,6.0,53,+58.165,10.0,No,2019-09-08,2019,,,,,,,,,,,,,,,,,,,,,,,,,,,,,,,,,,,,,,
Italy,6,23,Alexander Albon,Red Bull Racing Honda,8.0,53,+59.315,8.0,No,2019-09-08,2019,,,,,,,,,,,,,,,,,,,,,,,,,,,,,,,,,,,,,,
Italy,7,11,Sergio Perez,Racing Point BWT Mercedes,18.0,53,+73.802,6.0,No,2019-09-08,2019,,,,,,,,,,,,,,,,,,,,,,,,,,,,,,,,,,,,,,
Italy,8,33,Max Verstappen,Red Bull Racing Honda,19.0,53,+74.492,4.0,No,2019-09-08,2019,,,,,,,,,,,,,,,,,,,,,,,,,,,,,,,,,,,,,,
Italy,9,99,Antonio Giovinazzi,Alfa Romeo Racing Ferrari,10.0,52,+1 lap,2.0,No,2019-09-08,2019,,,,,,,,,,,,,,,,,,,,,,,,,,,,,,,,,,,,,,
Italy,10,4,Lando Norris,McLaren Renault,16.0,52,+1 lap,1.0,No,2019-09-08,2019,,,,,,,,,,,,,,,,,,,,,,,,,,,,,,,,,,,,,,
Italy,11,10,Pierre Gasly,Scuderia Toro Rosso Honda,17.0,52,+1 lap,0.0,No,2019-09-08,2019,,,,,,,,,,,,,,,,,,,,,,,,,,,,,,,,,,,,,,
Italy,12,18,Lance Stroll,Racing Point BWT Mercedes,9.0,52,+1 lap,0.0,No,2019-09-08,2019,,,,,,,,,,,,,,,,,,,,,,,,,,,,,,,,,,,,,,
Italy,13,5,Sebastian Vettel,Ferrari,4.0,52,+1 lap,0.0,No,2019-09-08,2019,,,,,,,,,,,,,,,,,,,,,,,,,,,,,,,,,,,,,,
Italy,14,63,George Russell,Ferrari,14.0,52,+1 lap,0.0,No,2019-09-08,2019,,,,,,,,,,,,,,,,,,,,,,,,,,,,,,,,,,,,,,
Italy,15,7,Kimi Raikkönen,Alfa Romeo Racing Ferrari,20.0,52,+1 lap,0.0,No,2019-09-08,2019,,,,,,,,,,,,,,,,,,,,,,,,,,,,,,,,,,,,,,
Italy,16,8,Romain Grosjean,Haas Ferrari,13.0,52,+1 lap,0.0,No,2019-09-08,2019,,,,,,,,,,,,,,,,,,,,,,,,,,,,,,,,,,,,,,
Italy,17,88,Robert Kubica,Williams Mercedes,15.0,51,+2 laps,0.0,No,2019-09-08,2019,,,,,,,,,,,,,,,,,,,,,,,,,,,,,,,,,,,,,,
Italy,NC,20,Kevin Magnussen,Haas Ferrari,11.0,43,DNF,0.0,No,2019-09-08,2019,,,,,,,,,,,,,,,,,,,,,,,,,,,,,,,,,,,,,,
Italy,NC,26,Daniil Kvyat,Scuderia Toro Rosso Honda,12.0,29,DNF,0.0,No,2019-09-08,2019,,,,,,,,,,,,,,,,,,,,,,,,,,,,,,,,,,,,,,
Italy,NC,55,Carlos Sainz,McLaren Renault,7.0,27,DNF,0.0,No,2019-09-08,2019,,,,,,,,,,,,,,,,,,,,,,,,,,,,,,,,,,,,,,
Singapore,1,5,Sebastian Vettel,Ferrari,3.0,61,1:58:33.667,25.0,No,2019-09-22,2019,,,,,,,,,,,,,,,,,,,,,,,,,,,,,,,,,,,,,,
Singapore,2,16,Charles Leclerc,Ferrari,1.0,61,+2.641,18.0,No,2019-09-22,2019,,,,,,,,,,,,,,,,,,,,,,,,,,,,,,,,,,,,,,
Singapore,3,33,Max Verstappen,Red Bull Racing Honda,4.0,61,+3.821,15.0,No,2019-09-22,2019,,,,,,,,,,,,,,,,,,,,,,,,,,,,,,,,,,,,,,
Singapore,4,44,Lewis Hamilton,Mercedes,2.0,61,+4.608,12.0,No,2019-09-22,2019,,,,,,,,,,,,,,,,,,,,,,,,,,,,,,,,,,,,,,
Singapore,5,77,Valtteri Bottas,Mercedes,5.0,61,+6.119,10.0,No,2019-09-22,2019,,,,,,,,,,,,,,,,,,,,,,,,,,,,,,,,,,,,,,
Singapore,6,23,Alexander Albon,Red Bull Racing Honda,6.0,61,+11.663,8.0,No,2019-09-22,2019,,,,,,,,,,,,,,,,,,,,,,,,,,,,,,,,,,,,,,
Singapore,7,4,Lando Norris,McLaren Renault,9.0,61,+14.769,6.0,No,2019-09-22,2019,,,,,,,,,,,,,,,,,,,,,,,,,,,,,,,,,,,,,,
Singapore,8,10,Pierre Gasly,Scuderia Toro Rosso Honda,11.0,61,+15.547,4.0,No,2019-09-22,2019,,,,,,,,,,,,,,,,,,,,,,,,,,,,,,,,,,,,,,
Singapore,9,27,Nico Hulkenberg,Renault,8.0,61,+16.718,2.0,No,2019-09-22,2019,,,,,,,,,,,,,,,,,,,,,,,,,,,,,,,,,,,,,,
Singapore,10,99,Antonio Giovinazzi,Alfa Romeo Racing Ferrari,10.0,61,+27.855,1.0,No,2019-09-22,2019,,,,,,,,,,,,,,,,,,,,,,,,,,,,,,,,,,,,,,
Singapore,11,8,Romain Grosjean,Haas Ferrari,17.0,61,+35.436,0.0,No,2019-09-22,2019,,,,,,,,,,,,,,,,,,,,,,,,,,,,,,,,,,,,,,
Singapore,12,55,Carlos Sainz,McLaren Renault,7.0,61,+35.974,0.0,No,2019-09-22,2019,,,,,,,,,,,,,,,,,,,,,,,,,,,,,,,,,,,,,,
Singapore,13,18,Lance Stroll,Racing Point BWT Mercedes,16.0,61,+36.419,0.0,No,2019-09-22,2019,,,,,,,,,,,,,,,,,,,,,,,,,,,,,,,,,,,,,,
Singapore,14,3,Daniel Ricciardo,Renault,20.0,61,+37.660,0.0,No,2019-09-22,2019,,,,,,,,,,,,,,,,,,,,,,,,,,,,,,,,,,,,,,
Singapore,15,26,Daniil Kvyat,Scuderia Toro Rosso Honda,14.0,61,+38.178,0.0,No,2019-09-22,2019,,,,,,,,,,,,,,,,,,,,,,,,,,,,,,,,,,,,,,
Singapore,16,88,Robert Kubica,Williams Mercedes,19.0,61,+47.024,0.0,No,2019-09-22,2019,,,,,,,,,,,,,,,,,,,,,,,,,,,,,,,,,,,,,,
Singapore,17,20,Kevin Magnussen,Haas Ferrari,13.0,61,+86.522,0.0,Yes,2019-09-22,2019,,,,,,,,,,,,,,,,,,,,,,,,,,,,,,,,,,,,,,
Singapore,NC,7,Kimi Raikkönen,Alfa Romeo Racing Ferrari,12.0,49,DNF,0.0,No,2019-09-22,2019,,,,,,,,,,,,,,,,,,,,,,,,,,,,,,,,,,,,,,
Singapore,NC,11,Sergio Perez,Racing Point BWT Mercedes,15.0,42,DNF,0.0,No,2019-09-22,2019,,,,,,,,,,,,,,,,,,,,,,,,,,,,,,,,,,,,,,
Singapore,NC,63,George Russell,Williams Mercedes,18.0,34,DNF,0.0,No,2019-09-22,2019,,,,,,,,,,,,,,,,,,,,,,,,,,,,,,,,,,,,,,
Russia,1,44,Lewis Hamilton,Mercedes,2.0,53,1:33:38.992,26.0,Yes,2019-09-29,2019,,,,,20.0,12.0,12.0,12.0,20.0,17.0,0.0,78.0,10.0,1019.0,12.75,20.0,14.0,11.0,113.0,113.0,113.0,0.0,5.0,11.6,météo favorable,,,,,,,,,,,,,
Russia,2,77,Valtteri Bottas,Mercedes,4.0,53,+3.829,18.0,No,2019-09-29,2019,,,,,20.0,12.0,12.0,12.0,20.0,17.0,0.0,78.0,10.0,1019.0,12.75,20.0,14.0,11.0,113.0,113.0,113.0,0.0,5.0,11.6,météo favorable,,,,,,,,,,,,,
Russia,3,16,Charles Leclerc,Ferrari,1.0,53,+5.212,15.0,No,2019-09-29,2019,,,,,20.0,12.0,12.0,12.0,20.0,17.0,0.0,78.0,10.0,1019.0,12.75,20.0,14.0,11.0,113.0,113.0,113.0,0.0,5.0,11.6,météo favorable,,,,,,,,,,,,,
Russia,4,33,Max Verstappen,Red Bull Racing Honda,9.0,53,+14.210,12.0,No,2019-09-29,2019,,,,,20.0,12.0,12.0,12.0,20.0,17.0,0.0,78.0,10.0,1019.0,12.75,20.0,14.0,11.0,113.0,113.0,113.0,0.0,5.0,11.6,météo favorable,,,,,,,,,,,,,
Russia,5,23,Alexander Albon,Red Bull Racing Honda,20.0,53,+38.348,10.0,No,2019-09-29,2019,,,,,20.0,12.0,12.0,12.0,20.0,17.0,0.0,78.0,10.0,1019.0,12.75,20.0,14.0,11.0,113.0,113.0,113.0,0.0,5.0,11.6,météo favorable,,,,,,,,,,,,,
Russia,6,55,Carlos Sainz,McLaren Renault,5.0,53,+45.889,8.0,No,2019-09-29,2019,,,,,20.0,12.0,12.0,12.0,20.0,17.0,0.0,78.0,10.0,1019.0,12.75,20.0,14.0,11.0,113.0,113.0,113.0,0.0,5.0,11.6,météo favorable,,,,,,,,,,,,,
Russia,7,11,Sergio Perez,Racing Point BWT Mercedes,11.0,53,+48.728,6.0,No,2019-09-29,2019,,,,,20.0,12.0,12.0,12.0,20.0,17.0,0.0,78.0,10.0,1019.0,12.75,20.0,14.0,11.0,113.0,113.0,113.0,0.0,5.0,11.6,météo favorable,,,,,,,,,,,,,
Russia,8,4,Lando Norris,McLaren Renault,7.0,53,+57.749,4.0,No,2019-09-29,2019,,,,,20.0,12.0,12.0,12.0,20.0,17.0,0.0,78.0,10.0,1019.0,12.75,20.0,14.0,11.0,113.0,113.0,113.0,0.0,5.0,11.6,météo favorable,,,,,,,,,,,,,
Russia,9,20,Kevin Magnussen,Haas Ferrari,13.0,53,+58.779,2.0,No,2019-09-29,2019,,,,,20.0,12.0,12.0,12.0,20.0,17.0,0.0,78.0,10.0,1019.0,12.75,20.0,14.0,11.0,113.0,113.0,113.0,0.0,5.0,11.6,météo favorable,,,,,,,,,,,,,
Russia,10,27,Nico Hulkenberg,Renault,6.0,53,+59.841,1.0,No,2019-09-29,2019,,,,,20.0,12.0,12.0,12.0,20.0,17.0,0.0,78.0,10.0,1019.0,12.75,20.0,14.0,11.0,113.0,113.0,113.0,0.0,5.0,11.6,météo favorable,,,,,,,,,,,,,
Russia,11,18,Lance Stroll,Racing Point BWT Mercedes,14.0,53,+60.821,0.0,No,2019-09-29,2019,,,,,20.0,12.0,12.0,12.0,20.0,17.0,0.0,78.0,10.0,1019.0,12.75,20.0,14.0,11.0,113.0,113.0,113.0,0.0,5.0,11.6,météo favorable,,,,,,,,,,,,,
Russia,12,26,Daniil Kvyat,Scuderia Toro Rosso Honda,19.0,53,+62.496,0.0,No,2019-09-29,2019,,,,,20.0,12.0,12.0,12.0,20.0,17.0,0.0,78.0,10.0,1019.0,12.75,20.0,14.0,11.0,113.0,113.0,113.0,0.0,5.0,11.6,météo favorable,,,,,,,,,,,,,
Russia,13,7,Kimi Raikkönen,Alfa Romeo Racing Ferrari,15.0,53,+68.910,0.0,No,2019-09-29,2019,,,,,20.0,12.0,12.0,12.0,20.0,17.0,0.0,78.0,10.0,1019.0,12.75,20.0,14.0,11.0,113.0,113.0,113.0,0.0,5.0,11.6,météo favorable,,,,,,,,,,,,,
Russia,14,10,Pierre Gasly,Scuderia Toro Rosso Honda,16.0,53,+70.076,0.0,No,2019-09-29,2019,,,,,20.0,12.0,12.0,12.0,20.0,17.0,0.0,78.0,10.0,1019.0,12.75,20.0,14.0,11.0,113.0,113.0,113.0,0.0,5.0,11.6,météo favorable,,,,,,,,,,,,,
Russia,15,99,Antonio Giovinazzi,Alfa Romeo Racing Ferrari,12.0,53,+73.346,0.0,No,2019-09-29,2019,,,,,20.0,12.0,12.0,12.0,20.0,17.0,0.0,78.0,10.0,1019.0,12.75,20.0,14.0,11.0,113.0,113.0,113.0,0.0,5.0,11.6,météo favorable,,,,,,,,,,,,,
Russia,NC,88,Robert Kubica,Williams Mercedes,18.0,28,DNF,0.0,No,2019-09-29,2019,,,,,20.0,12.0,12.0,12.0,20.0,17.0,0.0,78.0,10.0,1019.0,12.75,20.0,14.0,11.0,113.0,113.0,113.0,0.0,5.0,11.6,météo favorable,,,,,,,,,,,,,
Russia,NC,63,George Russell,Williams Mercedes,17.0,27,DNF,0.0,No,2019-09-29,2019,,,,,20.0,12.0,12.0,12.0,20.0,17.0,0.0,78.0,10.0,1019.0,12.75,20.0,14.0,11.0,113.0,113.0,113.0,0.0,5.0,11.6,météo favorable,,,,,,,,,,,,,
Russia,NC,5,Sebastian Vettel,Ferrari,3.0,26,DNF,0.0,No,2019-09-29,2019,,,,,20.0,12.0,12.0,12.0,20.0,17.0,0.0,78.0,10.0,1019.0,12.75,20.0,14.0,11.0,113.0,113.0,113.0,0.0,5.0,11.6,météo favorable,,,,,,,,,,,,,
Russia,NC,3,Daniel Ricciardo,Renault,10.0,24,DNF,0.0,No,2019-09-29,2019,,,,,20.0,12.0,12.0,12.0,20.0,17.0,0.0,78.0,10.0,1019.0,12.75,20.0,14.0,11.0,113.0,113.0,113.0,0.0,5.0,11.6,météo favorable,,,,,,,,,,,,,
Russia,NC,8,Romain Grosjean,Haas Ferrari,8.0,0,DNF,0.0,No,2019-09-29,2019,,,,,20.0,12.0,12.0,12.0,20.0,17.0,0.0,78.0,10.0,1019.0,12.75,20.0,14.0,11.0,113.0,113.0,113.0,0.0,5.0,11.6,météo favorable,,,,,,,,,,,,,
Japan,1,77,Valtteri Bottas,Mercedes,3.0,52,1:21:46.755,25.0,No,2019-10-13,2019,,,,,26.0,20.0,30.0,20.0,25.0,21.0,0.1,72.0,10.0,1019.0,20.875,26.0,17.0,20.0,113.0,113.0,116.0,0.0,6.0,11.6,météo idéale,,,,,,,,,,,,,nagoya
Japan,2,5,Sebastian Vettel,Ferrari,1.0,52,+13.343,18.0,No,2019-10-13,2019,,,,,26.0,20.0,30.0,20.0,25.0,21.0,0.1,72.0,10.0,1019.0,20.875,26.0,17.0,20.0,113.0,113.0,116.0,0.0,6.0,11.6,météo idéale,,,,,,,,,,,,,nagoya
Japan,3,44,Lewis Hamilton,Mercedes,4.0,52,+13.858,16.0,Yes,2019-10-13,2019,,,,,26.0,20.0,30.0,20.0,25.0,21.0,0.1,72.0,10.0,1019.0,20.875,26.0,17.0,20.0,113.0,113.0,116.0,0.0,6.0,11.6,météo idéale,,,,,,,,,,,,,nagoya
Japan,4,23,Alexander Albon,Red Bull Racing Honda,6.0,52,+59.537,12.0,No,2019-10-13,2019,,,,,26.0,20.0,30.0,20.0,25.0,21.0,0.1,72.0,10.0,1019.0,20.875,26.0,17.0,20.0,113.0,113.0,116.0,0.0,6.0,11.6,météo idéale,,,,,,,,,,,,,nagoya
Japan,5,55,Carlos Sainz,McLaren Renault,7.0,52,+69.101,10.0,No,2019-10-13,2019,,,,,26.0,20.0,30.0,20.0,25.0,21.0,0.1,72.0,10.0,1019.0,20.875,26.0,17.0,20.0,113.0,113.0,116.0,0.0,6.0,11.6,météo idéale,,,,,,,,,,,,,nagoya
Japan,DQ,3,Daniel Ricciardo,Renault,16.0,51,+1 lap,0.0,No,2019-10-13,2019,,,,,26.0,20.0,30.0,20.0,25.0,21.0,0.1,72.0,10.0,1019.0,20.875,26.0,17.0,20.0,113.0,113.0,116.0,0.0,6.0,11.6,météo idéale,,,,,,,,,,,,,nagoya
Japan,6,16,Charles Leclerc,Ferrari,2.0,51,+1 lap,8.0,No,2019-10-13,2019,,,,,26.0,20.0,30.0,20.0,25.0,21.0,0.1,72.0,10.0,1019.0,20.875,26.0,17.0,20.0,113.0,113.0,116.0,0.0,6.0,11.6,météo idéale,,,,,,,,,,,,,nagoya
Japan,7,10,Pierre Gasly,Scuderia Toro Rosso Honda,9.0,51,+1 lap,6.0,No,2019-10-13,2019,,,,,26.0,20.0,30.0,20.0,25.0,21.0,0.1,72.0,10.0,1019.0,20.875,26.0,17.0,20.0,113.0,113.0,116.0,0.0,6.0,11.6,météo idéale,,,,,,,,,,,,,nagoya
Japan,8,11,Sergio Perez,Racing Point BWT Mercedes,17.0,51,+1 lap,4.0,No,2019-10-13,2019,,,,,26.0,20.0,30.0,20.0,25.0,21.0,0.1,72.0,10.0,1019.0,20.875,26.0,17.0,20.0,113.0,113.0,116.0,0.0,6.0,11.6,météo idéale,,,,,,,,,,,,,nagoya
Japan,DQ,27,Nico Hulkenberg,Renault,15.0,51,+1 lap,0.0,No,2019-10-13,2019,,,,,26.0,20.0,30.0,20.0,25.0,21.0,0.1,72.0,10.0,1019.0,20.875,26.0,17.0,20.0,113.0,113.0,116.0,0.0,6.0,11.6,météo idéale,,,,,,,,,,,,,nagoya
Japan,9,18,Lance Stroll,Racing Point BWT Mercedes,12.0,51,+1 lap,2.0,No,2019-10-13,2019,,,,,26.0,20.0,30.0,20.0,25.0,21.0,0.1,72.0,10.0,1019.0,20.875,26.0,17.0,20.0,113.0,113.0,116.0,0.0,6.0,11.6,météo idéale,,,,,,,,,,,,,nagoya
Japan,10,26,Daniil Kvyat,Scuderia Toro Rosso Honda,14.0,51,+1 lap,1.0,No,2019-10-13,2019,,,,,26.0,20.0,30.0,20.0,25.0,21.0,0.1,72.0,10.0,1019.0,20.875,26.0,17.0,20.0,113.0,113.0,116.0,0.0,6.0,11.6,météo idéale,,,,,,,,,,,,,nagoya
Japan,11,4,Lando Norris,McLaren Renault,8.0,51,+1 lap,0.0,No,2019-10-13,2019,,,,,26.0,20.0,30.0,20.0,25.0,21.0,0.1,72.0,10.0,1019.0,20.875,26.0,17.0,20.0,113.0,113.0,116.0,0.0,6.0,11.6,météo idéale,,,,,,,,,,,,,nagoya
Japan,12,7,Kimi Raikkönen,Haas Ferrari,13.0,51,+1 lap,0.0,No,2019-10-13,2019,,,,,26.0,20.0,30.0,20.0,25.0,21.0,0.1,72.0,10.0,1019.0,20.875,26.0,17.0,20.0,113.0,113.0,116.0,0.0,6.0,11.6,météo idéale,,,,,,,,,,,,,nagoya
Japan,13,8,Romain Grosjean,Haas Ferrari,10.0,51,+1 lap,0.0,No,2019-10-13,2019,,,,,26.0,20.0,30.0,20.0,25.0,21.0,0.1,72.0,10.0,1019.0,20.875,26.0,17.0,20.0,113.0,113.0,116.0,0.0,6.0,11.6,météo idéale,,,,,,,,,,,,,nagoya
Japan,14,99,Antonio Giovinazzi,Alfa Romeo Racing Ferrari,11.0,51,+1 lap,0.0,No,2019-10-13,2019,,,,,26.0,20.0,30.0,20.0,25.0,21.0,0.1,72.0,10.0,1019.0,20.875,26.0,17.0,20.0,113.0,113.0,116.0,0.0,6.0,11.6,météo idéale,,,,,,,,,,,,,nagoya
Japan,15,20,Kevin Magnussen,Haas Ferrari,19.0,51,+1 lap,0.0,No,2019-10-13,2019,,,,,26.0,20.0,30.0,20.0,25.0,21.0,0.1,72.0,10.0,1019.0,20.875,26.0,17.0,20.0,113.0,113.0,116.0,0.0,6.0,11.6,météo idéale,,,,,,,,,,,,,nagoya
Japan,16,63,George Russell,Williams Mercedes,18.0,50,+2 laps,0.0,No,2019-10-13,2019,,,,,26.0,20.0,30.0,20.0,25.0,21.0,0.1,72.0,10.0,1019.0,20.875,26.0,17.0,20.0,113.0,113.0,116.0,0.0,6.0,11.6,météo idéale,,,,,,,,,,,,,nagoya
Japan,17,88,Robert Kubica,Williams Mercedes,20.0,50,+2 laps,0.0,No,2019-10-13,2019,,,,,26.0,20.0,30.0,20.0,25.0,21.0,0.1,72.0,10.0,1019.0,20.875,26.0,17.0,20.0,113.0,113.0,116.0,0.0,6.0,11.6,météo idéale,,,,,,,,,,,,,nagoya
Japan,NC,33,Max Verstappen,Red Bull Racing Honda,5.0,14,DNF,0.0,No,2019-10-13,2019,,,,,26.0,20.0,30.0,20.0,25.0,21.0,0.1,72.0,10.0,1019.0,20.875,26.0,17.0,20.0,113.0,113.0,116.0,0.0,6.0,11.6,météo idéale,,,,,,,,,,,,,nagoya
Mexico,1,44,Lewis Hamilton,Mercedes,3.0,71,1:36:48.904,25.0,No,2019-10-27,2019,,,,,,,,,,,,,,,,,,,,,,,,,,,,,,,,,,,,,,
Mexico,2,5,Sebastian Vettel,Ferrari,2.0,71,+1.766,18.0,No,2019-10-27,2019,,,,,,,,,,,,,,,,,,,,,,,,,,,,,,,,,,,,,,
Mexico,3,77,Valtteri Bottas,Mercedes,6.0,71,+3.553,15.0,No,2019-10-27,2019,,,,,,,,,,,,,,,,,,,,,,,,,,,,,,,,,,,,,,
Mexico,4,16,Charles Leclerc,Ferrari,1.0,71,+6.368,13.0,Yes,2019-10-27,2019,,,,,,,,,,,,,,,,,,,,,,,,,,,,,,,,,,,,,,
Mexico,5,23,Alexander Albon,Red Bull Racing Honda,5.0,71,+21.399,10.0,No,2019-10-27,2019,,,,,,,,,,,,,,,,,,,,,,,,,,,,,,,,,,,,,,
Mexico,6,33,Max Verstappen,Red Bull Racing Honda,4.0,71,+68.807,8.0,No,2019-10-27,2019,,,,,,,,,,,,,,,,,,,,,,,,,,,,,,,,,,,,,,
Mexico,7,11,Sergio Perez,Racing Point BWT Mercedes,11.0,71,+73.819,6.0,No,2019-10-27,2019,,,,,,,,,,,,,,,,,,,,,,,,,,,,,,,,,,,,,,
Mexico,8,3,Daniel Ricciardo,Renault,13.0,71,+74.924,4.0,No,2019-10-27,2019,,,,,,,,,,,,,,,,,,,,,,,,,,,,,,,,,,,,,,
Mexico,9,10,Pierre Gasly,Scuderia Toro Rosso Honda,10.0,70,+1 lap,2.0,No,2019-10-27,2019,,,,,,,,,,,,,,,,,,,,,,,,,,,,,,,,,,,,,,
Mexico,10,27,Nico Hulkenberg,Renault,12.0,70,+1 lap,1.0,No,2019-10-27,2019,,,,,,,,,,,,,,,,,,,,,,,,,,,,,,,,,,,,,,
Mexico,11,26,Daniil Kvyat,Scuderia Toro Rosso Honda,9.0,70,+1 lap,0.0,No,2019-10-27,2019,,,,,,,,,,,,,,,,,,,,,,,,,,,,,,,,,,,,,,
Mexico,12,18,Lance Stroll,Racing Point BWT Mercedes,16.0,70,+1 lap,0.0,No,2019-10-27,2019,,,,,,,,,,,,,,,,,,,,,,,,,,,,,,,,,,,,,,
Mexico,13,55,Carlos Sainz,McLaren Renault,7.0,70,+1 lap,0.0,No,2019-10-27,2019,,,,,,,,,,,,,,,,,,,,,,,,,,,,,,,,,,,,,,
Mexico,14,99,Antonio Giovinazzi,Alfa Romeo Racing Ferrari,15.0,70,+1 lap,0.0,No,2019-10-27,2019,,,,,,,,,,,,,,,,,,,,,,,,,,,,,,,,,,,,,,
Mexico,15,20,Kevin Magnussen,Haas Ferrari,17.0,69,+2 laps,0.0,No,2019-10-27,2019,,,,,,,,,,,,,,,,,,,,,,,,,,,,,,,,,,,,,,
Mexico,16,63,George Russell,Williams Mercedes,19.0,69,+2 laps,0.0,No,2019-10-27,2019,,,,,,,,,,,,,,,,,,,,,,,,,,,,,,,,,,,,,,
Mexico,17,8,Romain Grosjean,Haas Ferrari,18.0,69,+2 laps,0.0,No,2019-10-27,2019,,,,,,,,,,,,,,,,,,,,,,,,,,,,,,,,,,,,,,
Mexico,18,88,Robert Kubica,Williams Mercedes,20.0,69,+2 laps,0.0,No,2019-10-27,2019,,,,,,,,,,,,,,,,,,,,,,,,,,,,,,,,,,,,,,
Mexico,NC,7,Kimi Raikkönen,Alfa Romeo Racing Ferrari,14.0,58,DNF,0.0,No,2019-10-27,2019,,,,,,,,,,,,,,,,,,,,,,,,,,,,,,,,,,,,,,
Mexico,NC,4,Lando Norris,McLaren Renault,8.0,48,DNF,0.0,No,2019-10-27,2019,,,,,,,,,,,,,,,,,,,,,,,,,,,,,,,,,,,,,,
United States,1,77,Valtteri Bottas,Mercedes,1.0,56,1:33:55.653,25.0,No,2019-11-03,2019,,,,,,,,,,,,,,,,,,,,,,,,,,,,,,,,,,,,,,
United States,2,44,Lewis Hamilton,Mercedes,5.0,56,+4.148,18.0,No,2019-11-03,2019,,,,,,,,,,,,,,,,,,,,,,,,,,,,,,,,,,,,,,
United States,3,33,Max Verstappen,Red Bull Racing Honda,3.0,56,+5.002,15.0,No,2019-11-03,2019,,,,,,,,,,,,,,,,,,,,,,,,,,,,,,,,,,,,,,
United States,4,16,Charles Leclerc,Ferrari,4.0,56,+52.239,13.0,Yes,2019-11-03,2019,,,,,,,,,,,,,,,,,,,,,,,,,,,,,,,,,,,,,,
United States,5,23,Alexander Albon,Red Bull Racing Honda,6.0,56,+78.038,10.0,No,2019-11-03,2019,,,,,,,,,,,,,,,,,,,,,,,,,,,,,,,,,,,,,,
United States,6,3,Daniel Ricciardo,Renault,9.0,56,+90.366,8.0,No,2019-11-03,2019,,,,,,,,,,,,,,,,,,,,,,,,,,,,,,,,,,,,,,
United States,7,4,Lando Norris,McLaren Renault,8.0,56,+90.764,6.0,No,2019-11-03,2019,,,,,,,,,,,,,,,,,,,,,,,,,,,,,,,,,,,,,,
United States,8,55,Carlos Sainz,McLaren Renault,7.0,55,+1 lap,4.0,No,2019-11-03,2019,,,,,,,,,,,,,,,,,,,,,,,,,,,,,,,,,,,,,,
United States,9,27,Nico Hulkenberg,Renault,11.0,55,+1 lap,2.0,No,2019-11-03,2019,,,,,,,,,,,,,,,,,,,,,,,,,,,,,,,,,,,,,,
United States,10,11,Sergio Perez,Racing Point BWT Mercedes,20.0,55,+1 lap,1.0,No,2019-11-03,2019,,,,,,,,,,,,,,,,,,,,,,,,,,,,,,,,,,,,,,
United States,11,7,Kimi Raikkönen,Alfa Romeo Racing Ferrari,17.0,55,+1 lap,0.0,No,2019-11-03,2019,,,,,,,,,,,,,,,,,,,,,,,,,,,,,,,,,,,,,,
United States,12,26,Daniil Kvyat,Scuderia Toro Rosso Honda,13.0,55,+1 lap,0.0,No,2019-11-03,2019,,,,,,,,,,,,,,,,,,,,,,,,,,,,,,,,,,,,,,
United States,13,18,Lance Stroll,Racing Point BWT Mercedes,14.0,55,+1 lap,0.0,No,2019-11-03,2019,,,,,,,,,,,,,,,,,,,,,,,,,,,,,,,,,,,,,,
United States,14,99,Antonio Giovinazzi,Alfa Romeo Racing Ferrari,16.0,55,+1 lap,0.0,No,2019-11-03,2019,,,,,,,,,,,,,,,,,,,,,,,,,,,,,,,,,,,,,,
United States,15,8,Romain Grosjean,Haas Ferrari,15.0,55,+1 lap,0.0,No,2019-11-03,2019,,,,,,,,,,,,,,,,,,,,,,,,,,,,,,,,,,,,,,
United States,16,10,Pierre Gasly,Scuderia Toro Rosso Honda,10.0,54,DNF,0.0,No,2019-11-03,2019,,,,,,,,,,,,,,,,,,,,,,,,,,,,,,,,,,,,,,
United States,17,63,George Russell,Williams Mercedes,18.0,54,+2 laps,0.0,No,2019-11-03,2019,,,,,,,,,,,,,,,,,,,,,,,,,,,,,,,,,,,,,,
United States,18,20,Kevin Magnussen,Haas Ferrari,12.0,52,DNF,0.0,No,2019-11-03,2019,,,,,,,,,,,,,,,,,,,,,,,,,,,,,,,,,,,,,,
United States,NC,88,Robert Kubica,Williams Mercedes,19.0,31,DNF,0.0,No,2019-11-03,2019,,,,,,,,,,,,,,,,,,,,,,,,,,,,,,,,,,,,,,
United States,NC,5,Sebastian Vettel,Ferrari,2.0,7,DNF,0.0,No,2019-11-03,2019,,,,,,,,,,,,,,,,,,,,,,,,,,,,,,,,,,,,,,
Brazil,1,33,Max Verstappen,Red Bull Racing Honda,1.0,71,1:33:14.678,25.0,No,2019-11-17,2019,,,,,,,,,,,,,,,,,,,,,,,,,,,,,,,,,,,,,,
Brazil,2,10,Pierre Gasly,Scuderia Toro Rosso Honda,6.0,71,+6.077,18.0,No,2019-11-17,2019,,,,,,,,,,,,,,,,,,,,,,,,,,,,,,,,,,,,,,
Brazil,3,55,Carlos Sainz,McLaren Renault,20.0,71,+8.896,15.0,No,2019-11-17,2019,,,,,,,,,,,,,,,,,,,,,,,,,,,,,,,,,,,,,,
Brazil,4,7,Kimi Raikkönen,Alfa Romeo Racing Ferrari,8.0,71,+9.452,12.0,No,2019-11-17,2019,,,,,,,,,,,,,,,,,,,,,,,,,,,,,,,,,,,,,,
Brazil,5,99,Antonio Giovinazzi,Alfa Romeo Racing Ferrari,12.0,71,+10.201,10.0,No,2019-11-17,2019,,,,,,,,,,,,,,,,,,,,,,,,,,,,,,,,,,,,,,
Brazil,6,3,Daniel Ricciardo,Renault,11.0,71,+10.541,8.0,No,2019-11-17,2019,,,,,,,,,,,,,,,,,,,,,,,,,,,,,,,,,,,,,,
Brazil,7,44,Lewis Hamilton,Mercedes,3.0,71,+11.139,6.0,No,2019-11-17,2019,,,,,,,,,,,,,,,,,,,,,,,,,,,,,,,,,,,,,,
Brazil,8,4,Lando Norris,McLaren Renault,10.0,71,+11.204,4.0,No,2019-11-17,2019,,,,,,,,,,,,,,,,,,,,,,,,,,,,,,,,,,,,,,
Brazil,9,11,Sergio Perez,Racing Point BWT Mercedes,15.0,71,+11.529,2.0,No,2019-11-17,2019,,,,,,,,,,,,,,,,,,,,,,,,,,,,,,,,,,,,,,
Brazil,10,26,Daniil Kvyat,Scuderia Toro Rosso Honda,16.0,71,+11.931,1.0,No,2019-11-17,2019,,,,,,,,,,,,,,,,,,,,,,,,,,,,,,,,,,,,,,
Brazil,11,20,Kevin Magnussen,Haas Ferrari,9.0,71,+12.599,0.0,No,2019-11-17,2019,,,,,,,,,,,,,,,,,,,,,,,,,,,,,,,,,,,,,,
Brazil,12,63,George Russell,Williams Mercedes,18.0,71,+13.599,0.0,No,2019-11-17,2019,,,,,,,,,,,,,,,,,,,,,,,,,,,,,,,,,,,,,,
Brazil,13,8,Romain Grosjean,Haas Ferrari,7.0,71,+14.247,0.0,No,2019-11-17,2019,,,,,,,,,,,,,,,,,,,,,,,,,,,,,,,,,,,,,,
Brazil,14,23,Alexander Albon,Red Bull Racing Honda,5.0,71,+14.927,0.0,No,2019-11-17,2019,,,,,,,,,,,,,,,,,,,,,,,,,,,,,,,,,,,,,,
Brazil,15,27,Nico Hulkenberg,Renault,13.0,71,+18.059,0.0,No,2019-11-17,2019,,,,,,,,,,,,,,,,,,,,,,,,,,,,,,,,,,,,,,
Brazil,16,88,Robert Kubica,Williams Mercedes,19.0,70,+1 lap,0.0,No,2019-11-17,2019,,,,,,,,,,,,,,,,,,,,,,,,,,,,,,,,,,,,,,
Brazil,17,5,Sebastian Vettel,Ferrari,2.0,65,DNF,0.0,No,2019-11-17,2019,,,,,,,,,,,,,,,,,,,,,,,,,,,,,,,,,,,,,,
Brazil,18,16,Charles Leclerc,Ferrari,14.0,65,DNF,0.0,No,2019-11-17,2019,,,,,,,,,,,,,,,,,,,,,,,,,,,,,,,,,,,,,,
Brazil,19,18,Lance Stroll,Racing Point BWT Mercedes,17.0,65,DNF,0.0,No,2019-11-17,2019,,,,,,,,,,,,,,,,,,,,,,,,,,,,,,,,,,,,,,
Brazil,NC,77,Valtteri Bottas,Mercedes,4.0,51,DNF,0.0,Yes,2019-11-17,2019,,,,,,,,,,,,,,,,,,,,,,,,,,,,,,,,,,,,,,
Abu Dhabi,1,44,Lewis Hamilton,Mercedes,1.0,55,1:34:05.715,26.0,Yes,2019-12-01,2019,,,,,,,,,,,,,,,,,,,,,,,,,,,,,,,,,,,,,,
Abu Dhabi,2,33,Max Verstappen,Red Bull Racing Honda,2.0,55,+16.772,18.0,No,2019-12-01,2019,,,,,,,,,,,,,,,,,,,,,,,,,,,,,,,,,,,,,,
Abu Dhabi,3,16,Charles Leclerc,Ferrari,3.0,55,+43.435,15.0,No,2019-12-01,2019,,,,,,,,,,,,,,,,,,,,,,,,,,,,,,,,,,,,,,
Abu Dhabi,4,77,Valtteri Bottas,Mercedes,20.0,55,+44.379,12.0,No,2019-12-01,2019,,,,,,,,,,,,,,,,,,,,,,,,,,,,,,,,,,,,,,
Abu Dhabi,5,5,Sebastian Vettel,Ferrari,4.0,55,+64.357,10.0,No,2019-12-01,2019,,,,,,,,,,,,,,,,,,,,,,,,,,,,,,,,,,,,,,
Abu Dhabi,6,23,Alexander Albon,Red Bull Racing Honda,5.0,55,+69.205,8.0,No,2019-12-01,2019,,,,,,,,,,,,,,,,,,,,,,,,,,,,,,,,,,,,,,
Abu Dhabi,7,11,Sergio Perez,Racing Point BWT Mercedes,10.0,54,+1 lap,6.0,No,2019-12-01,2019,,,,,,,,,,,,,,,,,,,,,,,,,,,,,,,,,,,,,,
Abu Dhabi,8,4,Lando Norris,McLaren Renault,6.0,54,+1 lap,4.0,No,2019-12-01,2019,,,,,,,,,,,,,,,,,,,,,,,,,,,,,,,,,,,,,,
Abu Dhabi,9,26,Daniil Kvyat,Scuderia Toro Rosso Honda,13.0,54,+1 lap,2.0,No,2019-12-01,2019,,,,,,,,,,,,,,,,,,,,,,,,,,,,,,,,,,,,,,
Abu Dhabi,10,55,Carlos Sainz,McLaren Renault,8.0,54,+1 lap,1.0,No,2019-12-01,2019,,,,,,,,,,,,,,,,,,,,,,,,,,,,,,,,,,,,,,
Abu Dhabi,11,3,Daniel Ricciardo,Renault,7.0,54,+1 lap,0.0,No,2019-12-01,2019,,,,,,,,,,,,,,,,,,,,,,,,,,,,,,,,,,,,,,
Abu Dhabi,12,27,Nico Hulkenberg,Renault,9.0,54,+1 lap,0.0,No,2019-12-01,2019,,,,,,,,,,,,,,,,,,,,,,,,,,,,,,,,,,,,,,
Abu Dhabi,13,7,Kimi Raikkönen,Alfa Romeo Racing Ferrari,17.0,54,+1 lap,0.0,No,2019-12-01,2019,,,,,,,,,,,,,,,,,,,,,,,,,,,,,,,,,,,,,,
Abu Dhabi,14,20,Kevin Magnussen,Haas Ferrari,14.0,54,+1 lap,0.0,No,2019-12-01,2019,,,,,,,,,,,,,,,,,,,,,,,,,,,,,,,,,,,,,,
Abu Dhabi,15,8,Romain Grosjean,Haas Ferrari,15.0,54,+1 lap,0.0,No,2019-12-01,2019,,,,,,,,,,,,,,,,,,,,,,,,,,,,,,,,,,,,,,
Abu Dhabi,16,99,Antonio Giovinazzi,Alfa Romeo Racing Ferrari,16.0,54,+1 lap,0.0,No,2019-12-01,2019,,,,,,,,,,,,,,,,,,,,,,,,,,,,,,,,,,,,,,
Abu Dhabi,17,63,George Russell,Williams Mercedes,18.0,54,+1 lap,0.0,No,2019-12-01,2019,,,,,,,,,,,,,,,,,,,,,,,,,,,,,,,,,,,,,,
Abu Dhabi,18,10,Pierre Gasly,Scuderia Toro Rosso Honda,11.0,53,+2 laps,0.0,No,2019-12-01,2019,,,,,,,,,,,,,,,,,,,,,,,,,,,,,,,,,,,,,,
Abu Dhabi,19,88,Robert Kubica,Williams Mercedes,19.0,53,+2 laps,0.0,No,2019-12-01,2019,,,,,,,,,,,,,,,,,,,,,,,,,,,,,,,,,,,,,,
Abu Dhabi,NC,18,Lance Stroll,Racing Point BWT Mercedes,12.0,45,DNF,0.0,No,2019-12-01,2019,,,,,,,,,,,,,,,,,,,,,,,,,,,,,,,,,,,,,,
Austria,1,77,Valtteri Bottas,Mercedes,1.0,71,1:30:55.739,25.0,No,2020-07-05,2020,,,,,24.0,12.0,5.0,12.0,22.0,22.0,0.4,82.0,7.5,1020.0,43.0,25.0,16.0,12.0,143.0,116.0,176.0,0.0,4.0,12.6,météo favorable,,,,,,,,,,,,,knittelfeld
Austria,2,16,Charles Leclerc,Ferrari,7.0,71,+2.700,18.0,No,2020-07-05,2020,,,,,24.0,12.0,5.0,12.0,22.0,22.0,0.4,82.0,7.5,1020.0,43.0,25.0,16.0,12.0,143.0,116.0,176.0,0.0,4.0,12.6,météo favorable,,,,,,,,,,,,,knittelfeld
Austria,3,4,Lando Norris,McLaren Renault,3.0,71,+5.491,16.0,Yes,2020-07-05,2020,,,,,24.0,12.0,5.0,12.0,22.0,22.0,0.4,82.0,7.5,1020.0,43.0,25.0,16.0,12.0,143.0,116.0,176.0,0.0,4.0,12.6,météo favorable,,,,,,,,,,,,,knittelfeld
Austria,4,44,Lewis Hamilton,Mercedes,5.0,71,+5.689,12.0,No,2020-07-05,2020,,,,,24.0,12.0,5.0,12.0,22.0,22.0,0.4,82.0,7.5,1020.0,43.0,25.0,16.0,12.0,143.0,116.0,176.0,0.0,4.0,12.6,météo favorable,,,,,,,,,,,,,knittelfeld
Austria,5,55,Carlos Sainz,McLaren Renault,8.0,71,+8.903,10.0,No,2020-07-05,2020,,,,,24.0,12.0,5.0,12.0,22.0,22.0,0.4,82.0,7.5,1020.0,43.0,25.0,16.0,12.0,143.0,116.0,176.0,0.0,4.0,12.6,météo favorable,,,,,,,,,,,,,knittelfeld
Austria,6,11,Sergio Perez,Racing Point BWT Mercedes,6.0,71,+15.092,8.0,No,2020-07-05,2020,,,,,24.0,12.0,5.0,12.0,22.0,22.0,0.4,82.0,7.5,1020.0,43.0,25.0,16.0,12.0,143.0,116.0,176.0,0.0,4.0,12.6,météo favorable,,,,,,,,,,,,,knittelfeld
Austria,7,10,Pierre Gasly,AlphaTauri Honda,12.0,71,+16.682,6.0,No,2020-07-05,2020,,,,,24.0,12.0,5.0,12.0,22.0,22.0,0.4,82.0,7.5,1020.0,43.0,25.0,16.0,12.0,143.0,116.0,176.0,0.0,4.0,12.6,météo favorable,,,,,,,,,,,,,knittelfeld
Austria,8,31,Esteban Ocon,Renault,14.0,71,+17.456,4.0,No,2020-07-05,2020,,,,,24.0,12.0,5.0,12.0,22.0,22.0,0.4,82.0,7.5,1020.0,43.0,25.0,16.0,12.0,143.0,116.0,176.0,0.0,4.0,12.6,météo favorable,,,,,,,,,,,,,knittelfeld
Austria,9,99,Antonio Giovinazzi,Alfa Romeo Racing Ferrari,18.0,71,+21.146,2.0,No,2020-07-05,2020,,,,,24.0,12.0,5.0,12.0,22.0,22.0,0.4,82.0,7.5,1020.0,43.0,25.0,16.0,12.0,143.0,116.0,176.0,0.0,4.0,12.6,météo favorable,,,,,,,,,,,,,knittelfeld
Austria,10,5,Sebastian Vettel,Ferrari,11.0,71,+24.545,1.0,No,2020-07-05,2020,,,,,24.0,12.0,5.0,12.0,22.0,22.0,0.4,82.0,7.5,1020.0,43.0,25.0,16.0,12.0,143.0,116.0,176.0,0.0,4.0,12.6,météo favorable,,,,,,,,,,,,,knittelfeld
Austria,11,6,Nicholas Latifi,Williams Mercedes,20.0,71,+31.650,0.0,No,2020-07-05,2020,,,,,24.0,12.0,5.0,12.0,22.0,22.0,0.4,82.0,7.5,1020.0,43.0,25.0,16.0,12.0,143.0,116.0,176.0,0.0,4.0,12.6,météo favorable,,,,,,,,,,,,,knittelfeld
Austria,12,26,Daniil Kvyat,AlphaTauri Honda,13.0,69,DNF,0.0,No,2020-07-05,2020,,,,,24.0,12.0,5.0,12.0,22.0,22.0,0.4,82.0,7.5,1020.0,43.0,25.0,16.0,12.0,143.0,116.0,176.0,0.0,4.0,12.6,météo favorable,,,,,,,,,,,,,knittelfeld
Austria,13,23,Alexander Albon,Red Bull Racing Honda,4.0,67,DNF,0.0,No,2020-07-05,2020,,,,,24.0,12.0,5.0,12.0,22.0,22.0,0.4,82.0,7.5,1020.0,43.0,25.0,16.0,12.0,143.0,116.0,176.0,0.0,4.0,12.6,météo favorable,,,,,,,,,,,,,knittelfeld
Austria,NC,7,Kimi Raikkönen,Alfa Romeo Racing Ferrari,19.0,53,DNF,0.0,No,2020-07-05,2020,,,,,24.0,12.0,5.0,12.0,22.0,22.0,0.4,82.0,7.5,1020.0,43.0,25.0,16.0,12.0,143.0,116.0,176.0,0.0,4.0,12.6,météo favorable,,,,,,,,,,,,,knittelfeld
Austria,NC,63,George Russell,Williams Mercedes,17.0,49,DNF,0.0,No,2020-07-05,2020,,,,,24.0,12.0,5.0,12.0,22.0,22.0,0.4,82.0,7.5,1020.0,43.0,25.0,16.0,12.0,143.0,116.0,176.0,0.0,4.0,12.6,météo favorable,,,,,,,,,,,,,knittelfeld
Austria,NC,8,Romain Grosjean,Haas Ferrari,15.0,49,DNF,0.0,No,2020-07-05,2020,,,,,24.0,12.0,5.0,12.0,22.0,22.0,0.4,82.0,7.5,1020.0,43.0,25.0,16.0,12.0,143.0,116.0,176.0,0.0,4.0,12.6,météo favorable,,,,,,,,,,,,,knittelfeld
Austria,NC,20,Kevin Magnussen,Haas Ferrari,16.0,24,DNF,0.0,No,2020-07-05,2020,,,,,24.0,12.0,5.0,12.0,22.0,22.0,0.4,82.0,7.5,1020.0,43.0,25.0,16.0,12.0,143.0,116.0,176.0,0.0,4.0,12.6,météo favorable,,,,,,,,,,,,,knittelfeld
Austria,NC,18,Lance Stroll,Racing Point BWT Mercedes,9.0,20,DNF,0.0,No,2020-07-05,2020,,,,,24.0,12.0,5.0,12.0,22.0,22.0,0.4,82.0,7.5,1020.0,43.0,25.0,16.0,12.0,143.0,116.0,176.0,0.0,4.0,12.6,météo favorable,,,,,,,,,,,,,knittelfeld
Austria,NC,3,Daniel Ricciardo,Renault,10.0,17,DNF,0.0,No,2020-07-05,2020,,,,,24.0,12.0,5.0,12.0,22.0,22.0,0.4,82.0,7.5,1020.0,43.0,25.0,16.0,12.0,143.0,116.0,176.0,0.0,4.0,12.6,météo favorable,,,,,,,,,,,,,knittelfeld
Austria,NC,33,Max Verstappen,Red Bull Racing Honda,2.0,11,DNF,0.0,No,2020-07-05,2020,,,,,24.0,12.0,5.0,12.0,22.0,22.0,0.4,82.0,7.5,1020.0,43.0,25.0,16.0,12.0,143.0,116.0,176.0,0.0,4.0,12.6,météo favorable,,,,,,,,,,,,,knittelfeld
Styria,1,44,Lewis Hamilton,Mercedes,1.0,71,1:22:50.683,25.0,No,2020-07-12,2020,,,,,,,,,,,,,,,,,,,,,,,,,,,,,,,,,,,,,,
Styria,2,77,Valtteri Bottas,Mercedes,4.0,71,+13.719,18.0,No,2020-07-12,2020,,,,,,,,,,,,,,,,,,,,,,,,,,,,,,,,,,,,,,
Styria,3,33,Max Verstappen,Red Bull Racing Honda,2.0,71,+33.698,15.0,No,2020-07-12,2020,,,,,,,,,,,,,,,,,,,,,,,,,,,,,,,,,,,,,,
Styria,4,23,Alexander Albon,Red Bull Racing Honda,6.0,71,+44.400,12.0,No,2020-07-12,2020,,,,,,,,,,,,,,,,,,,,,,,,,,,,,,,,,,,,,,
Styria,5,4,Lando Norris,McLaren Renault,9.0,71,+61.470,10.0,No,2020-07-12,2020,,,,,,,,,,,,,,,,,,,,,,,,,,,,,,,,,,,,,,
Styria,6,11,Sergio Perez,Racing Point BWT Mercedes,17.0,71,+62.387,8.0,No,2020-07-12,2020,,,,,,,,,,,,,,,,,,,,,,,,,,,,,,,,,,,,,,
Styria,7,18,Lance Stroll,Racing Point BWT Mercedes,12.0,71,+62.453,6.0,No,2020-07-12,2020,,,,,,,,,,,,,,,,,,,,,,,,,,,,,,,,,,,,,,
Styria,8,3,Daniel Ricciardo,Renault,8.0,71,+62.591,4.0,No,2020-07-12,2020,,,,,,,,,,,,,,,,,,,,,,,,,,,,,,,,,,,,,,
Styria,9,55,Carlos Sainz,McLaren Renault,3.0,70,+1 lap,3.0,Yes,2020-07-12,2020,,,,,,,,,,,,,,,,,,,,,,,,,,,,,,,,,,,,,,
Styria,10,26,Daniil Kvyat,AlphaTauri Honda,13.0,70,+1 lap,1.0,No,2020-07-12,2020,,,,,,,,,,,,,,,,,,,,,,,,,,,,,,,,,,,,,,
Styria,11,7,Kimi Raikkönen,Alfa Romeo Racing Ferrari,16.0,70,+1 lap,0.0,No,2020-07-12,2020,,,,,,,,,,,,,,,,,,,,,,,,,,,,,,,,,,,,,,
Styria,12,20,Kevin Magnussen,Haas Ferrari,15.0,70,+1 lap,0.0,No,2020-07-12,2020,,,,,,,,,,,,,,,,,,,,,,,,,,,,,,,,,,,,,,
Styria,13,8,Romain Grosjean,Haas Ferrari,20.0,70,+1 lap,0.0,No,2020-07-12,2020,,,,,,,,,,,,,,,,,,,,,,,,,,,,,,,,,,,,,,
Styria,14,99,Antonio Giovinazzi,Alfa Romeo Racing Ferrari,19.0,70,+1 lap,0.0,No,2020-07-12,2020,,,,,,,,,,,,,,,,,,,,,,,,,,,,,,,,,,,,,,
Styria,15,10,Pierre Gasly,AlphaTauri Honda,7.0,70,+1 lap,0.0,No,2020-07-12,2020,,,,,,,,,,,,,,,,,,,,,,,,,,,,,,,,,,,,,,
Styria,16,63,George Russell,Williams Mercedes,11.0,69,+2 laps,0.0,No,2020-07-12,2020,,,,,,,,,,,,,,,,,,,,,,,,,,,,,,,,,,,,,,
Styria,17,6,Nicholas Latifi,Williams Mercedes,18.0,69,+2 laps,0.0,No,2020-07-12,2020,,,,,,,,,,,,,,,,,,,,,,,,,,,,,,,,,,,,,,
Styria,NC,31,Esteban Ocon,Renault,5.0,25,DNF,0.0,No,2020-07-12,2020,,,,,,,,,,,,,,,,,,,,,,,,,,,,,,,,,,,,,,
Styria,NC,16,Charles Leclerc,Ferrari,14.0,4,DNF,0.0,No,2020-07-12,2020,,,,,,,,,,,,,,,,,,,,,,,,,,,,,,,,,,,,,,
Styria,NC,5,Sebastian Vettel,Ferrari,10.0,1,DNF,0.0,No,2020-07-12,2020,,,,,,,,,,,,,,,,,,,,,,,,,,,,,,,,,,,,,,
Hungary,1,44,Lewis Hamilton,Mercedes,1.0,70,1:36:12.473,26.0,Yes,2020-07-19,2020,,,,,27.0,18.0,8.0,18.0,27.0,25.0,1.0,75.0,9.875,1015.0,34.875,27.0,16.0,18.0,116.0,116.0,116.0,0.0,6.0,13.5,météo favorable,,,,,,,,,,,,,budapest
Hungary,2,33,Max Verstappen,Red Bull Racing Honda,7.0,70,+8.702,18.0,No,2020-07-19,2020,,,,,27.0,18.0,8.0,18.0,27.0,25.0,1.0,75.0,9.875,1015.0,34.875,27.0,16.0,18.0,116.0,116.0,116.0,0.0,6.0,13.5,météo favorable,,,,,,,,,,,,,budapest
Hungary,3,77,Valtteri Bottas,Mercedes,2.0,70,+9.452,15.0,No,2020-07-19,2020,,,,,27.0,18.0,8.0,18.0,27.0,25.0,1.0,75.0,9.875,1015.0,34.875,27.0,16.0,18.0,116.0,116.0,116.0,0.0,6.0,13.5,météo favorable,,,,,,,,,,,,,budapest
Hungary,4,18,Lance Stroll,Racing Point BWT Mercedes,3.0,70,+57.579,12.0,No,2020-07-19,2020,,,,,27.0,18.0,8.0,18.0,27.0,25.0,1.0,75.0,9.875,1015.0,34.875,27.0,16.0,18.0,116.0,116.0,116.0,0.0,6.0,13.5,météo favorable,,,,,,,,,,,,,budapest
Hungary,5,23,Alexander Albon,Red Bull Racing Honda,13.0,70,+78.316,10.0,No,2020-07-19,2020,,,,,27.0,18.0,8.0,18.0,27.0,25.0,1.0,75.0,9.875,1015.0,34.875,27.0,16.0,18.0,116.0,116.0,116.0,0.0,6.0,13.5,météo favorable,,,,,,,,,,,,,budapest
Hungary,6,5,Sebastian Vettel,Ferrari,5.0,69,+1 lap,8.0,No,2020-07-19,2020,,,,,27.0,18.0,8.0,18.0,27.0,25.0,1.0,75.0,9.875,1015.0,34.875,27.0,16.0,18.0,116.0,116.0,116.0,0.0,6.0,13.5,météo favorable,,,,,,,,,,,,,budapest
Hungary,7,11,Sergio Perez,Racing Point BWT Mercedes,4.0,69,+1 lap,6.0,No,2020-07-19,2020,,,,,27.0,18.0,8.0,18.0,27.0,25.0,1.0,75.0,9.875,1015.0,34.875,27.0,16.0,18.0,116.0,116.0,116.0,0.0,6.0,13.5,météo favorable,,,,,,,,,,,,,budapest
Hungary,8,3,Daniel Ricciardo,Renault,11.0,69,+1 lap,4.0,No,2020-07-19,2020,,,,,27.0,18.0,8.0,18.0,27.0,25.0,1.0,75.0,9.875,1015.0,34.875,27.0,16.0,18.0,116.0,116.0,116.0,0.0,6.0,13.5,météo favorable,,,,,,,,,,,,,budapest
Hungary,9,55,Carlos Sainz,McLaren Renault,9.0,69,+1 lap,2.0,No,2020-07-19,2020,,,,,27.0,18.0,8.0,18.0,27.0,25.0,1.0,75.0,9.875,1015.0,34.875,27.0,16.0,18.0,116.0,116.0,116.0,0.0,6.0,13.5,météo favorable,,,,,,,,,,,,,budapest
Hungary,10,20,Kevin Magnussen,Haas Ferrari,16.0,69,+1 lap,1.0,No,2020-07-19,2020,,,,,27.0,18.0,8.0,18.0,27.0,25.0,1.0,75.0,9.875,1015.0,34.875,27.0,16.0,18.0,116.0,116.0,116.0,0.0,6.0,13.5,météo favorable,,,,,,,,,,,,,budapest
Hungary,11,16,Charles Leclerc,Ferrari,6.0,69,+1 lap,0.0,No,2020-07-19,2020,,,,,27.0,18.0,8.0,18.0,27.0,25.0,1.0,75.0,9.875,1015.0,34.875,27.0,16.0,18.0,116.0,116.0,116.0,0.0,6.0,13.5,météo favorable,,,,,,,,,,,,,budapest
Hungary,12,26,Daniil Kvyat,AlphaTauri Honda,17.0,69,+1 lap,0.0,No,2020-07-19,2020,,,,,27.0,18.0,8.0,18.0,27.0,25.0,1.0,75.0,9.875,1015.0,34.875,27.0,16.0,18.0,116.0,116.0,116.0,0.0,6.0,13.5,météo favorable,,,,,,,,,,,,,budapest
Hungary,13,4,Lando Norris,McLaren Renault,8.0,69,+1 lap,0.0,No,2020-07-19,2020,,,,,27.0,18.0,8.0,18.0,27.0,25.0,1.0,75.0,9.875,1015.0,34.875,27.0,16.0,18.0,116.0,116.0,116.0,0.0,6.0,13.5,météo favorable,,,,,,,,,,,,,budapest
Hungary,14,31,Esteban Ocon,Renault,14.0,69,+1 lap,0.0,No,2020-07-19,2020,,,,,27.0,18.0,8.0,18.0,27.0,25.0,1.0,75.0,9.875,1015.0,34.875,27.0,16.0,18.0,116.0,116.0,116.0,0.0,6.0,13.5,météo favorable,,,,,,,,,,,,,budapest
Hungary,15,7,Kimi Raikkönen,Alfa Romeo Racing Ferrari,20.0,69,+1 lap,0.0,No,2020-07-19,2020,,,,,27.0,18.0,8.0,18.0,27.0,25.0,1.0,75.0,9.875,1015.0,34.875,27.0,16.0,18.0,116.0,116.0,116.0,0.0,6.0,13.5,météo favorable,,,,,,,,,,,,,budapest
Hungary,16,8,Romain Grosjean,Haas Ferrari,18.0,69,+1 lap,0.0,No,2020-07-19,2020,,,,,27.0,18.0,8.0,18.0,27.0,25.0,1.0,75.0,9.875,1015.0,34.875,27.0,16.0,18.0,116.0,116.0,116.0,0.0,6.0,13.5,météo favorable,,,,,,,,,,,,,budapest
Hungary,17,99,Antonio Giovinazzi,Alfa Romeo Racing Ferrari,19.0,69,+1 lap,0.0,No,2020-07-19,2020,,,,,27.0,18.0,8.0,18.0,27.0,25.0,1.0,75.0,9.875,1015.0,34.875,27.0,16.0,18.0,116.0,116.0,116.0,0.0,6.0,13.5,météo favorable,,,,,,,,,,,,,budapest
Hungary,18,63,George Russell,Williams Mercedes,12.0,69,+1 lap,0.0,No,2020-07-19,2020,,,,,27.0,18.0,8.0,18.0,27.0,25.0,1.0,75.0,9.875,1015.0,34.875,27.0,16.0,18.0,116.0,116.0,116.0,0.0,6.0,13.5,météo favorable,,,,,,,,,,,,,budapest
Hungary,19,6,Nicholas Latifi,Williams Mercedes,15.0,65,+5 laps,0.0,No,2020-07-19,2020,,,,,27.0,18.0,8.0,18.0,27.0,25.0,1.0,75.0,9.875,1015.0,34.875,27.0,16.0,18.0,116.0,116.0,116.0,0.0,6.0,13.5,météo favorable,,,,,,,,,,,,,budapest
Hungary,NC,10,Pierre Gasly,AlphaTauri Honda,10.0,15,DNF,0.0,No,2020-07-19,2020,,,,,27.0,18.0,8.0,18.0,27.0,25.0,1.0,75.0,9.875,1015.0,34.875,27.0,16.0,18.0,116.0,116.0,116.0,0.0,6.0,13.5,météo favorable,,,,,,,,,,,,,budapest
Great Britain,1,44,Lewis Hamilton,Mercedes,1.0,52,1:28:01.283,25.0,No,2020-08-02,2020,,,,,20.0,12.0,23.0,12.0,19.0,18.0,0.1,88.0,10.0,1016.0,36.875,20.0,10.0,10.0,116.0,119.0,116.0,0.0,5.0,12.5,météo correcte,,,,,,,,,,,,,northampton
Great Britain,2,33,Max Verstappen,Red Bull Racing Honda,3.0,52,+5.856,19.0,Yes,2020-08-02,2020,,,,,20.0,12.0,23.0,12.0,19.0,18.0,0.1,88.0,10.0,1016.0,36.875,20.0,10.0,10.0,116.0,119.0,116.0,0.0,5.0,12.5,météo correcte,,,,,,,,,,,,,northampton
Great Britain,3,16,Charles Leclerc,Ferrari,4.0,52,+18.474,15.0,No,2020-08-02,2020,,,,,20.0,12.0,23.0,12.0,19.0,18.0,0.1,88.0,10.0,1016.0,36.875,20.0,10.0,10.0,116.0,119.0,116.0,0.0,5.0,12.5,météo correcte,,,,,,,,,,,,,northampton
Great Britain,4,3,Daniel Ricciardo,Renault,8.0,52,+19.650,12.0,No,2020-08-02,2020,,,,,20.0,12.0,23.0,12.0,19.0,18.0,0.1,88.0,10.0,1016.0,36.875,20.0,10.0,10.0,116.0,119.0,116.0,0.0,5.0,12.5,météo correcte,,,,,,,,,,,,,northampton
Great Britain,5,4,Lando Norris,McLaren Renault,5.0,52,+22.277,10.0,No,2020-08-02,2020,,,,,20.0,12.0,23.0,12.0,19.0,18.0,0.1,88.0,10.0,1016.0,36.875,20.0,10.0,10.0,116.0,119.0,116.0,0.0,5.0,12.5,météo correcte,,,,,,,,,,,,,northampton
Great Britain,6,31,Esteban Ocon,Renault,9.0,52,+26.937,8.0,No,2020-08-02,2020,,,,,20.0,12.0,23.0,12.0,19.0,18.0,0.1,88.0,10.0,1016.0,36.875,20.0,10.0,10.0,116.0,119.0,116.0,0.0,5.0,12.5,météo correcte,,,,,,,,,,,,,northampton
Great Britain,7,10,Pierre Gasly,AlphaTauri Honda,11.0,52,+31.188,6.0,No,2020-08-02,2020,,,,,20.0,12.0,23.0,12.0,19.0,18.0,0.1,88.0,10.0,1016.0,36.875,20.0,10.0,10.0,116.0,119.0,116.0,0.0,5.0,12.5,météo correcte,,,,,,,,,,,,,northampton
Great Britain,8,23,Alexander Albon,Red Bull Racing Honda,12.0,52,+32.670,4.0,No,2020-08-02,2020,,,,,20.0,12.0,23.0,12.0,19.0,18.0,0.1,88.0,10.0,1016.0,36.875,20.0,10.0,10.0,116.0,119.0,116.0,0.0,5.0,12.5,météo correcte,,,,,,,,,,,,,northampton
Great Britain,9,18,Lance Stroll,Racing Point BWT Mercedes,6.0,52,+37.311,2.0,No,2020-08-02,2020,,,,,20.0,12.0,23.0,12.0,19.0,18.0,0.1,88.0,10.0,1016.0,36.875,20.0,10.0,10.0,116.0,119.0,116.0,0.0,5.0,12.5,météo correcte,,,,,,,,,,,,,northampton
Great Britain,10,5,Sebastian Vettel,Ferrari,10.0,52,+41.857,1.0,No,2020-08-02,2020,,,,,20.0,12.0,23.0,12.0,19.0,18.0,0.1,88.0,10.0,1016.0,36.875,20.0,10.0,10.0,116.0,119.0,116.0,0.0,5.0,12.5,météo correcte,,,,,,,,,,,,,northampton
Great Britain,11,77,Valtteri Bottas,Mercedes,2.0,52,+42.167,0.0,No,2020-08-02,2020,,,,,20.0,12.0,23.0,12.0,19.0,18.0,0.1,88.0,10.0,1016.0,36.875,20.0,10.0,10.0,116.0,119.0,116.0,0.0,5.0,12.5,météo correcte,,,,,,,,,,,,,northampton
Great Britain,12,63,George Russell,Williams Mercedes,20.0,52,+52.004,0.0,No,2020-08-02,2020,,,,,20.0,12.0,23.0,12.0,19.0,18.0,0.1,88.0,10.0,1016.0,36.875,20.0,10.0,10.0,116.0,119.0,116.0,0.0,5.0,12.5,météo correcte,,,,,,,,,,,,,northampton
Great Britain,13,55,Carlos Sainz,McLaren Renault,7.0,52,+53.370,0.0,No,2020-08-02,2020,,,,,20.0,12.0,23.0,12.0,19.0,18.0,0.1,88.0,10.0,1016.0,36.875,20.0,10.0,10.0,116.0,119.0,116.0,0.0,5.0,12.5,météo correcte,,,,,,,,,,,,,northampton
Great Britain,14,99,Antonio Giovinazzi,Alfa Romeo Racing Ferrari,15.0,52,+54.205,0.0,No,2020-08-02,2020,,,,,20.0,12.0,23.0,12.0,19.0,18.0,0.1,88.0,10.0,1016.0,36.875,20.0,10.0,10.0,116.0,119.0,116.0,0.0,5.0,12.5,météo correcte,,,,,,,,,,,,,northampton
Great Britain,15,6,Nicholas Latifi,Williams Mercedes,18.0,52,+54.549,0.0,No,2020-08-02,2020,,,,,20.0,12.0,23.0,12.0,19.0,18.0,0.1,88.0,10.0,1016.0,36.875,20.0,10.0,10.0,116.0,119.0,116.0,0.0,5.0,12.5,météo correcte,,,,,,,,,,,,,northampton
Great Britain,16,8,Romain Grosjean,Haas Ferrari,17.0,52,+55.050,0.0,No,2020-08-02,2020,,,,,20.0,12.0,23.0,12.0,19.0,18.0,0.1,88.0,10.0,1016.0,36.875,20.0,10.0,10.0,116.0,119.0,116.0,0.0,5.0,12.5,météo correcte,,,,,,,,,,,,,northampton
Great Britain,17,7,Kimi Raikkönen,Alfa Romeo Racing Ferrari,16.0,51,+1 lap,0.0,No,2020-08-02,2020,,,,,20.0,12.0,23.0,12.0,19.0,18.0,0.1,88.0,10.0,1016.0,36.875,20.0,10.0,10.0,116.0,119.0,116.0,0.0,5.0,12.5,météo correcte,,,,,,,,,,,,,northampton
Great Britain,NC,26,Daniil Kvyat,AlphaTauri Honda,19.0,11,DNF,0.0,No,2020-08-02,2020,,,,,20.0,12.0,23.0,12.0,19.0,18.0,0.1,88.0,10.0,1016.0,36.875,20.0,10.0,10.0,116.0,119.0,116.0,0.0,5.0,12.5,météo correcte,,,,,,,,,,,,,northampton
Great Britain,NC,20,Kevin Magnussen,Haas Ferrari,14.0,1,DNF,0.0,No,2020-08-02,2020,,,,,20.0,12.0,23.0,12.0,19.0,18.0,0.1,88.0,10.0,1016.0,36.875,20.0,10.0,10.0,116.0,119.0,116.0,0.0,5.0,12.5,météo correcte,,,,,,,,,,,,,northampton
Great Britain,NC,27,Nico Hulkenberg,Racing Point BWT Mercedes,13.0,0,DNS,0.0,No,2020-08-02,2020,,,,,20.0,12.0,23.0,12.0,19.0,18.0,0.1,88.0,10.0,1016.0,36.875,20.0,10.0,10.0,116.0,119.0,116.0,0.0,5.0,12.5,météo correcte,,,,,,,,,,,,,northampton
70th Anniversary,1,33,Max Verstappen,Red Bull Racing Honda,4.0,52,1:19:41.993,25.0,No,2020-08-09,2020,,,,,29.0,16.0,21.0,16.0,26.0,24.0,1.1,92.0,9.75,1019.0,54.75,30.0,19.0,16.0,176.0,176.0,116.0,0.0,5.0,11.4,météo favorable,,,,,,,,,,,,,
70th Anniversary,2,44,Lewis Hamilton,Mercedes,2.0,52,+11.326,19.0,Yes,2020-08-09,2020,,,,,29.0,16.0,21.0,16.0,26.0,24.0,1.1,92.0,9.75,1019.0,54.75,30.0,19.0,16.0,176.0,176.0,116.0,0.0,5.0,11.4,météo favorable,,,,,,,,,,,,,
70th Anniversary,3,77,Valtteri Bottas,Mercedes,1.0,52,+19.231,15.0,No,2020-08-09,2020,,,,,29.0,16.0,21.0,16.0,26.0,24.0,1.1,92.0,9.75,1019.0,54.75,30.0,19.0,16.0,176.0,176.0,116.0,0.0,5.0,11.4,météo favorable,,,,,,,,,,,,,
70th Anniversary,4,16,Charles Leclerc,Ferrari,8.0,52,+29.289,12.0,No,2020-08-09,2020,,,,,29.0,16.0,21.0,16.0,26.0,24.0,1.1,92.0,9.75,1019.0,54.75,30.0,19.0,16.0,176.0,176.0,116.0,0.0,5.0,11.4,météo favorable,,,,,,,,,,,,,
70th Anniversary,5,23,Alexander Albon,Red Bull Racing Honda,9.0,52,+39.146,10.0,No,2020-08-09,2020,,,,,29.0,16.0,21.0,16.0,26.0,24.0,1.1,92.0,9.75,1019.0,54.75,30.0,19.0,16.0,176.0,176.0,116.0,0.0,5.0,11.4,météo favorable,,,,,,,,,,,,,
70th Anniversary,6,18,Lance Stroll,Racing Point BWT Mercedes,6.0,52,+42.538,8.0,No,2020-08-09,2020,,,,,29.0,16.0,21.0,16.0,26.0,24.0,1.1,92.0,9.75,1019.0,54.75,30.0,19.0,16.0,176.0,176.0,116.0,0.0,5.0,11.4,météo favorable,,,,,,,,,,,,,
70th Anniversary,7,27,Nico Hulkenberg,Racing Point BWT Mercedes,3.0,52,+55.951,6.0,No,2020-08-09,2020,,,,,29.0,16.0,21.0,16.0,26.0,24.0,1.1,92.0,9.75,1019.0,54.75,30.0,19.0,16.0,176.0,176.0,116.0,0.0,5.0,11.4,météo favorable,,,,,,,,,,,,,
70th Anniversary,8,31,Esteban Ocon,Renault,14.0,52,+64.773,4.0,No,2020-08-09,2020,,,,,29.0,16.0,21.0,16.0,26.0,24.0,1.1,92.0,9.75,1019.0,54.75,30.0,19.0,16.0,176.0,176.0,116.0,0.0,5.0,11.4,météo favorable,,,,,,,,,,,,,
70th Anniversary,9,4,Lando Norris,McLaren Renault,10.0,52,+65.544,2.0,No,2020-08-09,2020,,,,,29.0,16.0,21.0,16.0,26.0,24.0,1.1,92.0,9.75,1019.0,54.75,30.0,19.0,16.0,176.0,176.0,116.0,0.0,5.0,11.4,météo favorable,,,,,,,,,,,,,
70th Anniversary,10,26,Daniil Kvyat,AlphaTauri Honda,16.0,52,+69.669,1.0,No,2020-08-09,2020,,,,,29.0,16.0,21.0,16.0,26.0,24.0,1.1,92.0,9.75,1019.0,54.75,30.0,19.0,16.0,176.0,176.0,116.0,0.0,5.0,11.4,météo favorable,,,,,,,,,,,,,
70th Anniversary,11,10,Pierre Gasly,AlphaTauri Honda,7.0,52,+70.642,0.0,No,2020-08-09,2020,,,,,29.0,16.0,21.0,16.0,26.0,24.0,1.1,92.0,9.75,1019.0,54.75,30.0,19.0,16.0,176.0,176.0,116.0,0.0,5.0,11.4,météo favorable,,,,,,,,,,,,,
70th Anniversary,12,5,Sebastian Vettel,Ferrari,11.0,52,+73.370,0.0,No,2020-08-09,2020,,,,,29.0,16.0,21.0,16.0,26.0,24.0,1.1,92.0,9.75,1019.0,54.75,30.0,19.0,16.0,176.0,176.0,116.0,0.0,5.0,11.4,météo favorable,,,,,,,,,,,,,
70th Anniversary,13,55,Carlos Sainz,McLaren Renault,12.0,52,+74.070,0.0,No,2020-08-09,2020,,,,,29.0,16.0,21.0,16.0,26.0,24.0,1.1,92.0,9.75,1019.0,54.75,30.0,19.0,16.0,176.0,176.0,116.0,0.0,5.0,11.4,météo favorable,,,,,,,,,,,,,
70th Anniversary,14,3,Daniel Ricciardo,Renault,5.0,51,+1 lap,0.0,No,2020-08-09,2020,,,,,29.0,16.0,21.0,16.0,26.0,24.0,1.1,92.0,9.75,1019.0,54.75,30.0,19.0,16.0,176.0,176.0,116.0,0.0,5.0,11.4,météo favorable,,,,,,,,,,,,,
70th Anniversary,15,7,Kimi Raikkönen,Alfa Romeo Racing Ferrari,20.0,51,+1 lap,0.0,No,2020-08-09,2020,,,,,29.0,16.0,21.0,16.0,26.0,24.0,1.1,92.0,9.75,1019.0,54.75,30.0,19.0,16.0,176.0,176.0,116.0,0.0,5.0,11.4,météo favorable,,,,,,,,,,,,,
70th Anniversary,16,8,Romain Grosjean,Haas Ferrari,13.0,51,+1 lap,0.0,No,2020-08-09,2020,,,,,29.0,16.0,21.0,16.0,26.0,24.0,1.1,92.0,9.75,1019.0,54.75,30.0,19.0,16.0,176.0,176.0,116.0,0.0,5.0,11.4,météo favorable,,,,,,,,,,,,,
70th Anniversary,17,99,Antonio Giovinazzi,Alfa Romeo Racing Ferrari,19.0,51,+1 lap,0.0,No,2020-08-09,2020,,,,,29.0,16.0,21.0,16.0,26.0,24.0,1.1,92.0,9.75,1019.0,54.75,30.0,19.0,16.0,176.0,176.0,116.0,0.0,5.0,11.4,météo favorable,,,,,,,,,,,,,
70th Anniversary,18,63,George Russell,Williams Mercedes,15.0,51,+1 lap,0.0,No,2020-08-09,2020,,,,,29.0,16.0,21.0,16.0,26.0,24.0,1.1,92.0,9.75,1019.0,54.75,30.0,19.0,16.0,176.0,176.0,116.0,0.0,5.0,11.4,météo favorable,,,,,,,,,,,,,
70th Anniversary,19,6,Nicholas Latifi,Williams Mercedes,18.0,51,+1 lap,0.0,No,2020-08-09,2020,,,,,29.0,16.0,21.0,16.0,26.0,24.0,1.1,92.0,9.75,1019.0,54.75,30.0,19.0,16.0,176.0,176.0,116.0,0.0,5.0,11.4,météo favorable,,,,,,,,,,,,,
70th Anniversary,NC,20,Kevin Magnussen,Haas Ferrari,17.0,43,DNF,0.0,No,2020-08-09,2020,,,,,29.0,16.0,21.0,16.0,26.0,24.0,1.1,92.0,9.75,1019.0,54.75,30.0,19.0,16.0,176.0,176.0,116.0,0.0,5.0,11.4,météo favorable,,,,,,,,,,,,,
Spain,1,44,Lewis Hamilton,Mercedes,1.0,66,1:31:45.279,25.0,No,2020-08-16,2020,,,,,27.0,26.0,18.0,26.0,27.0,26.0,0.2,73.0,10.0,1012.0,39.25,29.0,21.0,26.0,116.0,116.0,176.0,0.0,7.0,10.4,météo favorable,,,,,,,,,,,,,barcelona
Spain,2,33,Max Verstappen,Red Bull Racing Honda,3.0,66,+24.177,18.0,No,2020-08-16,2020,,,,,27.0,26.0,18.0,26.0,27.0,26.0,0.2,73.0,10.0,1012.0,39.25,29.0,21.0,26.0,116.0,116.0,176.0,0.0,7.0,10.4,météo favorable,,,,,,,,,,,,,barcelona
Spain,3,77,Valtteri Bottas,Mercedes,2.0,66,+44.752,16.0,Yes,2020-08-16,2020,,,,,27.0,26.0,18.0,26.0,27.0,26.0,0.2,73.0,10.0,1012.0,39.25,29.0,21.0,26.0,116.0,116.0,176.0,0.0,7.0,10.4,météo favorable,,,,,,,,,,,,,barcelona
Spain,4,18,Lance Stroll,Racing Point BWT Mercedes,5.0,65,+1 lap,12.0,No,2020-08-16,2020,,,,,27.0,26.0,18.0,26.0,27.0,26.0,0.2,73.0,10.0,1012.0,39.25,29.0,21.0,26.0,116.0,116.0,176.0,0.0,7.0,10.4,météo favorable,,,,,,,,,,,,,barcelona
Spain,5,11,Sergio Perez,Racing Point BWT Mercedes,4.0,65,+1 lap,10.0,No,2020-08-16,2020,,,,,27.0,26.0,18.0,26.0,27.0,26.0,0.2,73.0,10.0,1012.0,39.25,29.0,21.0,26.0,116.0,116.0,176.0,0.0,7.0,10.4,météo favorable,,,,,,,,,,,,,barcelona
Spain,6,55,Carlos Sainz,McLaren Renault,7.0,65,+1 lap,8.0,No,2020-08-16,2020,,,,,27.0,26.0,18.0,26.0,27.0,26.0,0.2,73.0,10.0,1012.0,39.25,29.0,21.0,26.0,116.0,116.0,176.0,0.0,7.0,10.4,météo favorable,,,,,,,,,,,,,barcelona
Spain,7,5,Sebastian Vettel,Ferrari,11.0,65,+1 lap,6.0,No,2020-08-16,2020,,,,,27.0,26.0,18.0,26.0,27.0,26.0,0.2,73.0,10.0,1012.0,39.25,29.0,21.0,26.0,116.0,116.0,176.0,0.0,7.0,10.4,météo favorable,,,,,,,,,,,,,barcelona
Spain,8,23,Alexander Albon,Red Bull Racing Honda,6.0,65,+1 lap,4.0,No,2020-08-16,2020,,,,,27.0,26.0,18.0,26.0,27.0,26.0,0.2,73.0,10.0,1012.0,39.25,29.0,21.0,26.0,116.0,116.0,176.0,0.0,7.0,10.4,météo favorable,,,,,,,,,,,,,barcelona
Spain,9,10,Pierre Gasly,AlphaTauri Honda,10.0,65,+1 lap,2.0,No,2020-08-16,2020,,,,,27.0,26.0,18.0,26.0,27.0,26.0,0.2,73.0,10.0,1012.0,39.25,29.0,21.0,26.0,116.0,116.0,176.0,0.0,7.0,10.4,météo favorable,,,,,,,,,,,,,barcelona
Spain,10,4,Lando Norris,McLaren Renault,8.0,65,+1 lap,1.0,No,2020-08-16,2020,,,,,27.0,26.0,18.0,26.0,27.0,26.0,0.2,73.0,10.0,1012.0,39.25,29.0,21.0,26.0,116.0,116.0,176.0,0.0,7.0,10.4,météo favorable,,,,,,,,,,,,,barcelona
Spain,11,3,Daniel Ricciardo,Renault,13.0,65,+1 lap,0.0,No,2020-08-16,2020,,,,,27.0,26.0,18.0,26.0,27.0,26.0,0.2,73.0,10.0,1012.0,39.25,29.0,21.0,26.0,116.0,116.0,176.0,0.0,7.0,10.4,météo favorable,,,,,,,,,,,,,barcelona
Spain,12,26,Daniil Kvyat,AlphaTauri Honda,12.0,65,+1 lap,0.0,No,2020-08-16,2020,,,,,27.0,26.0,18.0,26.0,27.0,26.0,0.2,73.0,10.0,1012.0,39.25,29.0,21.0,26.0,116.0,116.0,176.0,0.0,7.0,10.4,météo favorable,,,,,,,,,,,,,barcelona
Spain,13,31,Esteban Ocon,Renault,15.0,65,+1 lap,0.0,No,2020-08-16,2020,,,,,27.0,26.0,18.0,26.0,27.0,26.0,0.2,73.0,10.0,1012.0,39.25,29.0,21.0,26.0,116.0,116.0,176.0,0.0,7.0,10.4,météo favorable,,,,,,,,,,,,,barcelona
Spain,14,7,Kimi Raikkönen,Alfa Romeo Racing Ferrari,14.0,65,+1 lap,0.0,No,2020-08-16,2020,,,,,27.0,26.0,18.0,26.0,27.0,26.0,0.2,73.0,10.0,1012.0,39.25,29.0,21.0,26.0,116.0,116.0,176.0,0.0,7.0,10.4,météo favorable,,,,,,,,,,,,,barcelona
Spain,15,20,Kevin Magnussen,Haas Ferrari,16.0,65,+1 lap,0.0,No,2020-08-16,2020,,,,,27.0,26.0,18.0,26.0,27.0,26.0,0.2,73.0,10.0,1012.0,39.25,29.0,21.0,26.0,116.0,116.0,176.0,0.0,7.0,10.4,météo favorable,,,,,,,,,,,,,barcelona
Spain,16,99,Antonio Giovinazzi,Alfa Romeo Racing Ferrari,20.0,65,+1 lap,0.0,No,2020-08-16,2020,,,,,27.0,26.0,18.0,26.0,27.0,26.0,0.2,73.0,10.0,1012.0,39.25,29.0,21.0,26.0,116.0,116.0,176.0,0.0,7.0,10.4,météo favorable,,,,,,,,,,,,,barcelona
Spain,17,63,George Russell,Williams Mercedes,18.0,65,+1 lap,0.0,No,2020-08-16,2020,,,,,27.0,26.0,18.0,26.0,27.0,26.0,0.2,73.0,10.0,1012.0,39.25,29.0,21.0,26.0,116.0,116.0,176.0,0.0,7.0,10.4,météo favorable,,,,,,,,,,,,,barcelona
Spain,18,6,Nicholas Latifi,Williams Mercedes,19.0,64,+2 laps,0.0,No,2020-08-16,2020,,,,,27.0,26.0,18.0,26.0,27.0,26.0,0.2,73.0,10.0,1012.0,39.25,29.0,21.0,26.0,116.0,116.0,176.0,0.0,7.0,10.4,météo favorable,,,,,,,,,,,,,barcelona
Spain,19,8,Romain Grosjean,Haas Ferrari,17.0,64,+2 laps,0.0,No,2020-08-16,2020,,,,,27.0,26.0,18.0,26.0,27.0,26.0,0.2,73.0,10.0,1012.0,39.25,29.0,21.0,26.0,116.0,116.0,176.0,0.0,7.0,10.4,météo favorable,,,,,,,,,,,,,barcelona
Spain,NC,16,Charles Leclerc,Ferrari,9.0,38,DNF,0.0,No,2020-08-16,2020,,,,,27.0,26.0,18.0,26.0,27.0,26.0,0.2,73.0,10.0,1012.0,39.25,29.0,21.0,26.0,116.0,116.0,176.0,0.0,7.0,10.4,météo favorable,,,,,,,,,,,,,barcelona
Belgium,1,44,Lewis Hamilton,Mercedes,1.0,44,1:24:08.761,25.0,No,2020-08-30,2020,,,,,19.0,9.0,12.0,9.0,18.0,16.0,0.4,95.0,6.625,1013.0,48.75,19.0,12.0,9.0,143.0,116.0,176.0,0.0,4.0,12.1,météo favorable,,,,,,,,,,,,,durbuy
Belgium,2,77,Valtteri Bottas,Mercedes,2.0,44,+8.448,18.0,No,2020-08-30,2020,,,,,19.0,9.0,12.0,9.0,18.0,16.0,0.4,95.0,6.625,1013.0,48.75,19.0,12.0,9.0,143.0,116.0,176.0,0.0,4.0,12.1,météo favorable,,,,,,,,,,,,,durbuy
Belgium,3,33,Max Verstappen,Red Bull Racing Honda,3.0,44,+15.455,15.0,No,2020-08-30,2020,,,,,19.0,9.0,12.0,9.0,18.0,16.0,0.4,95.0,6.625,1013.0,48.75,19.0,12.0,9.0,143.0,116.0,176.0,0.0,4.0,12.1,météo favorable,,,,,,,,,,,,,durbuy
Belgium,4,3,Daniel Ricciardo,Renault,4.0,44,+18.877,13.0,Yes,2020-08-30,2020,,,,,19.0,9.0,12.0,9.0,18.0,16.0,0.4,95.0,6.625,1013.0,48.75,19.0,12.0,9.0,143.0,116.0,176.0,0.0,4.0,12.1,météo favorable,,,,,,,,,,,,,durbuy
Belgium,5,31,Esteban Ocon,Renault,6.0,44,+40.650,10.0,No,2020-08-30,2020,,,,,19.0,9.0,12.0,9.0,18.0,16.0,0.4,95.0,6.625,1013.0,48.75,19.0,12.0,9.0,143.0,116.0,176.0,0.0,4.0,12.1,météo favorable,,,,,,,,,,,,,durbuy
Belgium,6,23,Alexander Albon,Red Bull Racing Honda,5.0,44,+42.712,8.0,No,2020-08-30,2020,,,,,19.0,9.0,12.0,9.0,18.0,16.0,0.4,95.0,6.625,1013.0,48.75,19.0,12.0,9.0,143.0,116.0,176.0,0.0,4.0,12.1,météo favorable,,,,,,,,,,,,,durbuy
Belgium,7,4,Lando Norris,McLaren Renault,10.0,44,+43.774,6.0,No,2020-08-30,2020,,,,,19.0,9.0,12.0,9.0,18.0,16.0,0.4,95.0,6.625,1013.0,48.75,19.0,12.0,9.0,143.0,116.0,176.0,0.0,4.0,12.1,météo favorable,,,,,,,,,,,,,durbuy
Belgium,8,10,Pierre Gasly,AlphaTauri Honda,12.0,44,+47.371,4.0,No,2020-08-30,2020,,,,,19.0,9.0,12.0,9.0,18.0,16.0,0.4,95.0,6.625,1013.0,48.75,19.0,12.0,9.0,143.0,116.0,176.0,0.0,4.0,12.1,météo favorable,,,,,,,,,,,,,durbuy
Belgium,9,18,Lance Stroll,Racing Point BWT Mercedes,9.0,44,+52.603,2.0,No,2020-08-30,2020,,,,,19.0,9.0,12.0,9.0,18.0,16.0,0.4,95.0,6.625,1013.0,48.75,19.0,12.0,9.0,143.0,116.0,176.0,0.0,4.0,12.1,météo favorable,,,,,,,,,,,,,durbuy
Belgium,10,11,Sergio Perez,Racing Point BWT Mercedes,8.0,44,+53.179,1.0,No,2020-08-30,2020,,,,,19.0,9.0,12.0,9.0,18.0,16.0,0.4,95.0,6.625,1013.0,48.75,19.0,12.0,9.0,143.0,116.0,176.0,0.0,4.0,12.1,météo favorable,,,,,,,,,,,,,durbuy
Belgium,11,26,Daniil Kvyat,AlphaTauri Honda,11.0,44,+70.200,0.0,No,2020-08-30,2020,,,,,19.0,9.0,12.0,9.0,18.0,16.0,0.4,95.0,6.625,1013.0,48.75,19.0,12.0,9.0,143.0,116.0,176.0,0.0,4.0,12.1,météo favorable,,,,,,,,,,,,,durbuy
Belgium,12,7,Kimi Raikkönen,Alfa Romeo Racing Ferrari,16.0,44,+71.504,0.0,No,2020-08-30,2020,,,,,19.0,9.0,12.0,9.0,18.0,16.0,0.4,95.0,6.625,1013.0,48.75,19.0,12.0,9.0,143.0,116.0,176.0,0.0,4.0,12.1,météo favorable,,,,,,,,,,,,,durbuy
Belgium,13,5,Sebastian Vettel,Ferrari,14.0,44,+72.894,0.0,No,2020-08-30,2020,,,,,19.0,9.0,12.0,9.0,18.0,16.0,0.4,95.0,6.625,1013.0,48.75,19.0,12.0,9.0,143.0,116.0,176.0,0.0,4.0,12.1,météo favorable,,,,,,,,,,,,,durbuy
Belgium,14,16,Charles Leclerc,Ferrari,13.0,44,+74.920,0.0,No,2020-08-30,2020,,,,,19.0,9.0,12.0,9.0,18.0,16.0,0.4,95.0,6.625,1013.0,48.75,19.0,12.0,9.0,143.0,116.0,176.0,0.0,4.0,12.1,météo favorable,,,,,,,,,,,,,durbuy
Belgium,15,8,Romain Grosjean,Haas Ferrari,17.0,44,+76.793,0.0,No,2020-08-30,2020,,,,,19.0,9.0,12.0,9.0,18.0,16.0,0.4,95.0,6.625,1013.0,48.75,19.0,12.0,9.0,143.0,116.0,176.0,0.0,4.0,12.1,météo favorable,,,,,,,,,,,,,durbuy
Belgium,16,6,Nicholas Latifi,Williams Mercedes,19.0,44,+77.795,0.0,No,2020-08-30,2020,,,,,19.0,9.0,12.0,9.0,18.0,16.0,0.4,95.0,6.625,1013.0,48.75,19.0,12.0,9.0,143.0,116.0,176.0,0.0,4.0,12.1,météo favorable,,,,,,,,,,,,,durbuy
Belgium,17,20,Kevin Magnussen,Haas Ferrari,20.0,44,+85.540,0.0,No,2020-08-30,2020,,,,,19.0,9.0,12.0,9.0,18.0,16.0,0.4,95.0,6.625,1013.0,48.75,19.0,12.0,9.0,143.0,116.0,176.0,0.0,4.0,12.1,météo favorable,,,,,,,,,,,,,durbuy
Belgium,NC,99,Antonio Giovinazzi,Alfa Romeo Racing Ferrari,18.0,9,DNF,0.0,No,2020-08-30,2020,,,,,19.0,9.0,12.0,9.0,18.0,16.0,0.4,95.0,6.625,1013.0,48.75,19.0,12.0,9.0,143.0,116.0,176.0,0.0,4.0,12.1,météo favorable,,,,,,,,,,,,,durbuy
Belgium,NC,63,George Russell,Williams Mercedes,15.0,9,DNF,0.0,No,2020-08-30,2020,,,,,19.0,9.0,12.0,9.0,18.0,16.0,0.4,95.0,6.625,1013.0,48.75,19.0,12.0,9.0,143.0,116.0,176.0,0.0,4.0,12.1,météo favorable,,,,,,,,,,,,,durbuy
Belgium,NC,55,Carlos Sainz,McLaren Renault,7.0,0,DNS,0.0,No,2020-08-30,2020,,,,,19.0,9.0,12.0,9.0,18.0,16.0,0.4,95.0,6.625,1013.0,48.75,19.0,12.0,9.0,143.0,116.0,176.0,0.0,4.0,12.1,météo favorable,,,,,,,,,,,,,durbuy
Italy,1,10,Pierre Gasly,AlphaTauri Honda,1.0,53,1:47:06.056,25.0,No,2020-09-06,2020,,,,,,,,,,,,,,,,,,,,,,,,,,,,,,,,,,,,,,
Italy,2,55,Carlos Sainz,McLaren Renault,3.0,53,+0.415,18.0,No,2020-09-06,2020,,,,,,,,,,,,,,,,,,,,,,,,,,,,,,,,,,,,,,
Italy,3,18,Lance Stroll,Racing Point BWT Mercedes,8.0,53,+3.358,15.0,No,2020-09-06,2020,,,,,,,,,,,,,,,,,,,,,,,,,,,,,,,,,,,,,,
Italy,4,4,Lando Norris,McLaren Renault,6.0,53,+6.000,12.0,No,2020-09-06,2020,,,,,,,,,,,,,,,,,,,,,,,,,,,,,,,,,,,,,,
Italy,5,77,Valtteri Bottas,Mercedes,2.0,53,+7.108,10.0,No,2020-09-06,2020,,,,,,,,,,,,,,,,,,,,,,,,,,,,,,,,,,,,,,
Italy,6,3,Daniel Ricciardo,Renault,7.0,53,+8.391,8.0,No,2020-09-06,2020,,,,,,,,,,,,,,,,,,,,,,,,,,,,,,,,,,,,,,
Italy,7,44,Lewis Hamilton,Mercedes,1.0,53,+17.245,7.0,Yes,2020-09-06,2020,,,,,,,,,,,,,,,,,,,,,,,,,,,,,,,,,,,,,,
Italy,8,31,Esteban Ocon,Renault,12.0,53,+18.691,4.0,No,2020-09-06,2020,,,,,,,,,,,,,,,,,,,,,,,,,,,,,,,,,,,,,,
Italy,9,26,Daniil Kvyat,AlphaTauri Honda,11.0,53,+22.208,2.0,No,2020-09-06,2020,,,,,,,,,,,,,,,,,,,,,,,,,,,,,,,,,,,,,,
Italy,10,11,Sergio Perez,Racing Point BWT Mercedes,4.0,53,+23.224,1.0,No,2020-09-06,2020,,,,,,,,,,,,,,,,,,,,,,,,,,,,,,,,,,,,,,
Italy,11,6,Nicholas Latifi,Williams Mercedes,20.0,53,+32.876,0.0,No,2020-09-06,2020,,,,,,,,,,,,,,,,,,,,,,,,,,,,,,,,,,,,,,
Italy,12,8,Romain Grosjean,Haas Ferrari,16.0,53,+35.164,0.0,No,2020-09-06,2020,,,,,,,,,,,,,,,,,,,,,,,,,,,,,,,,,,,,,,
Italy,13,7,Kimi Raikkönen,Alfa Romeo Racing Ferrari,14.0,53,+36.312,0.0,No,2020-09-06,2020,,,,,,,,,,,,,,,,,,,,,,,,,,,,,,,,,,,,,,
Italy,14,63,George Russell,Williams Mercedes,19.0,53,+36.593,0.0,No,2020-09-06,2020,,,,,,,,,,,,,,,,,,,,,,,,,,,,,,,,,,,,,,
Italy,15,23,Alexander Albon,Red Bull Racing Honda,9.0,53,+37.533,0.0,No,2020-09-06,2020,,,,,,,,,,,,,,,,,,,,,,,,,,,,,,,,,,,,,,
Italy,16,99,Antonio Giovinazzi,Alfa Romeo Racing Ferrari,18.0,53,+55.199,0.0,No,2020-09-06,2020,,,,,,,,,,,,,,,,,,,,,,,,,,,,,,,,,,,,,,
Italy,NC,33,Max Verstappen,Red Bull Racing Honda,5.0,30,DNF,0.0,No,2020-09-06,2020,,,,,,,,,,,,,,,,,,,,,,,,,,,,,,,,,,,,,,
Italy,NC,16,Charles Leclerc,Ferrari,13.0,23,DNF,0.0,No,2020-09-06,2020,,,,,,,,,,,,,,,,,,,,,,,,,,,,,,,,,,,,,,
Italy,NC,20,Kevin Magnussen,Haas Ferrari,15.0,17,DNF,0.0,No,2020-09-06,2020,,,,,,,,,,,,,,,,,,,,,,,,,,,,,,,,,,,,,,
Italy,NC,5,Sebastian Vettel,Ferrari,17.0,6,DNF,0.0,No,2020-09-06,2020,,,,,,,,,,,,,,,,,,,,,,,,,,,,,,,,,,,,,,
Tuscany,1,44,Lewis Hamilton,Mercedes,1.0,59,2:19:35.060,26.0,Yes,2020-09-13,2020,,,,,,,,,,,,,,,,,,,,,,,,,,,,,,,,,,,,,,
Tuscany,2,77,Valtteri Bottas,Mercedes,2.0,59,+4.880,18.0,No,2020-09-13,2020,,,,,,,,,,,,,,,,,,,,,,,,,,,,,,,,,,,,,,
Tuscany,3,23,Alexander Albon,Red Bull Racing Honda,4.0,59,+8.064,15.0,No,2020-09-13,2020,,,,,,,,,,,,,,,,,,,,,,,,,,,,,,,,,,,,,,
Tuscany,4,3,Daniel Ricciardo,Renault,8.0,59,+10.417,12.0,No,2020-09-13,2020,,,,,,,,,,,,,,,,,,,,,,,,,,,,,,,,,,,,,,
Tuscany,5,11,Sergio Perez,Racing Point BWT Mercedes,7.0,59,+15.650,10.0,No,2020-09-13,2020,,,,,,,,,,,,,,,,,,,,,,,,,,,,,,,,,,,,,,
Tuscany,6,4,Lando Norris,McLaren Renault,11.0,59,+18.883,8.0,No,2020-09-13,2020,,,,,,,,,,,,,,,,,,,,,,,,,,,,,,,,,,,,,,
Tuscany,7,26,Daniil Kvyat,AlphaTauri Honda,12.0,59,+21.756,6.0,No,2020-09-13,2020,,,,,,,,,,,,,,,,,,,,,,,,,,,,,,,,,,,,,,
Tuscany,8,16,Charles Leclerc,Ferrari,5.0,59,+28.345,4.0,No,2020-09-13,2020,,,,,,,,,,,,,,,,,,,,,,,,,,,,,,,,,,,,,,
Tuscany,9,7,Kimi Raikkönen,Alfa Romeo Racing Ferrari,13.0,59,+29.770,2.0,No,2020-09-13,2020,,,,,,,,,,,,,,,,,,,,,,,,,,,,,,,,,,,,,,
Tuscany,10,5,Sebastian Vettel,Ferrari,14.0,59,+29.983,1.0,No,2020-09-13,2020,,,,,,,,,,,,,,,,,,,,,,,,,,,,,,,,,,,,,,
Tuscany,11,63,George Russell,Williams Mercedes,18.0,59,+32.404,0.0,No,2020-09-13,2020,,,,,,,,,,,,,,,,,,,,,,,,,,,,,,,,,,,,,,
Tuscany,12,8,Romain Grosjean,Haas Ferrari,15.0,59,+42.036,0.0,No,2020-09-13,2020,,,,,,,,,,,,,,,,,,,,,,,,,,,,,,,,,,,,,,
Tuscany,NC,18,Lance Stroll,Racing Point BWT Mercedes,6.0,42,DNF,0.0,No,2020-09-13,2020,,,,,,,,,,,,,,,,,,,,,,,,,,,,,,,,,,,,,,
Tuscany,NC,31,Esteban Ocon,Renault,10.0,7,DNF,0.0,No,2020-09-13,2020,,,,,,,,,,,,,,,,,,,,,,,,,,,,,,,,,,,,,,
Tuscany,NC,6,Nicholas Latifi,Williams Mercedes,19.0,6,DNF,0.0,No,2020-09-13,2020,,,,,,,,,,,,,,,,,,,,,,,,,,,,,,,,,,,,,,
Tuscany,NC,20,Kevin Magnussen,Haas Ferrari,20.0,5,DNF,0.0,No,2020-09-13,2020,,,,,,,,,,,,,,,,,,,,,,,,,,,,,,,,,,,,,,
Tuscany,NC,99,Antonio Giovinazzi,Alfa Romeo Racing Ferrari,17.0,5,DNF,0.0,No,2020-09-13,2020,,,,,,,,,,,,,,,,,,,,,,,,,,,,,,,,,,,,,,
Tuscany,NC,55,Carlos Sainz,McLaren Renault,9.0,5,DNF,0.0,No,2020-09-13,2020,,,,,,,,,,,,,,,,,,,,,,,,,,,,,,,,,,,,,,
Tuscany,NC,33,Max Verstappen,Red Bull Racing Honda,3.0,0,DNF,0.0,No,2020-09-13,2020,,,,,,,,,,,,,,,,,,,,,,,,,,,,,,,,,,,,,,
Tuscany,NC,10,Pierre Gasly,AlphaTauri Honda,16.0,0,DNF,0.0,No,2020-09-13,2020,,,,,,,,,,,,,,,,,,,,,,,,,,,,,,,,,,,,,,
Russia,1,77,Valtteri Bottas,Mercedes,3.0,53,1:34:00.364,26.0,Yes,2020-09-27,2020,,,,,27.0,21.0,11.0,21.0,27.0,25.0,0.0,63.0,10.0,1015.0,8.0,29.0,19.0,21.0,116.0,116.0,116.0,0.0,7.0,11.6,météo favorable,,,,,,,,,,,,,
Russia,2,33,Max Verstappen,Red Bull Racing Honda,2.0,53,+7.729,18.0,No,2020-09-27,2020,,,,,27.0,21.0,11.0,21.0,27.0,25.0,0.0,63.0,10.0,1015.0,8.0,29.0,19.0,21.0,116.0,116.0,116.0,0.0,7.0,11.6,météo favorable,,,,,,,,,,,,,
Russia,3,44,Lewis Hamilton,Mercedes,1.0,53,+22.729,15.0,No,2020-09-27,2020,,,,,27.0,21.0,11.0,21.0,27.0,25.0,0.0,63.0,10.0,1015.0,8.0,29.0,19.0,21.0,116.0,116.0,116.0,0.0,7.0,11.6,météo favorable,,,,,,,,,,,,,
Russia,4,11,Sergio Perez,Racing Point BWT Mercedes,4.0,53,+30.558,12.0,No,2020-09-27,2020,,,,,27.0,21.0,11.0,21.0,27.0,25.0,0.0,63.0,10.0,1015.0,8.0,29.0,19.0,21.0,116.0,116.0,116.0,0.0,7.0,11.6,météo favorable,,,,,,,,,,,,,
Russia,5,3,Daniel Ricciardo,Renault,5.0,53,+52.065,10.0,No,2020-09-27,2020,,,,,27.0,21.0,11.0,21.0,27.0,25.0,0.0,63.0,10.0,1015.0,8.0,29.0,19.0,21.0,116.0,116.0,116.0,0.0,7.0,11.6,météo favorable,,,,,,,,,,,,,
Russia,6,16,Charles Leclerc,Ferrari,10.0,53,+62.186,8.0,No,2020-09-27,2020,,,,,27.0,21.0,11.0,21.0,27.0,25.0,0.0,63.0,10.0,1015.0,8.0,29.0,19.0,21.0,116.0,116.0,116.0,0.0,7.0,11.6,météo favorable,,,,,,,,,,,,,
Russia,7,31,Esteban Ocon,Renault,7.0,53,+68.006,6.0,No,2020-09-27,2020,,,,,27.0,21.0,11.0,21.0,27.0,25.0,0.0,63.0,10.0,1015.0,8.0,29.0,19.0,21.0,116.0,116.0,116.0,0.0,7.0,11.6,météo favorable,,,,,,,,,,,,,
Russia,8,26,Daniil Kvyat,AlphaTauri Honda,11.0,53,+68.740,4.0,No,2020-09-27,2020,,,,,27.0,21.0,11.0,21.0,27.0,25.0,0.0,63.0,10.0,1015.0,8.0,29.0,19.0,21.0,116.0,116.0,116.0,0.0,7.0,11.6,météo favorable,,,,,,,,,,,,,
Russia,9,10,Pierre Gasly,AlphaTauri Honda,9.0,53,+89.766,2.0,No,2020-09-27,2020,,,,,27.0,21.0,11.0,21.0,27.0,25.0,0.0,63.0,10.0,1015.0,8.0,29.0,19.0,21.0,116.0,116.0,116.0,0.0,7.0,11.6,météo favorable,,,,,,,,,,,,,
Russia,10,23,Alexander Albon,Red Bull Racing Honda,15.0,53,+97.860,1.0,No,2020-09-27,2020,,,,,27.0,21.0,11.0,21.0,27.0,25.0,0.0,63.0,10.0,1015.0,8.0,29.0,19.0,21.0,116.0,116.0,116.0,0.0,7.0,11.6,météo favorable,,,,,,,,,,,,,
Russia,11,99,Antonio Giovinazzi,Alfa Romeo Racing Ferrari,17.0,52,+1 lap,0.0,No,2020-09-27,2020,,,,,27.0,21.0,11.0,21.0,27.0,25.0,0.0,63.0,10.0,1015.0,8.0,29.0,19.0,21.0,116.0,116.0,116.0,0.0,7.0,11.6,météo favorable,,,,,,,,,,,,,
Russia,12,20,Kevin Magnussen,Haas Ferrari,18.0,52,+1 lap,0.0,No,2020-09-27,2020,,,,,27.0,21.0,11.0,21.0,27.0,25.0,0.0,63.0,10.0,1015.0,8.0,29.0,19.0,21.0,116.0,116.0,116.0,0.0,7.0,11.6,météo favorable,,,,,,,,,,,,,
Russia,13,5,Sebastian Vettel,Ferrari,14.0,52,+1 lap,0.0,No,2020-09-27,2020,,,,,27.0,21.0,11.0,21.0,27.0,25.0,0.0,63.0,10.0,1015.0,8.0,29.0,19.0,21.0,116.0,116.0,116.0,0.0,7.0,11.6,météo favorable,,,,,,,,,,,,,
Russia,14,7,Kimi Raikkönen,Alfa Romeo Racing Ferrari,19.0,52,+1 lap,0.0,No,2020-09-27,2020,,,,,27.0,21.0,11.0,21.0,27.0,25.0,0.0,63.0,10.0,1015.0,8.0,29.0,19.0,21.0,116.0,116.0,116.0,0.0,7.0,11.6,météo favorable,,,,,,,,,,,,,
Russia,15,4,Lando Norris,McLaren Renault,8.0,52,+1 lap,0.0,No,2020-09-27,2020,,,,,27.0,21.0,11.0,21.0,27.0,25.0,0.0,63.0,10.0,1015.0,8.0,29.0,19.0,21.0,116.0,116.0,116.0,0.0,7.0,11.6,météo favorable,,,,,,,,,,,,,
Russia,16,6,Nicholas Latifi,Williams Mercedes,20.0,52,+1 lap,0.0,No,2020-09-27,2020,,,,,27.0,21.0,11.0,21.0,27.0,25.0,0.0,63.0,10.0,1015.0,8.0,29.0,19.0,21.0,116.0,116.0,116.0,0.0,7.0,11.6,météo favorable,,,,,,,,,,,,,
Russia,17,8,Romain Grosjean,Haas Ferrari,16.0,52,+1 lap,0.0,No,2020-09-27,2020,,,,,27.0,21.0,11.0,21.0,27.0,25.0,0.0,63.0,10.0,1015.0,8.0,29.0,19.0,21.0,116.0,116.0,116.0,0.0,7.0,11.6,météo favorable,,,,,,,,,,,,,
Russia,18,63,George Russell,Williams Mercedes,13.0,52,+1 lap,0.0,No,2020-09-27,2020,,,,,27.0,21.0,11.0,21.0,27.0,25.0,0.0,63.0,10.0,1015.0,8.0,29.0,19.0,21.0,116.0,116.0,116.0,0.0,7.0,11.6,météo favorable,,,,,,,,,,,,,
Russia,NC,55,Carlos Sainz,McLaren Renault,6.0,0,DNF,0.0,No,2020-09-27,2020,,,,,27.0,21.0,11.0,21.0,27.0,25.0,0.0,63.0,10.0,1015.0,8.0,29.0,19.0,21.0,116.0,116.0,116.0,0.0,7.0,11.6,météo favorable,,,,,,,,,,,,,
Russia,NC,18,Lance Stroll,Racing Point BWT Mercedes,12.0,0,DNF,0.0,No,2020-09-27,2020,,,,,27.0,21.0,11.0,21.0,27.0,25.0,0.0,63.0,10.0,1015.0,8.0,29.0,19.0,21.0,116.0,116.0,116.0,0.0,7.0,11.6,météo favorable,,,,,,,,,,,,,
Eifel,1,44,Lewis Hamilton,Mercedes,2.0,60,1:35:49.641,25.0,No,2020-10-11,2020,,,,,,,,,,,,,,,,,,,,,,,,,,,,,,,,,,,,,,
Eifel,2,33,Max Verstappen,Red Bull Racing Honda,3.0,60,+4.470,19.0,Yes,2020-10-11,2020,,,,,,,,,,,,,,,,,,,,,,,,,,,,,,,,,,,,,,
Eifel,3,3,Daniel Ricciardo,Renault,6.0,60,+14.631,15.0,No,2020-10-11,2020,,,,,,,,,,,,,,,,,,,,,,,,,,,,,,,,,,,,,,
Eifel,4,11,Sergio Perez,Racing Point BWT Mercedes,9.0,60,+16.070,12.0,No,2020-10-11,2020,,,,,,,,,,,,,,,,,,,,,,,,,,,,,,,,,,,,,,
Eifel,5,55,Carlos Sainz,McLaren Renault,10.0,60,+21.905,10.0,No,2020-10-11,2020,,,,,,,,,,,,,,,,,,,,,,,,,,,,,,,,,,,,,,
Eifel,6,10,Pierre Gasly,AlphaTauri Honda,12.0,60,+22.766,8.0,No,2020-10-11,2020,,,,,,,,,,,,,,,,,,,,,,,,,,,,,,,,,,,,,,
Eifel,7,16,Charles Leclerc,Ferrari,4.0,60,+30.841,6.0,No,2020-10-11,2020,,,,,,,,,,,,,,,,,,,,,,,,,,,,,,,,,,,,,,
Eifel,8,27,Nico Hulkenberg,Racing Point BWT Mercedes,20.0,60,+32.596,4.0,No,2020-10-11,2020,,,,,,,,,,,,,,,,,,,,,,,,,,,,,,,,,,,,,,
Eifel,9,8,Romain Grosjean,Haas Ferrari,16.0,60,+39.081,2.0,No,2020-10-11,2020,,,,,,,,,,,,,,,,,,,,,,,,,,,,,,,,,,,,,,
Eifel,10,99,Antonio Giovinazzi,Alfa Romeo Racing Ferrari,14.0,60,+40.035,1.0,No,2020-10-11,2020,,,,,,,,,,,,,,,,,,,,,,,,,,,,,,,,,,,,,,
Eifel,11,5,Sebastian Vettel,Ferrari,11.0,60,+40.810,0.0,No,2020-10-11,2020,,,,,,,,,,,,,,,,,,,,,,,,,,,,,,,,,,,,,,
Eifel,12,7,Kimi Raikkönen,Alfa Romeo Racing Ferrari,19.0,60,+41.476,0.0,No,2020-10-11,2020,,,,,,,,,,,,,,,,,,,,,,,,,,,,,,,,,,,,,,
Eifel,13,20,Kevin Magnussen,Haas Ferrari,15.0,60,+49.585,0.0,No,2020-10-11,2020,,,,,,,,,,,,,,,,,,,,,,,,,,,,,,,,,,,,,,
Eifel,14,6,Nicholas Latifi,Williams Mercedes,18.0,60,+54.449,0.0,No,2020-10-11,2020,,,,,,,,,,,,,,,,,,,,,,,,,,,,,,,,,,,,,,
Eifel,15,26,Daniil Kvyat,AlphaTauri Honda,13.0,60,+55.588,0.0,No,2020-10-11,2020,,,,,,,,,,,,,,,,,,,,,,,,,,,,,,,,,,,,,,
Eifel,NC,4,Lando Norris,McLaren Renault,8.0,42,DNF,0.0,No,2020-10-11,2020,,,,,,,,,,,,,,,,,,,,,,,,,,,,,,,,,,,,,,
Eifel,NC,23,Alexander Albon,Red Bull Racing Honda,5.0,23,DNF,0.0,No,2020-10-11,2020,,,,,,,,,,,,,,,,,,,,,,,,,,,,,,,,,,,,,,
Eifel,NC,31,Esteban Ocon,Renault,7.0,22,DNF,0.0,No,2020-10-11,2020,,,,,,,,,,,,,,,,,,,,,,,,,,,,,,,,,,,,,,
Eifel,NC,77,Valtteri Bottas,Mercedes,1.0,18,DNF,0.0,No,2020-10-11,2020,,,,,,,,,,,,,,,,,,,,,,,,,,,,,,,,,,,,,,
Eifel,NC,63,George Russell,Williams Mercedes,17.0,12,DNF,0.0,No,2020-10-11,2020,,,,,,,,,,,,,,,,,,,,,,,,,,,,,,,,,,,,,,
Portugal,1,44,Lewis Hamilton,Mercedes,1.0,66,1:29:56.828,26.0,Yes,2020-11-25,2020,,,,,16.0,14.0,24.0,16.0,15.0,14.0,12.2,89.0,9.375,1019.0,83.875,16.0,13.0,14.0,353.0,302.0,176.0,0.0,3.0,5.0,météo défavorable,,,,,,,,,,,,,
Portugal,2,77,Valtteri Bottas,Mercedes,2.0,66,+25.592,18.0,No,2020-11-25,2020,,,,,16.0,14.0,24.0,16.0,15.0,14.0,12.2,89.0,9.375,1019.0,83.875,16.0,13.0,14.0,353.0,302.0,176.0,0.0,3.0,5.0,météo défavorable,,,,,,,,,,,,,
Portugal,3,33,Max Verstappen,Red Bull Racing Honda,3.0,66,+34.508,15.0,No,2020-11-25,2020,,,,,16.0,14.0,24.0,16.0,15.0,14.0,12.2,89.0,9.375,1019.0,83.875,16.0,13.0,14.0,353.0,302.0,176.0,0.0,3.0,5.0,météo défavorable,,,,,,,,,,,,,
Portugal,4,16,Charles Leclerc,Ferrari,4.0,66,+65.312,12.0,No,2020-11-25,2020,,,,,16.0,14.0,24.0,16.0,15.0,14.0,12.2,89.0,9.375,1019.0,83.875,16.0,13.0,14.0,353.0,302.0,176.0,0.0,3.0,5.0,météo défavorable,,,,,,,,,,,,,
Portugal,5,10,Pierre Gasly,AlphaTauri Honda,9.0,65,+1 lap,10.0,No,2020-11-25,2020,,,,,16.0,14.0,24.0,16.0,15.0,14.0,12.2,89.0,9.375,1019.0,83.875,16.0,13.0,14.0,353.0,302.0,176.0,0.0,3.0,5.0,météo défavorable,,,,,,,,,,,,,
Portugal,6,55,Carlos Sainz,McLaren Renault,7.0,65,+1 lap,8.0,No,2020-11-25,2020,,,,,16.0,14.0,24.0,16.0,15.0,14.0,12.2,89.0,9.375,1019.0,83.875,16.0,13.0,14.0,353.0,302.0,176.0,0.0,3.0,5.0,météo défavorable,,,,,,,,,,,,,
Portugal,7,11,Sergio Perez,Racing Point BWT Mercedes,5.0,65,+1 lap,6.0,No,2020-11-25,2020,,,,,16.0,14.0,24.0,16.0,15.0,14.0,12.2,89.0,9.375,1019.0,83.875,16.0,13.0,14.0,353.0,302.0,176.0,0.0,3.0,5.0,météo défavorable,,,,,,,,,,,,,
Portugal,8,31,Esteban Ocon,Renault,11.0,65,+1 lap,4.0,No,2020-11-25,2020,,,,,16.0,14.0,24.0,16.0,15.0,14.0,12.2,89.0,9.375,1019.0,83.875,16.0,13.0,14.0,353.0,302.0,176.0,0.0,3.0,5.0,météo défavorable,,,,,,,,,,,,,
Portugal,9,3,Daniel Ricciardo,Renault,10.0,65,+1 lap,2.0,No,2020-11-25,2020,,,,,16.0,14.0,24.0,16.0,15.0,14.0,12.2,89.0,9.375,1019.0,83.875,16.0,13.0,14.0,353.0,302.0,176.0,0.0,3.0,5.0,météo défavorable,,,,,,,,,,,,,
Portugal,10,5,Sebastian Vettel,Ferrari,15.0,65,+1 lap,1.0,No,2020-11-25,2020,,,,,16.0,14.0,24.0,16.0,15.0,14.0,12.2,89.0,9.375,1019.0,83.875,16.0,13.0,14.0,353.0,302.0,176.0,0.0,3.0,5.0,météo défavorable,,,,,,,,,,,,,
Portugal,11,7,Kimi Raikkönen,Alfa Romeo Racing Ferrari,16.0,65,+1 lap,0.0,No,2020-11-25,2020,,,,,16.0,14.0,24.0,16.0,15.0,14.0,12.2,89.0,9.375,1019.0,83.875,16.0,13.0,14.0,353.0,302.0,176.0,0.0,3.0,5.0,météo défavorable,,,,,,,,,,,,,
Portugal,12,23,Alexander Albon,Red Bull Racing Honda,6.0,65,+1 lap,0.0,No,2020-11-25,2020,,,,,16.0,14.0,24.0,16.0,15.0,14.0,12.2,89.0,9.375,1019.0,83.875,16.0,13.0,14.0,353.0,302.0,176.0,0.0,3.0,5.0,météo défavorable,,,,,,,,,,,,,
Portugal,13,4,Lando Norris,McLaren Renault,8.0,65,+1 lap,0.0,No,2020-11-25,2020,,,,,16.0,14.0,24.0,16.0,15.0,14.0,12.2,89.0,9.375,1019.0,83.875,16.0,13.0,14.0,353.0,302.0,176.0,0.0,3.0,5.0,météo défavorable,,,,,,,,,,,,,
Portugal,14,63,George Russell,Williams Mercedes,14.0,65,+1 lap,0.0,No,2020-11-25,2020,,,,,16.0,14.0,24.0,16.0,15.0,14.0,12.2,89.0,9.375,1019.0,83.875,16.0,13.0,14.0,353.0,302.0,176.0,0.0,3.0,5.0,météo défavorable,,,,,,,,,,,,,
Portugal,15,99,Antonio Giovinazzi,Alfa Romeo Racing Ferrari,17.0,65,+1 lap,0.0,No,2020-11-25,2020,,,,,16.0,14.0,24.0,16.0,15.0,14.0,12.2,89.0,9.375,1019.0,83.875,16.0,13.0,14.0,353.0,302.0,176.0,0.0,3.0,5.0,météo défavorable,,,,,,,,,,,,,
Portugal,16,20,Kevin Magnussen,Haas Ferrari,19.0,65,+1 lap,0.0,No,2020-11-25,2020,,,,,16.0,14.0,24.0,16.0,15.0,14.0,12.2,89.0,9.375,1019.0,83.875,16.0,13.0,14.0,353.0,302.0,176.0,0.0,3.0,5.0,météo défavorable,,,,,,,,,,,,,
Portugal,17,8,Romain Grosjean,Haas Ferrari,18.0,65,+1 lap,0.0,No,2020-11-25,2020,,,,,16.0,14.0,24.0,16.0,15.0,14.0,12.2,89.0,9.375,1019.0,83.875,16.0,13.0,14.0,353.0,302.0,176.0,0.0,3.0,5.0,météo défavorable,,,,,,,,,,,,,
Portugal,18,6,Nicholas Latifi,Williams Mercedes,20.0,64,+2 laps,0.0,No,2020-11-25,2020,,,,,16.0,14.0,24.0,16.0,15.0,14.0,12.2,89.0,9.375,1019.0,83.875,16.0,13.0,14.0,353.0,302.0,176.0,0.0,3.0,5.0,météo défavorable,,,,,,,,,,,,,
Portugal,19,26,Daniil Kvyat,AlphaTauri Honda,13.0,64,+2 laps,0.0,No,2020-11-25,2020,,,,,16.0,14.0,24.0,16.0,15.0,14.0,12.2,89.0,9.375,1019.0,83.875,16.0,13.0,14.0,353.0,302.0,176.0,0.0,3.0,5.0,météo défavorable,,,,,,,,,,,,,
Portugal,NC,18,Lance Stroll,Racing Point BWT Mercedes,12.0,51,DNF,0.0,No,2020-11-25,2020,,,,,16.0,14.0,24.0,16.0,15.0,14.0,12.2,89.0,9.375,1019.0,83.875,16.0,13.0,14.0,353.0,302.0,176.0,0.0,3.0,5.0,météo défavorable,,,,,,,,,,,,,
Emilia Romagna,1,44,Lewis Hamilton,Mercedes,2.0,63,1:28:32.430,26.0,Yes,2020-11-01,2020,,,,,,,,,,,,,,,,,,,,,,,,,,,,,,,,,,,,,,
Emilia Romagna,2,77,Valtteri Bottas,Mercedes,1.0,63,+5.783,18.0,No,2020-11-01,2020,,,,,,,,,,,,,,,,,,,,,,,,,,,,,,,,,,,,,,
Emilia Romagna,3,3,Daniel Ricciardo,Renault,5.0,63,+14.320,15.0,No,2020-11-01,2020,,,,,,,,,,,,,,,,,,,,,,,,,,,,,,,,,,,,,,
Emilia Romagna,4,26,Daniil Kvyat,AlphaTauri Honda,8.0,63,+15.141,12.0,No,2020-11-01,2020,,,,,,,,,,,,,,,,,,,,,,,,,,,,,,,,,,,,,,
Emilia Romagna,5,16,Charles Leclerc,Ferrari,7.0,63,+19.111,10.0,No,2020-11-01,2020,,,,,,,,,,,,,,,,,,,,,,,,,,,,,,,,,,,,,,
Emilia Romagna,6,11,Sergio Perez,Racing Point BWT Mercedes,11.0,63,+19.652,8.0,No,2020-11-01,2020,,,,,,,,,,,,,,,,,,,,,,,,,,,,,,,,,,,,,,
Emilia Romagna,7,55,Carlos Sainz,McLaren Renault,10.0,63,+20.230,6.0,No,2020-11-01,2020,,,,,,,,,,,,,,,,,,,,,,,,,,,,,,,,,,,,,,
Emilia Romagna,8,4,Lando Norris,McLaren Renault,9.0,63,+21.131,4.0,No,2020-11-01,2020,,,,,,,,,,,,,,,,,,,,,,,,,,,,,,,,,,,,,,
Emilia Romagna,9,7,Kimi Raikkönen,Alfa Romeo Racing Ferrari,18.0,63,+22.224,2.0,No,2020-11-01,2020,,,,,,,,,,,,,,,,,,,,,,,,,,,,,,,,,,,,,,
Emilia Romagna,10,99,Antonio Giovinazzi,Alfa Romeo Racing Ferrari,20.0,63,+26.398,1.0,No,2020-11-01,2020,,,,,,,,,,,,,,,,,,,,,,,,,,,,,,,,,,,,,,
Emilia Romagna,11,6,Nicholas Latifi,Williams Mercedes,19.0,63,+27.135,0.0,No,2020-11-01,2020,,,,,,,,,,,,,,,,,,,,,,,,,,,,,,,,,,,,,,
Emilia Romagna,12,5,Sebastian Vettel,Ferrari,14.0,63,+28.453,0.0,No,2020-11-01,2020,,,,,,,,,,,,,,,,,,,,,,,,,,,,,,,,,,,,,,
Emilia Romagna,13,18,Lance Stroll,Racing Point BWT Mercedes,15.0,63,+29.163,0.0,No,2020-11-01,2020,,,,,,,,,,,,,,,,,,,,,,,,,,,,,,,,,,,,,,
Emilia Romagna,14,8,Romain Grosjean,Haas Ferrari,16.0,63,+32.935,0.0,No,2020-11-01,2020,,,,,,,,,,,,,,,,,,,,,,,,,,,,,,,,,,,,,,
Emilia Romagna,15,23,Alexander Albon,Red Bull Racing Honda,6.0,63,+57.284,0.0,No,2020-11-01,2020,,,,,,,,,,,,,,,,,,,,,,,,,,,,,,,,,,,,,,
Emilia Romagna,NC,63,George Russell,Williams Mercedes,13.0,51,DNF,0.0,No,2020-11-01,2020,,,,,,,,,,,,,,,,,,,,,,,,,,,,,,,,,,,,,,
Emilia Romagna,NC,33,Max Verstappen,Red Bull Racing Honda,3.0,50,DNF,0.0,No,2020-11-01,2020,,,,,,,,,,,,,,,,,,,,,,,,,,,,,,,,,,,,,,
Emilia Romagna,NC,20,Kevin Magnussen,Haas Ferrari,17.0,47,DNF,0.0,No,2020-11-01,2020,,,,,,,,,,,,,,,,,,,,,,,,,,,,,,,,,,,,,,
Emilia Romagna,NC,31,Esteban Ocon,Renault,12.0,27,DNF,0.0,No,2020-11-01,2020,,,,,,,,,,,,,,,,,,,,,,,,,,,,,,,,,,,,,,
Emilia Romagna,NC,10,Pierre Gasly,AlphaTauri Honda,4.0,8,DNF,0.0,No,2020-11-01,2020,,,,,,,,,,,,,,,,,,,,,,,,,,,,,,,,,,,,,,
Turkey,1,44,Lewis Hamilton,Mercedes,6.0,58,1:42:19.313,25.0,No,2020-11-15,2020,,,,,15.0,12.0,11.0,12.0,13.0,14.0,0.4,75.0,10.0,1024.0,50.625,15.0,10.0,11.0,116.0,116.0,353.0,0.0,3.0,8.7,météo correcte,,,,,,,,,,,,,
Turkey,2,11,Sergio Perez,Racing Point BWT Mercedes,3.0,58,+31.633,18.0,No,2020-11-15,2020,,,,,15.0,12.0,11.0,12.0,13.0,14.0,0.4,75.0,10.0,1024.0,50.625,15.0,10.0,11.0,116.0,116.0,353.0,0.0,3.0,8.7,météo correcte,,,,,,,,,,,,,
Turkey,3,5,Sebastian Vettel,Ferrari,11.0,58,+31.960,15.0,No,2020-11-15,2020,,,,,15.0,12.0,11.0,12.0,13.0,14.0,0.4,75.0,10.0,1024.0,50.625,15.0,10.0,11.0,116.0,116.0,353.0,0.0,3.0,8.7,météo correcte,,,,,,,,,,,,,
Turkey,4,16,Charles Leclerc,Ferrari,12.0,58,+33.858,12.0,No,2020-11-15,2020,,,,,15.0,12.0,11.0,12.0,13.0,14.0,0.4,75.0,10.0,1024.0,50.625,15.0,10.0,11.0,116.0,116.0,353.0,0.0,3.0,8.7,météo correcte,,,,,,,,,,,,,
Turkey,5,55,Carlos Sainz,McLaren Renault,15.0,58,+34.363,10.0,No,2020-11-15,2020,,,,,15.0,12.0,11.0,12.0,13.0,14.0,0.4,75.0,10.0,1024.0,50.625,15.0,10.0,11.0,116.0,116.0,353.0,0.0,3.0,8.7,météo correcte,,,,,,,,,,,,,
Turkey,6,33,Max Verstappen,Red Bull Racing Honda,2.0,58,+44.873,8.0,No,2020-11-15,2020,,,,,15.0,12.0,11.0,12.0,13.0,14.0,0.4,75.0,10.0,1024.0,50.625,15.0,10.0,11.0,116.0,116.0,353.0,0.0,3.0,8.7,météo correcte,,,,,,,,,,,,,
Turkey,7,23,Alexander Albon,Red Bull Racing Honda,4.0,58,+46.484,6.0,No,2020-11-15,2020,,,,,15.0,12.0,11.0,12.0,13.0,14.0,0.4,75.0,10.0,1024.0,50.625,15.0,10.0,11.0,116.0,116.0,353.0,0.0,3.0,8.7,météo correcte,,,,,,,,,,,,,
Turkey,8,4,Lando Norris,McLaren Renault,14.0,58,+61.259,5.0,Yes,2020-11-15,2020,,,,,15.0,12.0,11.0,12.0,13.0,14.0,0.4,75.0,10.0,1024.0,50.625,15.0,10.0,11.0,116.0,116.0,353.0,0.0,3.0,8.7,météo correcte,,,,,,,,,,,,,
Turkey,9,18,Lance Stroll,Racing Point BWT Mercedes,1.0,58,+72.353,2.0,No,2020-11-15,2020,,,,,15.0,12.0,11.0,12.0,13.0,14.0,0.4,75.0,10.0,1024.0,50.625,15.0,10.0,11.0,116.0,116.0,353.0,0.0,3.0,8.7,météo correcte,,,,,,,,,,,,,
Turkey,10,3,Daniel Ricciardo,Renault,5.0,58,+95.460,1.0,No,2020-11-15,2020,,,,,15.0,12.0,11.0,12.0,13.0,14.0,0.4,75.0,10.0,1024.0,50.625,15.0,10.0,11.0,116.0,116.0,353.0,0.0,3.0,8.7,météo correcte,,,,,,,,,,,,,
Turkey,11,31,Esteban Ocon,Renault,7.0,57,+1 lap,0.0,No,2020-11-15,2020,,,,,15.0,12.0,11.0,12.0,13.0,14.0,0.4,75.0,10.0,1024.0,50.625,15.0,10.0,11.0,116.0,116.0,353.0,0.0,3.0,8.7,météo correcte,,,,,,,,,,,,,
Turkey,12,26,Daniil Kvyat,AlphaTauri Honda,16.0,57,+1 lap,0.0,No,2020-11-15,2020,,,,,15.0,12.0,11.0,12.0,13.0,14.0,0.4,75.0,10.0,1024.0,50.625,15.0,10.0,11.0,116.0,116.0,353.0,0.0,3.0,8.7,météo correcte,,,,,,,,,,,,,
Turkey,13,10,Pierre Gasly,AlphaTauri Honda,19.0,57,+1 lap,0.0,No,2020-11-15,2020,,,,,15.0,12.0,11.0,12.0,13.0,14.0,0.4,75.0,10.0,1024.0,50.625,15.0,10.0,11.0,116.0,116.0,353.0,0.0,3.0,8.7,météo correcte,,,,,,,,,,,,,
Turkey,14,77,Valtteri Bottas,Mercedes,9.0,57,+1 lap,0.0,No,2020-11-15,2020,,,,,15.0,12.0,11.0,12.0,13.0,14.0,0.4,75.0,10.0,1024.0,50.625,15.0,10.0,11.0,116.0,116.0,353.0,0.0,3.0,8.7,météo correcte,,,,,,,,,,,,,
Turkey,15,7,Kimi Raikkönen,Alfa Romeo Racing Ferrari,8.0,57,+1 lap,0.0,No,2020-11-15,2020,,,,,15.0,12.0,11.0,12.0,13.0,14.0,0.4,75.0,10.0,1024.0,50.625,15.0,10.0,11.0,116.0,116.0,353.0,0.0,3.0,8.7,météo correcte,,,,,,,,,,,,,
Turkey,16,63,George Russell,Williams Mercedes,20.0,57,+1 lap,0.0,No,2020-11-15,2020,,,,,15.0,12.0,11.0,12.0,13.0,14.0,0.4,75.0,10.0,1024.0,50.625,15.0,10.0,11.0,116.0,116.0,353.0,0.0,3.0,8.7,météo correcte,,,,,,,,,,,,,
Turkey,17,20,Kevin Magnussen,Haas Ferrari,13.0,55,DNF,0.0,No,2020-11-15,2020,,,,,15.0,12.0,11.0,12.0,13.0,14.0,0.4,75.0,10.0,1024.0,50.625,15.0,10.0,11.0,116.0,116.0,353.0,0.0,3.0,8.7,météo correcte,,,,,,,,,,,,,
Turkey,NC,8,Romain Grosjean,Haas Ferrari,17.0,49,DNF,0.0,No,2020-11-15,2020,,,,,15.0,12.0,11.0,12.0,13.0,14.0,0.4,75.0,10.0,1024.0,50.625,15.0,10.0,11.0,116.0,116.0,353.0,0.0,3.0,8.7,météo correcte,,,,,,,,,,,,,
Turkey,NC,6,Nicholas Latifi,Williams Mercedes,18.0,39,DNF,0.0,No,2020-11-15,2020,,,,,15.0,12.0,11.0,12.0,13.0,14.0,0.4,75.0,10.0,1024.0,50.625,15.0,10.0,11.0,116.0,116.0,353.0,0.0,3.0,8.7,météo correcte,,,,,,,,,,,,,
Turkey,NC,99,Antonio Giovinazzi,Alfa Romeo Racing Ferrari,10.0,11,DNF,0.0,No,2020-11-15,2020,,,,,15.0,12.0,11.0,12.0,13.0,14.0,0.4,75.0,10.0,1024.0,50.625,15.0,10.0,11.0,116.0,116.0,353.0,0.0,3.0,8.7,météo correcte,,,,,,,,,,,,,
Bahrain,1,44,Lewis Hamilton,Mercedes,1.0,57,2:59:47.515,25.0,No,2020-11-29,2020,,,,,26.0,24.0,25.0,24.0,25.0,24.0,0.0,75.0,10.0,1018.0,31.625,27.0,20.0,24.0,116.0,116.0,116.0,0.0,6.0,8.7,météo favorable,,,,,,,,,,,,,manama
Bahrain,2,33,Max Verstappen,Red Bull Racing Honda,3.0,57,+1.254,19.0,Yes,2020-11-29,2020,,,,,26.0,24.0,25.0,24.0,25.0,24.0,0.0,75.0,10.0,1018.0,31.625,27.0,20.0,24.0,116.0,116.0,116.0,0.0,6.0,8.7,météo favorable,,,,,,,,,,,,,manama
Bahrain,3,23,Alexander Albon,Red Bull Racing Honda,4.0,57,+8.005,15.0,No,2020-11-29,2020,,,,,26.0,24.0,25.0,24.0,25.0,24.0,0.0,75.0,10.0,1018.0,31.625,27.0,20.0,24.0,116.0,116.0,116.0,0.0,6.0,8.7,météo favorable,,,,,,,,,,,,,manama
Bahrain,4,4,Lando Norris,McLaren Renault,9.0,57,+11.337,12.0,No,2020-11-29,2020,,,,,26.0,24.0,25.0,24.0,25.0,24.0,0.0,75.0,10.0,1018.0,31.625,27.0,20.0,24.0,116.0,116.0,116.0,0.0,6.0,8.7,météo favorable,,,,,,,,,,,,,manama
Bahrain,5,55,Carlos Sainz,McLaren Renault,15.0,57,+11.787,10.0,No,2020-11-29,2020,,,,,26.0,24.0,25.0,24.0,25.0,24.0,0.0,75.0,10.0,1018.0,31.625,27.0,20.0,24.0,116.0,116.0,116.0,0.0,6.0,8.7,météo favorable,,,,,,,,,,,,,manama
Bahrain,6,10,Pierre Gasly,AlphaTauri Honda,8.0,57,+11.942,8.0,No,2020-11-29,2020,,,,,26.0,24.0,25.0,24.0,25.0,24.0,0.0,75.0,10.0,1018.0,31.625,27.0,20.0,24.0,116.0,116.0,116.0,0.0,6.0,8.7,météo favorable,,,,,,,,,,,,,manama
Bahrain,7,3,Daniel Ricciardo,Renault,6.0,57,+19.368,6.0,No,2020-11-29,2020,,,,,26.0,24.0,25.0,24.0,25.0,24.0,0.0,75.0,10.0,1018.0,31.625,27.0,20.0,24.0,116.0,116.0,116.0,0.0,6.0,8.7,météo favorable,,,,,,,,,,,,,manama
Bahrain,8,77,Valtteri Bottas,Mercedes,2.0,57,+19.680,4.0,No,2020-11-29,2020,,,,,26.0,24.0,25.0,24.0,25.0,24.0,0.0,75.0,10.0,1018.0,31.625,27.0,20.0,24.0,116.0,116.0,116.0,0.0,6.0,8.7,météo favorable,,,,,,,,,,,,,manama
Bahrain,9,31,Esteban Ocon,Renault,7.0,57,+22.803,2.0,No,2020-11-29,2020,,,,,26.0,24.0,25.0,24.0,25.0,24.0,0.0,75.0,10.0,1018.0,31.625,27.0,20.0,24.0,116.0,116.0,116.0,0.0,6.0,8.7,météo favorable,,,,,,,,,,,,,manama
Bahrain,10,16,Charles Leclerc,Ferrari,12.0,56,+1 lap,1.0,No,2020-11-29,2020,,,,,26.0,24.0,25.0,24.0,25.0,24.0,0.0,75.0,10.0,1018.0,31.625,27.0,20.0,24.0,116.0,116.0,116.0,0.0,6.0,8.7,météo favorable,,,,,,,,,,,,,manama
Bahrain,11,26,Daniil Kvyat,AlphaTauri Honda,10.0,56,+1 lap,0.0,No,2020-11-29,2020,,,,,26.0,24.0,25.0,24.0,25.0,24.0,0.0,75.0,10.0,1018.0,31.625,27.0,20.0,24.0,116.0,116.0,116.0,0.0,6.0,8.7,météo favorable,,,,,,,,,,,,,manama
Bahrain,12,63,George Russell,Williams Mercedes,14.0,56,+1 lap,0.0,No,2020-11-29,2020,,,,,26.0,24.0,25.0,24.0,25.0,24.0,0.0,75.0,10.0,1018.0,31.625,27.0,20.0,24.0,116.0,116.0,116.0,0.0,6.0,8.7,météo favorable,,,,,,,,,,,,,manama
Bahrain,13,5,Sebastian Vettel,Ferrari,11.0,56,+1 lap,0.0,No,2020-11-29,2020,,,,,26.0,24.0,25.0,24.0,25.0,24.0,0.0,75.0,10.0,1018.0,31.625,27.0,20.0,24.0,116.0,116.0,116.0,0.0,6.0,8.7,météo favorable,,,,,,,,,,,,,manama
Bahrain,14,6,Nicholas Latifi,Williams Mercedes,20.0,56,+1 lap,0.0,No,2020-11-29,2020,,,,,26.0,24.0,25.0,24.0,25.0,24.0,0.0,75.0,10.0,1018.0,31.625,27.0,20.0,24.0,116.0,116.0,116.0,0.0,6.0,8.7,météo favorable,,,,,,,,,,,,,manama
Bahrain,15,7,Kimi Raikkönen,Alfa Romeo Racing Ferrari,17.0,56,+1 lap,0.0,No,2020-11-29,2020,,,,,26.0,24.0,25.0,24.0,25.0,24.0,0.0,75.0,10.0,1018.0,31.625,27.0,20.0,24.0,116.0,116.0,116.0,0.0,6.0,8.7,météo favorable,,,,,,,,,,,,,manama
Bahrain,16,99,Antonio Giovinazzi,Alfa Romeo Racing Ferrari,16.0,56,+1 lap,0.0,No,2020-11-29,2020,,,,,26.0,24.0,25.0,24.0,25.0,24.0,0.0,75.0,10.0,1018.0,31.625,27.0,20.0,24.0,116.0,116.0,116.0,0.0,6.0,8.7,météo favorable,,,,,,,,,,,,,manama
Bahrain,17,20,Kevin Magnussen,Haas Ferrari,18.0,56,+1 lap,0.0,No,2020-11-29,2020,,,,,26.0,24.0,25.0,24.0,25.0,24.0,0.0,75.0,10.0,1018.0,31.625,27.0,20.0,24.0,116.0,116.0,116.0,0.0,6.0,8.7,météo favorable,,,,,,,,,,,,,manama
Bahrain,18,11,Sergio Perez,Racing Point BWT Mercedes,5.0,53,DNF,0.0,No,2020-11-29,2020,,,,,26.0,24.0,25.0,24.0,25.0,24.0,0.0,75.0,10.0,1018.0,31.625,27.0,20.0,24.0,116.0,116.0,116.0,0.0,6.0,8.7,météo favorable,,,,,,,,,,,,,manama
Bahrain,NC,18,Lance Stroll,Racing Point BWT Mercedes,13.0,2,DNF,0.0,No,2020-11-29,2020,,,,,26.0,24.0,25.0,24.0,25.0,24.0,0.0,75.0,10.0,1018.0,31.625,27.0,20.0,24.0,116.0,116.0,116.0,0.0,6.0,8.7,météo favorable,,,,,,,,,,,,,manama
Bahrain,NC,8,Romain Grosjean,Haas Ferrari,19.0,0,DNF,0.0,No,2020-11-29,2020,,,,,26.0,24.0,25.0,24.0,25.0,24.0,0.0,75.0,10.0,1018.0,31.625,27.0,20.0,24.0,116.0,116.0,116.0,0.0,6.0,8.7,météo favorable,,,,,,,,,,,,,manama
Sakhir,1,11,Sergio Perez,Racing Point BWT Mercedes,5.0,87,1:31:15.114,25.0,No,2020-12-06,2020,,,,,,,,,,,,,,,,,,,,,,,,,,,,,,,,,,,,,,
Sakhir,2,31,Esteban Ocon,Renault,11.0,87,+10.518,18.0,No,2020-12-06,2020,,,,,,,,,,,,,,,,,,,,,,,,,,,,,,,,,,,,,,
Sakhir,3,18,Lance Stroll,Racing Point BWT Mercedes,10.0,87,+11.869,15.0,No,2020-12-06,2020,,,,,,,,,,,,,,,,,,,,,,,,,,,,,,,,,,,,,,
Sakhir,4,55,Carlos Sainz,McLaren Renault,8.0,87,+12.580,12.0,No,2020-12-06,2020,,,,,,,,,,,,,,,,,,,,,,,,,,,,,,,,,,,,,,
Sakhir,5,3,Daniel Ricciardo,Renault,7.0,87,+13.330,10.0,No,2020-12-06,2020,,,,,,,,,,,,,,,,,,,,,,,,,,,,,,,,,,,,,,
Sakhir,6,23,Alexander Albon,Red Bull Racing Honda,12.0,87,+13.842,8.0,No,2020-12-06,2020,,,,,,,,,,,,,,,,,,,,,,,,,,,,,,,,,,,,,,
Sakhir,7,26,Daniil Kvyat,AlphaTauri Honda,6.0,87,+14.534,6.0,No,2020-12-06,2020,,,,,,,,,,,,,,,,,,,,,,,,,,,,,,,,,,,,,,
Sakhir,8,77,Valtteri Bottas,Mercedes,1.0,87,+15.389,4.0,No,2020-12-06,2020,,,,,,,,,,,,,,,,,,,,,,,,,,,,,,,,,,,,,,
Sakhir,9,63,George Russell,Mercedes,2.0,87,+18.556,3.0,Yes,2020-12-06,2020,,,,,,,,,,,,,,,,,,,,,,,,,,,,,,,,,,,,,,
Sakhir,10,4,Lando Norris,McLaren Renault,15.0,87,+19.541,1.0,No,2020-12-06,2020,,,,,,,,,,,,,,,,,,,,,,,,,,,,,,,,,,,,,,
Sakhir,11,10,Pierre Gasly,AlphaTauri Honda,9.0,87,+20.527,0.0,No,2020-12-06,2020,,,,,,,,,,,,,,,,,,,,,,,,,,,,,,,,,,,,,,
Sakhir,12,5,Sebastian Vettel,Ferrari,13.0,87,+22.611,0.0,No,2020-12-06,2020,,,,,,,,,,,,,,,,,,,,,,,,,,,,,,,,,,,,,,
Sakhir,13,99,Antonio Giovinazzi,Alfa Romeo Racing Ferrari,14.0,87,+24.111,0.0,No,2020-12-06,2020,,,,,,,,,,,,,,,,,,,,,,,,,,,,,,,,,,,,,,
Sakhir,14,7,Kimi Raikkönen,Alfa Romeo Racing Ferrari,19.0,87,+26.153,0.0,No,2020-12-06,2020,,,,,,,,,,,,,,,,,,,,,,,,,,,,,,,,,,,,,,
Sakhir,15,20,Kevin Magnussen,Haas Ferrari,16.0,87,+32.370,0.0,No,2020-12-06,2020,,,,,,,,,,,,,,,,,,,,,,,,,,,,,,,,,,,,,,
Sakhir,16,89,Jack Aitken,Williams Mercedes,18.0,87,+33.674,0.0,No,2020-12-06,2020,,,,,,,,,,,,,,,,,,,,,,,,,,,,,,,,,,,,,,
Sakhir,17,51,Pietro Fittipaldi,Haas Ferrari,20.0,87,+36.858,0.0,No,2020-12-06,2020,,,,,,,,,,,,,,,,,,,,,,,,,,,,,,,,,,,,,,
Sakhir,NC,6,Nicholas Latifi,Williams Mercedes,17.0,52,DNF,0.0,No,2020-12-06,2020,,,,,,,,,,,,,,,,,,,,,,,,,,,,,,,,,,,,,,
Sakhir,NC,33,Max Verstappen,Red Bull Racing Honda,3.0,0,DNF,0.0,No,2020-12-06,2020,,,,,,,,,,,,,,,,,,,,,,,,,,,,,,,,,,,,,,
Sakhir,NC,16,Charles Leclerc,Ferrari,4.0,0,DNF,0.0,No,2020-12-06,2020,,,,,,,,,,,,,,,,,,,,,,,,,,,,,,,,,,,,,,
Abu Dhabi,1,33,Max Verstappen,Red Bull Racing Honda,1.0,55,1:36:28.645,25.0,No,2020-12-13,2020,,,,,,,,,,,,,,,,,,,,,,,,,,,,,,,,,,,,,,
Abu Dhabi,2,77,Valtteri Bottas,Mercedes,2.0,55,+15.976,18.0,No,2020-12-13,2020,,,,,,,,,,,,,,,,,,,,,,,,,,,,,,,,,,,,,,
Abu Dhabi,3,44,Lewis Hamilton,Mercedes,3.0,55,+18.415,15.0,No,2020-12-13,2020,,,,,,,,,,,,,,,,,,,,,,,,,,,,,,,,,,,,,,
Abu Dhabi,4,23,Alexander Albon,Red Bull Racing Honda,5.0,55,+19.987,12.0,No,2020-12-13,2020,,,,,,,,,,,,,,,,,,,,,,,,,,,,,,,,,,,,,,
Abu Dhabi,5,4,Lando Norris,McLaren Renault,4.0,55,+60.729,10.0,No,2020-12-13,2020,,,,,,,,,,,,,,,,,,,,,,,,,,,,,,,,,,,,,,
Abu Dhabi,6,55,Carlos Sainz,McLaren Renault,6.0,55,+65.662,8.0,No,2020-12-13,2020,,,,,,,,,,,,,,,,,,,,,,,,,,,,,,,,,,,,,,
Abu Dhabi,7,3,Daniel Ricciardo,Renault,11.0,55,+73.748,7.0,Yes,2020-12-13,2020,,,,,,,,,,,,,,,,,,,,,,,,,,,,,,,,,,,,,,
Abu Dhabi,8,10,Pierre Gasly,AlphaTauri Honda,9.0,55,+89.718,4.0,No,2020-12-13,2020,,,,,,,,,,,,,,,,,,,,,,,,,,,,,,,,,,,,,,
Abu Dhabi,9,31,Esteban Ocon,Renault,10.0,55,+101.069,2.0,No,2020-12-13,2020,,,,,,,,,,,,,,,,,,,,,,,,,,,,,,,,,,,,,,
Abu Dhabi,10,18,Lance Stroll,Racing Point BWT Mercedes,8.0,55,+102.738,1.0,No,2020-12-13,2020,,,,,,,,,,,,,,,,,,,,,,,,,,,,,,,,,,,,,,
Abu Dhabi,11,26,Daniil Kvyat,AlphaTauri Honda,7.0,54,+1 lap,0.0,No,2020-12-13,2020,,,,,,,,,,,,,,,,,,,,,,,,,,,,,,,,,,,,,,
Abu Dhabi,12,7,Kimi Raikkönen,Alfa Romeo Racing Ferrari,15.0,54,+1 lap,0.0,No,2020-12-13,2020,,,,,,,,,,,,,,,,,,,,,,,,,,,,,,,,,,,,,,
Abu Dhabi,13,16,Charles Leclerc,Ferrari,12.0,54,+1 lap,0.0,No,2020-12-13,2020,,,,,,,,,,,,,,,,,,,,,,,,,,,,,,,,,,,,,,
Abu Dhabi,14,5,Sebastian Vettel,Ferrari,13.0,54,+1 lap,0.0,No,2020-12-13,2020,,,,,,,,,,,,,,,,,,,,,,,,,,,,,,,,,,,,,,
Abu Dhabi,15,63,George Russell,Williams Mercedes,16.0,54,+1 lap,0.0,No,2020-12-13,2020,,,,,,,,,,,,,,,,,,,,,,,,,,,,,,,,,,,,,,
Abu Dhabi,16,99,Antonio Giovinazzi,Alfa Romeo Racing Ferrari,14.0,54,+1 lap,0.0,No,2020-12-13,2020,,,,,,,,,,,,,,,,,,,,,,,,,,,,,,,,,,,,,,
Abu Dhabi,17,6,Nicholas Latifi,Williams Mercedes,18.0,54,+1 lap,0.0,No,2020-12-13,2020,,,,,,,,,,,,,,,,,,,,,,,,,,,,,,,,,,,,,,
Abu Dhabi,18,20,Kevin Magnussen,Haas Ferrari,20.0,54,+1 lap,0.0,No,2020-12-13,2020,,,,,,,,,,,,,,,,,,,,,,,,,,,,,,,,,,,,,,
Abu Dhabi,19,51,Pietro Fittipaldi,Haas Ferrari,17.0,53,+2 laps,0.0,No,2020-12-13,2020,,,,,,,,,,,,,,,,,,,,,,,,,,,,,,,,,,,,,,
Abu Dhabi,NC,11,Sergio Perez,Racing Point BWT Mercedes,19.0,8,DNF,0.0,No,2020-12-13,2020,,,,,,,,,,,,,,,,,,,,,,,,,,,,,,,,,,,,,,
Bahrain,1,44,Lewis Hamilton,Mercedes,2.0,56,,25.0,1:34.015,2021-03-28,2021,1:32:03.897,No,,,24.0,21.0,42.0,22.0,21.0,21.0,0.0,72.0,10.0,1015.0,0.0,26.0,17.0,21.0,113.0,113.0,113.0,0.0,6.0,11.6,météo idéale,,,,,,,,,,,,,manama
Bahrain,2,33,Max Verstappen,Red Bull Racing Honda,1.0,56,,18.0,1:33.228,2021-03-28,2021,+0.745,No,,,24.0,21.0,42.0,22.0,21.0,21.0,0.0,72.0,10.0,1015.0,0.0,26.0,17.0,21.0,113.0,113.0,113.0,0.0,6.0,11.6,météo idéale,,,,,,,,,,,,,manama
Bahrain,3,77,Valtteri Bottas,Mercedes,3.0,56,,16.0,1:32.090,2021-03-28,2021,+37.383,Yes,,,24.0,21.0,42.0,22.0,21.0,21.0,0.0,72.0,10.0,1015.0,0.0,26.0,17.0,21.0,113.0,113.0,113.0,0.0,6.0,11.6,météo idéale,,,,,,,,,,,,,manama
Bahrain,4,4,Lando Norris,McLaren Mercedes,7.0,56,,12.0,1:34.396,2021-03-28,2021,+46.466,No,,,24.0,21.0,42.0,22.0,21.0,21.0,0.0,72.0,10.0,1015.0,0.0,26.0,17.0,21.0,113.0,113.0,113.0,0.0,6.0,11.6,météo idéale,,,,,,,,,,,,,manama
Bahrain,5,11,Sergio Perez,Red Bull Racing Honda,11.0,56,,10.0,1:33.970,2021-03-28,2021,+52.047,No,,,24.0,21.0,42.0,22.0,21.0,21.0,0.0,72.0,10.0,1015.0,0.0,26.0,17.0,21.0,113.0,113.0,113.0,0.0,6.0,11.6,météo idéale,,,,,,,,,,,,,manama
Bahrain,6,16,Charles Leclerc,Ferrari,4.0,56,,8.0,1:34.988,2021-03-28,2021,+59.090,No,,,24.0,21.0,42.0,22.0,21.0,21.0,0.0,72.0,10.0,1015.0,0.0,26.0,17.0,21.0,113.0,113.0,113.0,0.0,6.0,11.6,météo idéale,,,,,,,,,,,,,manama
Bahrain,7,3,Daniel Ricciardo,McLaren Mercedes,6.0,56,,6.0,1:34.932,2021-03-28,2021,+66.004,No,,,24.0,21.0,42.0,22.0,21.0,21.0,0.0,72.0,10.0,1015.0,0.0,26.0,17.0,21.0,113.0,113.0,113.0,0.0,6.0,11.6,météo idéale,,,,,,,,,,,,,manama
Bahrain,8,55,Carlos Sainz,Ferrari,8.0,56,,4.0,1:34.509,2021-03-28,2021,+67.100,No,,,24.0,21.0,42.0,22.0,21.0,21.0,0.0,72.0,10.0,1015.0,0.0,26.0,17.0,21.0,113.0,113.0,113.0,0.0,6.0,11.6,météo idéale,,,,,,,,,,,,,manama
Bahrain,9,22,Yuki Tsunoda,AlphaTauri Honda,13.0,56,,2.0,1:34.761,2021-03-28,2021,+85.692,No,,,24.0,21.0,42.0,22.0,21.0,21.0,0.0,72.0,10.0,1015.0,0.0,26.0,17.0,21.0,113.0,113.0,113.0,0.0,6.0,11.6,météo idéale,,,,,,,,,,,,,manama
Bahrain,10,18,Lance Stroll,Aston Martin Mercedes,10.0,56,,1.0,1:34.865,2021-03-28,2021,+86.713,No,,,24.0,21.0,42.0,22.0,21.0,21.0,0.0,72.0,10.0,1015.0,0.0,26.0,17.0,21.0,113.0,113.0,113.0,0.0,6.0,11.6,météo idéale,,,,,,,,,,,,,manama
Bahrain,11,7,Kimi Raikkönen,Alfa Romeo Racing Ferrari,14.0,56,,0.0,1:35.192,2021-03-28,2021,+88.864,No,,,24.0,21.0,42.0,22.0,21.0,21.0,0.0,72.0,10.0,1015.0,0.0,26.0,17.0,21.0,113.0,113.0,113.0,0.0,6.0,11.6,météo idéale,,,,,,,,,,,,,manama
Bahrain,12,99,Antonio Giovinazzi,Alfa Romeo Racing Ferrari,12.0,55,,0.0,1:35.122,2021-03-28,2021,+1 lap,No,,,24.0,21.0,42.0,22.0,21.0,21.0,0.0,72.0,10.0,1015.0,0.0,26.0,17.0,21.0,113.0,113.0,113.0,0.0,6.0,11.6,météo idéale,,,,,,,,,,,,,manama
Bahrain,13,31,Esteban Ocon,Alpine Renault,16.0,55,,0.0,1:35.250,2021-03-28,2021,+1 lap,No,,,24.0,21.0,42.0,22.0,21.0,21.0,0.0,72.0,10.0,1015.0,0.0,26.0,17.0,21.0,113.0,113.0,113.0,0.0,6.0,11.6,météo idéale,,,,,,,,,,,,,manama
Bahrain,14,63,George Russell,Williams Mercedes,15.0,55,,0.0,1:35.036,2021-03-28,2021,+1 lap,No,,,24.0,21.0,42.0,22.0,21.0,21.0,0.0,72.0,10.0,1015.0,0.0,26.0,17.0,21.0,113.0,113.0,113.0,0.0,6.0,11.6,météo idéale,,,,,,,,,,,,,manama
Bahrain,15,5,Sebastian Vettel,Aston Martin Mercedes,20.0,55,,0.0,1:35.566,2021-03-28,2021,+1 lap,No,,,24.0,21.0,42.0,22.0,21.0,21.0,0.0,72.0,10.0,1015.0,0.0,26.0,17.0,21.0,113.0,113.0,113.0,0.0,6.0,11.6,météo idéale,,,,,,,,,,,,,manama
Bahrain,16,47,Mick Schumacher,Haas Ferrari,18.0,55,,0.0,1:36.134,2021-03-28,2021,+1 lap,No,,,24.0,21.0,42.0,22.0,21.0,21.0,0.0,72.0,10.0,1015.0,0.0,26.0,17.0,21.0,113.0,113.0,113.0,0.0,6.0,11.6,météo idéale,,,,,,,,,,,,,manama
Bahrain,17,10,Pierre Gasly,AlphaTauri Honda,5.0,52,,0.0,1:34.090,2021-03-28,2021,DNF,No,,,24.0,21.0,42.0,22.0,21.0,21.0,0.0,72.0,10.0,1015.0,0.0,26.0,17.0,21.0,113.0,113.0,113.0,0.0,6.0,11.6,météo idéale,,,,,,,,,,,,,manama
Bahrain,18,6,Nicholas Latifi,Williams Mercedes,17.0,51,,0.0,1:36.602,2021-03-28,2021,DNF,No,,,24.0,21.0,42.0,22.0,21.0,21.0,0.0,72.0,10.0,1015.0,0.0,26.0,17.0,21.0,113.0,113.0,113.0,0.0,6.0,11.6,météo idéale,,,,,,,,,,,,,manama
Bahrain,NC,14,Fernando Alonso,Alpine Renault,9.0,32,,0.0,1:36.063,2021-03-28,2021,DNF,No,,,24.0,21.0,42.0,22.0,21.0,21.0,0.0,72.0,10.0,1015.0,0.0,26.0,17.0,21.0,113.0,113.0,113.0,0.0,6.0,11.6,météo idéale,,,,,,,,,,,,,manama
Bahrain,NC,9,Nikita Mazepin,Haas Ferrari,19.0,0,,0.0,,2021-03-28,2021,DNF,No,,,24.0,21.0,42.0,22.0,21.0,21.0,0.0,72.0,10.0,1015.0,0.0,26.0,17.0,21.0,113.0,113.0,113.0,0.0,6.0,11.6,météo idéale,,,,,,,,,,,,,manama
Emilia Romagna,1,33,Max Verstappen,Red Bull Racing Honda,2.0,63,,25.0,1:17.524,2021-04-18,2021,2:02:34.598,No,,,,,,,,,,,,,,,,,,,,,,,,,,,,,,,,,,,,
Emilia Romagna,2,44,Lewis Hamilton,Mercedes,1.0,63,,19.0,1:16.702,2021-04-18,2021,+22.000,Yes,,,,,,,,,,,,,,,,,,,,,,,,,,,,,,,,,,,,
Emilia Romagna,3,4,Lando Norris,McLaren Mercedes,7.0,63,,15.0,1:18.259,2021-04-18,2021,+23.702,No,,,,,,,,,,,,,,,,,,,,,,,,,,,,,,,,,,,,
Emilia Romagna,4,16,Charles Leclerc,Ferrari,4.0,63,,12.0,1:18.379,2021-04-18,2021,+25.579,No,,,,,,,,,,,,,,,,,,,,,,,,,,,,,,,,,,,,
Emilia Romagna,5,55,Carlos Sainz,Ferrari,11.0,63,,10.0,1:18.490,2021-04-18,2021,+27.036,No,,,,,,,,,,,,,,,,,,,,,,,,,,,,,,,,,,,,
Emilia Romagna,6,3,Daniel Ricciardo,McLaren Mercedes,6.0,63,,8.0,1:19.341,2021-04-18,2021,+51.220,No,,,,,,,,,,,,,,,,,,,,,,,,,,,,,,,,,,,,
Emilia Romagna,7,10,Pierre Gasly,AlphaTauri Honda,5.0,63,,6.0,1:18.782,2021-04-18,2021,+52.818,No,,,,,,,,,,,,,,,,,,,,,,,,,,,,,,,,,,,,
Emilia Romagna,8,18,Lance Stroll,Aston Martin Mercedes,10.0,63,,4.0,1:18.994,2021-04-18,2021,+56.909,No,,,,,,,,,,,,,,,,,,,,,,,,,,,,,,,,,,,,
Emilia Romagna,9,31,Esteban Ocon,Alpine Renault,9.0,63,,2.0,1:19.417,2021-04-18,2021,+65.704,No,,,,,,,,,,,,,,,,,,,,,,,,,,,,,,,,,,,,
Emilia Romagna,10,14,Fernando Alonso,Alpine Renault,15.0,63,,1.0,1:19.396,2021-04-18,2021,+66.561,No,,,,,,,,,,,,,,,,,,,,,,,,,,,,,,,,,,,,
Emilia Romagna,11,11,Sergio Perez,Red Bull Racing Honda,2.0,63,,0.0,1:18.334,2021-04-18,2021,+67.151,No,,,,,,,,,,,,,,,,,,,,,,,,,,,,,,,,,,,,
Emilia Romagna,12,22,Yuki Tsunoda,AlphaTauri Honda,20.0,63,,0.0,1:18.353,2021-04-18,2021,+73.184,No,,,,,,,,,,,,,,,,,,,,,,,,,,,,,,,,,,,,
Emilia Romagna,13,7,Kimi Raikkönen,Alfa Romeo Racing Ferrari,16.0,63,,0.0,1:19.422,2021-04-18,2021,+94.773,No,,,,,,,,,,,,,,,,,,,,,,,,,,,,,,,,,,,,
Emilia Romagna,14,99,Antonio Giovinazzi,Alfa Romeo Racing Ferrari,17.0,62,,0.0,1:19.470,2021-04-18,2021,+1 lap,No,,,,,,,,,,,,,,,,,,,,,,,,,,,,,,,,,,,,
Emilia Romagna,15,5,Sebastian Vettel,Aston Martin Mercedes,13.0,61,,0.0,1:19.074,2021-04-18,2021,DNF,No,,,,,,,,,,,,,,,,,,,,,,,,,,,,,,,,,,,,
Emilia Romagna,16,47,Mick Schumacher,Haas Ferrari,18.0,61,,0.0,1:19.193,2021-04-18,2021,+2 laps,No,,,,,,,,,,,,,,,,,,,,,,,,,,,,,,,,,,,,
Emilia Romagna,17,9,Nikita Mazepin,Haas Ferrari,19.0,61,,0.0,1:20.402,2021-04-18,2021,+2 laps,No,,,,,,,,,,,,,,,,,,,,,,,,,,,,,,,,,,,,
Emilia Romagna,NC,77,Valtteri Bottas,Mercedes,8.0,30,,0.0,1:28.485,2021-04-18,2021,DNF,No,,,,,,,,,,,,,,,,,,,,,,,,,,,,,,,,,,,,
Emilia Romagna,NC,63,George Russell,Williams Mercedes,12.0,30,,0.0,1:26.543,2021-04-18,2021,DNF,No,,,,,,,,,,,,,,,,,,,,,,,,,,,,,,,,,,,,
Emilia Romagna,NC,6,Nicholas Latifi,Williams Mercedes,14.0,0,,0.0,,2021-04-18,2021,DNF,No,,,,,,,,,,,,,,,,,,,,,,,,,,,,,,,,,,,,
Portugal,1,44,Lewis Hamilton,Mercedes,2.0,66,,25.0,1:20.933,2021-05-02,2021,1:34:31.421,No,,,20.0,9.0,19.0,9.0,17.0,18.0,0.0,76.0,10.0,1020.0,1.25,20.0,8.0,7.0,113.0,113.0,116.0,0.0,5.0,11.6,météo favorable,,,,,,,,,,,,,
Portugal,2,33,Max Verstappen,Red Bull Racing Honda,3.0,66,,18.0,1:20.695,2021-05-02,2021,+29.148,No,,,20.0,9.0,19.0,9.0,17.0,18.0,0.0,76.0,10.0,1020.0,1.25,20.0,8.0,7.0,113.0,113.0,116.0,0.0,5.0,11.6,météo favorable,,,,,,,,,,,,,
Portugal,3,77,Valtteri Bottas,Mercedes,1.0,66,,16.0,1:19.865,2021-05-02,2021,+33.530,Yes,,,20.0,9.0,19.0,9.0,17.0,18.0,0.0,76.0,10.0,1020.0,1.25,20.0,8.0,7.0,113.0,113.0,116.0,0.0,5.0,11.6,météo favorable,,,,,,,,,,,,,
Portugal,4,11,Sergio Perez,Red Bull Racing Honda,4.0,66,,12.0,1:20.643,2021-05-02,2021,+39.735,No,,,20.0,9.0,19.0,9.0,17.0,18.0,0.0,76.0,10.0,1020.0,1.25,20.0,8.0,7.0,113.0,113.0,116.0,0.0,5.0,11.6,météo favorable,,,,,,,,,,,,,
Portugal,5,4,Lando Norris,McLaren Mercedes,7.0,66,,10.0,1:21.696,2021-05-02,2021,+51.369,No,,,20.0,9.0,19.0,9.0,17.0,18.0,0.0,76.0,10.0,1020.0,1.25,20.0,8.0,7.0,113.0,113.0,116.0,0.0,5.0,11.6,météo favorable,,,,,,,,,,,,,
Portugal,6,16,Charles Leclerc,Ferrari,8.0,66,,8.0,1:21.496,2021-05-02,2021,+55.781,No,,,20.0,9.0,19.0,9.0,17.0,18.0,0.0,76.0,10.0,1020.0,1.25,20.0,8.0,7.0,113.0,113.0,116.0,0.0,5.0,11.6,météo favorable,,,,,,,,,,,,,
Portugal,7,31,Esteban Ocon,Alpine Renault,6.0,66,,6.0,1:21.886,2021-05-02,2021,+63.749,No,,,20.0,9.0,19.0,9.0,17.0,18.0,0.0,76.0,10.0,1020.0,1.25,20.0,8.0,7.0,113.0,113.0,116.0,0.0,5.0,11.6,météo favorable,,,,,,,,,,,,,
Portugal,8,14,Fernando Alonso,Alpine Renault,13.0,66,,4.0,1:21.032,2021-05-02,2021,+64.808,No,,,20.0,9.0,19.0,9.0,17.0,18.0,0.0,76.0,10.0,1020.0,1.25,20.0,8.0,7.0,113.0,113.0,116.0,0.0,5.0,11.6,météo favorable,,,,,,,,,,,,,
Portugal,9,3,Daniel Ricciardo,McLaren Mercedes,16.0,66,,2.0,1:21.987,2021-05-02,2021,+75.369,No,,,20.0,9.0,19.0,9.0,17.0,18.0,0.0,76.0,10.0,1020.0,1.25,20.0,8.0,7.0,113.0,113.0,116.0,0.0,5.0,11.6,météo favorable,,,,,,,,,,,,,
Portugal,10,10,Pierre Gasly,AlphaTauri Honda,9.0,66,,1.0,1:22.014,2021-05-02,2021,+76.463,No,,,20.0,9.0,19.0,9.0,17.0,18.0,0.0,76.0,10.0,1020.0,1.25,20.0,8.0,7.0,113.0,113.0,116.0,0.0,5.0,11.6,météo favorable,,,,,,,,,,,,,
Portugal,11,55,Carlos Sainz,Ferrari,5.0,66,,0.0,1:22.325,2021-05-02,2021,+78.955,No,,,20.0,9.0,19.0,9.0,17.0,18.0,0.0,76.0,10.0,1020.0,1.25,20.0,8.0,7.0,113.0,113.0,116.0,0.0,5.0,11.6,météo favorable,,,,,,,,,,,,,
Portugal,12,99,Antonio Giovinazzi,Alfa Romeo Racing Ferrari,12.0,65,,0.0,1:22.167,2021-05-02,2021,+1 lap,No,,,20.0,9.0,19.0,9.0,17.0,18.0,0.0,76.0,10.0,1020.0,1.25,20.0,8.0,7.0,113.0,113.0,116.0,0.0,5.0,11.6,météo favorable,,,,,,,,,,,,,
Portugal,13,5,Sebastian Vettel,Aston Martin Mercedes,10.0,65,,0.0,1:22.416,2021-05-02,2021,+1 lap,No,,,20.0,9.0,19.0,9.0,17.0,18.0,0.0,76.0,10.0,1020.0,1.25,20.0,8.0,7.0,113.0,113.0,116.0,0.0,5.0,11.6,météo favorable,,,,,,,,,,,,,
Portugal,14,18,Lance Stroll,Aston Martin Mercedes,17.0,65,,0.0,1:21.970,2021-05-02,2021,+1 lap,No,,,20.0,9.0,19.0,9.0,17.0,18.0,0.0,76.0,10.0,1020.0,1.25,20.0,8.0,7.0,113.0,113.0,116.0,0.0,5.0,11.6,météo favorable,,,,,,,,,,,,,
Portugal,15,22,Yuki Tsunoda,AlphaTauri Honda,14.0,65,,0.0,1:22.058,2021-05-02,2021,+1 lap,No,,,20.0,9.0,19.0,9.0,17.0,18.0,0.0,76.0,10.0,1020.0,1.25,20.0,8.0,7.0,113.0,113.0,116.0,0.0,5.0,11.6,météo favorable,,,,,,,,,,,,,
Portugal,16,63,George Russell,Williams Mercedes,11.0,65,,0.0,1:22.654,2021-05-02,2021,+1 lap,No,,,20.0,9.0,19.0,9.0,17.0,18.0,0.0,76.0,10.0,1020.0,1.25,20.0,8.0,7.0,113.0,113.0,116.0,0.0,5.0,11.6,météo favorable,,,,,,,,,,,,,
Portugal,17,47,Mick Schumacher,Haas Ferrari,19.0,64,,0.0,1:22.755,2021-05-02,2021,+2 laps,No,,,20.0,9.0,19.0,9.0,17.0,18.0,0.0,76.0,10.0,1020.0,1.25,20.0,8.0,7.0,113.0,113.0,116.0,0.0,5.0,11.6,météo favorable,,,,,,,,,,,,,
Portugal,18,6,Nicholas Latifi,Williams Mercedes,18.0,64,,0.0,1:23.155,2021-05-02,2021,+2 laps,No,,,20.0,9.0,19.0,9.0,17.0,18.0,0.0,76.0,10.0,1020.0,1.25,20.0,8.0,7.0,113.0,113.0,116.0,0.0,5.0,11.6,météo favorable,,,,,,,,,,,,,
Portugal,19,9,Nikita Mazepin,Haas Ferrari,20.0,64,,0.0,1:23.641,2021-05-02,2021,+2 laps,No,,,20.0,9.0,19.0,9.0,17.0,18.0,0.0,76.0,10.0,1020.0,1.25,20.0,8.0,7.0,113.0,113.0,116.0,0.0,5.0,11.6,météo favorable,,,,,,,,,,,,,
Portugal,NC,7,Kimi Raikkönen,Alfa Romeo Racing Ferrari,15.0,1,,0.0,,2021-05-02,2021,DNF,No,,,20.0,9.0,19.0,9.0,17.0,18.0,0.0,76.0,10.0,1020.0,1.25,20.0,8.0,7.0,113.0,113.0,116.0,0.0,5.0,11.6,météo favorable,,,,,,,,,,,,,
Spain,1,44,Lewis Hamilton,Mercedes,1.0,66,,25.0,1:20.665,2021-05-09,2021,1:33:07.680,No,,,19.0,17.0,29.0,17.0,19.0,19.0,0.2,82.0,10.0,1013.0,44.25,19.0,15.0,17.0,116.0,119.0,116.0,0.0,5.0,13.4,météo correcte,,,,,,,,,,,,,barcelona
Spain,2,33,Max Verstappen,Red Bull Racing Honda,2.0,66,,19.0,1:18.149,2021-05-09,2021,+15.841,Yes,,,19.0,17.0,29.0,17.0,19.0,19.0,0.2,82.0,10.0,1013.0,44.25,19.0,15.0,17.0,116.0,119.0,116.0,0.0,5.0,13.4,météo correcte,,,,,,,,,,,,,barcelona
Spain,3,77,Valtteri Bottas,Mercedes,3.0,66,,15.0,1:19.430,2021-05-09,2021,+26.610,No,,,19.0,17.0,29.0,17.0,19.0,19.0,0.2,82.0,10.0,1013.0,44.25,19.0,15.0,17.0,116.0,119.0,116.0,0.0,5.0,13.4,météo correcte,,,,,,,,,,,,,barcelona
Spain,4,16,Charles Leclerc,Ferrari,4.0,66,,12.0,1:20.459,2021-05-09,2021,+54.616,No,,,19.0,17.0,29.0,17.0,19.0,19.0,0.2,82.0,10.0,1013.0,44.25,19.0,15.0,17.0,116.0,119.0,116.0,0.0,5.0,13.4,météo correcte,,,,,,,,,,,,,barcelona
Spain,5,11,Sergio Perez,Red Bull Racing Honda,8.0,66,,10.0,1:19.483,2021-05-09,2021,+63.671,No,,,19.0,17.0,29.0,17.0,19.0,19.0,0.2,82.0,10.0,1013.0,44.25,19.0,15.0,17.0,116.0,119.0,116.0,0.0,5.0,13.4,météo correcte,,,,,,,,,,,,,barcelona
Spain,6,3,Daniel Ricciardo,McLaren Mercedes,7.0,66,,8.0,1:21.853,2021-05-09,2021,+73.768,No,,,19.0,17.0,29.0,17.0,19.0,19.0,0.2,82.0,10.0,1013.0,44.25,19.0,15.0,17.0,116.0,119.0,116.0,0.0,5.0,13.4,météo correcte,,,,,,,,,,,,,barcelona
Spain,7,55,Carlos Sainz,Ferrari,6.0,66,,6.0,1:21.568,2021-05-09,2021,+74.670,No,,,19.0,17.0,29.0,17.0,19.0,19.0,0.2,82.0,10.0,1013.0,44.25,19.0,15.0,17.0,116.0,119.0,116.0,0.0,5.0,13.4,météo correcte,,,,,,,,,,,,,barcelona
Spain,8,4,Lando Norris,McLaren Mercedes,9.0,65,,4.0,1:21.279,2021-05-09,2021,+1 lap,No,,,19.0,17.0,29.0,17.0,19.0,19.0,0.2,82.0,10.0,1013.0,44.25,19.0,15.0,17.0,116.0,119.0,116.0,0.0,5.0,13.4,météo correcte,,,,,,,,,,,,,barcelona
Spain,9,31,Esteban Ocon,Alpine Renault,5.0,65,,2.0,1:23.311,2021-05-09,2021,+1 lap,No,,,19.0,17.0,29.0,17.0,19.0,19.0,0.2,82.0,10.0,1013.0,44.25,19.0,15.0,17.0,116.0,119.0,116.0,0.0,5.0,13.4,météo correcte,,,,,,,,,,,,,barcelona
Spain,10,10,Pierre Gasly,AlphaTauri Honda,12.0,65,,1.0,1:21.375,2021-05-09,2021,+1 lap,No,,,19.0,17.0,29.0,17.0,19.0,19.0,0.2,82.0,10.0,1013.0,44.25,19.0,15.0,17.0,116.0,119.0,116.0,0.0,5.0,13.4,météo correcte,,,,,,,,,,,,,barcelona
Spain,11,18,Lance Stroll,Aston Martin Mercedes,11.0,65,,0.0,1:22.607,2021-05-09,2021,+1 lap,No,,,19.0,17.0,29.0,17.0,19.0,19.0,0.2,82.0,10.0,1013.0,44.25,19.0,15.0,17.0,116.0,119.0,116.0,0.0,5.0,13.4,météo correcte,,,,,,,,,,,,,barcelona
Spain,12,7,Kimi Raikkönen,Alfa Romeo Racing Ferrari,17.0,65,,0.0,1:22.868,2021-05-09,2021,+1 lap,No,,,19.0,17.0,29.0,17.0,19.0,19.0,0.2,82.0,10.0,1013.0,44.25,19.0,15.0,17.0,116.0,119.0,116.0,0.0,5.0,13.4,météo correcte,,,,,,,,,,,,,barcelona
Spain,13,5,Sebastian Vettel,Aston Martin Mercedes,13.0,65,,0.0,1:22.820,2021-05-09,2021,+1 lap,No,,,19.0,17.0,29.0,17.0,19.0,19.0,0.2,82.0,10.0,1013.0,44.25,19.0,15.0,17.0,116.0,119.0,116.0,0.0,5.0,13.4,météo correcte,,,,,,,,,,,,,barcelona
Spain,14,63,George Russell,Williams Mercedes,15.0,65,,0.0,1:23.208,2021-05-09,2021,+1 lap,No,,,19.0,17.0,29.0,17.0,19.0,19.0,0.2,82.0,10.0,1013.0,44.25,19.0,15.0,17.0,116.0,119.0,116.0,0.0,5.0,13.4,météo correcte,,,,,,,,,,,,,barcelona
Spain,15,99,Antonio Giovinazzi,Alfa Romeo Racing Ferrari,14.0,65,,0.0,1:22.802,2021-05-09,2021,+1 lap,No,,,19.0,17.0,29.0,17.0,19.0,19.0,0.2,82.0,10.0,1013.0,44.25,19.0,15.0,17.0,116.0,119.0,116.0,0.0,5.0,13.4,météo correcte,,,,,,,,,,,,,barcelona
Spain,16,6,Nicholas Latifi,Williams Mercedes,19.0,65,,0.0,1:22.905,2021-05-09,2021,+1 lap,No,,,19.0,17.0,29.0,17.0,19.0,19.0,0.2,82.0,10.0,1013.0,44.25,19.0,15.0,17.0,116.0,119.0,116.0,0.0,5.0,13.4,météo correcte,,,,,,,,,,,,,barcelona
Spain,17,14,Fernando Alonso,Alpine Renault,10.0,65,,0.0,1:21.182,2021-05-09,2021,+1 lap,No,,,19.0,17.0,29.0,17.0,19.0,19.0,0.2,82.0,10.0,1013.0,44.25,19.0,15.0,17.0,116.0,119.0,116.0,0.0,5.0,13.4,météo correcte,,,,,,,,,,,,,barcelona
Spain,18,47,Mick Schumacher,Haas Ferrari,18.0,64,,0.0,1:22.637,2021-05-09,2021,+2 laps,No,,,19.0,17.0,29.0,17.0,19.0,19.0,0.2,82.0,10.0,1013.0,44.25,19.0,15.0,17.0,116.0,119.0,116.0,0.0,5.0,13.4,météo correcte,,,,,,,,,,,,,barcelona
Spain,19,9,Nikita Mazepin,Haas Ferrari,20.0,64,,0.0,1:24.040,2021-05-09,2021,+2 laps,No,,,19.0,17.0,29.0,17.0,19.0,19.0,0.2,82.0,10.0,1013.0,44.25,19.0,15.0,17.0,116.0,119.0,116.0,0.0,5.0,13.4,météo correcte,,,,,,,,,,,,,barcelona
Spain,NC,22,Yuki Tsunoda,AlphaTauri Honda,16.0,6,,0.0,1:24.825,2021-05-09,2021,DNF,No,,,19.0,17.0,29.0,17.0,19.0,19.0,0.2,82.0,10.0,1013.0,44.25,19.0,15.0,17.0,116.0,119.0,116.0,0.0,5.0,13.4,météo correcte,,,,,,,,,,,,,barcelona
Monaco,1,33,Max Verstappen,Red Bull Racing Honda,2.0,78,,25.0,1:14.649,2021-05-23,2021,1:38:56.820,No,,,,,,,,,,,,,,,,,,,,,,,,,,,,,,,,,,,,
Monaco,2,55,Carlos Sainz,Ferrari,4.0,78,,18.0,1:14.621,2021-05-23,2021,+8.968,No,,,,,,,,,,,,,,,,,,,,,,,,,,,,,,,,,,,,
Monaco,3,4,Lando Norris,McLaren Mercedes,5.0,78,,15.0,1:14.670,2021-05-23,2021,+19.427,No,,,,,,,,,,,,,,,,,,,,,,,,,,,,,,,,,,,,
Monaco,4,11,Sergio Perez,Red Bull Racing Honda,9.0,78,,12.0,1:14.552,2021-05-23,2021,+20.490,No,,,,,,,,,,,,,,,,,,,,,,,,,,,,,,,,,,,,
Monaco,5,5,Sebastian Vettel,Aston Martin Mercedes,8.0,78,,10.0,1:15.316,2021-05-23,2021,+52.591,No,,,,,,,,,,,,,,,,,,,,,,,,,,,,,,,,,,,,
Monaco,6,10,Pierre Gasly,AlphaTauri Honda,6.0,78,,8.0,1:15.412,2021-05-23,2021,+53.896,No,,,,,,,,,,,,,,,,,,,,,,,,,,,,,,,,,,,,
Monaco,7,44,Lewis Hamilton,Mercedes,7.0,78,,7.0,1:12.909,2021-05-23,2021,+68.231,Yes,,,,,,,,,,,,,,,,,,,,,,,,,,,,,,,,,,,,
Monaco,8,18,Lance Stroll,Aston Martin Mercedes,13.0,77,,4.0,1:14.674,2021-05-23,2021,+1 lap,No,,,,,,,,,,,,,,,,,,,,,,,,,,,,,,,,,,,,
Monaco,9,31,Esteban Ocon,Alpine Renault,11.0,77,,2.0,1:15.316,2021-05-23,2021,+1 lap,No,,,,,,,,,,,,,,,,,,,,,,,,,,,,,,,,,,,,
Monaco,10,99,Antonio Giovinazzi,Alfa Romeo Racing Ferrari,10.0,77,,1.0,1:15.331,2021-05-23,2021,+1 lap,No,,,,,,,,,,,,,,,,,,,,,,,,,,,,,,,,,,,,
Monaco,11,7,Kimi Raikkönen,Alfa Romeo Racing Ferrari,14.0,77,,0.0,1:14.971,2021-05-23,2021,+1 lap,No,,,,,,,,,,,,,,,,,,,,,,,,,,,,,,,,,,,,
Monaco,12,3,Daniel Ricciardo,McLaren Mercedes,12.0,77,,0.0,1:14.578,2021-05-23,2021,+1 lap,No,,,,,,,,,,,,,,,,,,,,,,,,,,,,,,,,,,,,
Monaco,13,14,Fernando Alonso,Alpine Renault,17.0,77,,0.0,1:15.026,2021-05-23,2021,+1 lap,No,,,,,,,,,,,,,,,,,,,,,,,,,,,,,,,,,,,,
Monaco,14,63,George Russell,Williams Mercedes,15.0,77,,0.0,1:15.539,2021-05-23,2021,+1 lap,No,,,,,,,,,,,,,,,,,,,,,,,,,,,,,,,,,,,,
Monaco,15,6,Nicholas Latifi,Williams Mercedes,18.0,77,,0.0,1:15.373,2021-05-23,2021,+1 lap,No,,,,,,,,,,,,,,,,,,,,,,,,,,,,,,,,,,,,
Monaco,16,22,Yuki Tsunoda,AlphaTauri Honda,16.0,77,,0.0,1:14.037,2021-05-23,2021,+1 lap,No,,,,,,,,,,,,,,,,,,,,,,,,,,,,,,,,,,,,
Monaco,17,9,Nikita Mazepin,Haas Ferrari,19.0,75,,0.0,1:16.866,2021-05-23,2021,+3 laps,No,,,,,,,,,,,,,,,,,,,,,,,,,,,,,,,,,,,,
Monaco,18,47,Mick Schumacher,Haas Ferrari,20.0,75,,0.0,1:16.425,2021-05-23,2021,+3 laps,No,,,,,,,,,,,,,,,,,,,,,,,,,,,,,,,,,,,,
Monaco,NC,77,Valtteri Bottas,Mercedes,3.0,29,,0.0,1:15.706,2021-05-23,2021,DNF,No,,,,,,,,,,,,,,,,,,,,,,,,,,,,,,,,,,,,
Monaco,NC,16,Charles Leclerc,Ferrari,1.0,0,,0.0,,2021-05-23,2021,DNS,No,,,,,,,,,,,,,,,,,,,,,,,,,,,,,,,,,,,,
Azerbaijan,1,11,Sergio Perez,Red Bull Racing Honda,6.0,51,,25.0,1:44.687,2021-06-06,2021,2:13:36.410,No,,,,,,,,,,,,,,,,,,,,,,,,,,,,,,,,,,,,
Azerbaijan,2,5,Sebastian Vettel,Aston Martin Mercedes,11.0,51,,18.0,1:44.890,2021-06-06,2021,+1.385,No,,,,,,,,,,,,,,,,,,,,,,,,,,,,,,,,,,,,
Azerbaijan,3,10,Pierre Gasly,AlphaTauri Honda,4.0,51,,15.0,1:45.220,2021-06-06,2021,+2.762,No,,,,,,,,,,,,,,,,,,,,,,,,,,,,,,,,,,,,
Azerbaijan,4,16,Charles Leclerc,Ferrari,1.0,51,,12.0,1:45.382,2021-06-06,2021,+3.828,No,,,,,,,,,,,,,,,,,,,,,,,,,,,,,,,,,,,,
Azerbaijan,5,4,Lando Norris,McLaren Mercedes,9.0,51,,10.0,1:45.326,2021-06-06,2021,+4.754,No,,,,,,,,,,,,,,,,,,,,,,,,,,,,,,,,,,,,
Azerbaijan,6,14,Fernando Alonso,Alpine Renault,8.0,51,,8.0,1:45.624,2021-06-06,2021,+6.382,No,,,,,,,,,,,,,,,,,,,,,,,,,,,,,,,,,,,,
Azerbaijan,7,22,Yuki Tsunoda,AlphaTauri Honda,7.0,51,,6.0,1:44.939,2021-06-06,2021,+6.624,No,,,,,,,,,,,,,,,,,,,,,,,,,,,,,,,,,,,,
Azerbaijan,8,55,Carlos Sainz,Ferrari,5.0,51,,4.0,1:45.700,2021-06-06,2021,+7.709,No,,,,,,,,,,,,,,,,,,,,,,,,,,,,,,,,,,,,
Azerbaijan,9,3,Daniel Ricciardo,McLaren Mercedes,13.0,51,,2.0,1:45.713,2021-06-06,2021,+8.874,No,,,,,,,,,,,,,,,,,,,,,,,,,,,,,,,,,,,,
Azerbaijan,10,7,Kimi Raikkönen,Alfa Romeo Racing Ferrari,14.0,51,,1.0,1:45.601,2021-06-06,2021,+9.576,No,,,,,,,,,,,,,,,,,,,,,,,,,,,,,,,,,,,,
Azerbaijan,11,99,Antonio Giovinazzi,Alfa Romeo Racing Ferrari,20.0,51,,0.0,1:45.575,2021-06-06,2021,+10.254,No,,,,,,,,,,,,,,,,,,,,,,,,,,,,,,,,,,,,
Azerbaijan,12,77,Valtteri Bottas,Mercedes,10.0,51,,0.0,1:45.665,2021-06-06,2021,+11.264,No,,,,,,,,,,,,,,,,,,,,,,,,,,,,,,,,,,,,
Azerbaijan,13,47,Mick Schumacher,Haas Ferrari,17.0,51,,0.0,1:47.624,2021-06-06,2021,+14.241,No,,,,,,,,,,,,,,,,,,,,,,,,,,,,,,,,,,,,
Azerbaijan,14,9,Nikita Mazepin,Haas Ferrari,18.0,51,,0.0,1:47.747,2021-06-06,2021,+14.315,No,,,,,,,,,,,,,,,,,,,,,,,,,,,,,,,,,,,,
Azerbaijan,15,44,Lewis Hamilton,Mercedes,2.0,51,,0.0,1:44.769,2021-06-06,2021,+17.668,No,,,,,,,,,,,,,,,,,,,,,,,,,,,,,,,,,,,,
Azerbaijan,16,6,Nicholas Latifi,Williams Mercedes,16.0,51,,0.0,1:46.608,2021-06-06,2021,+42.379,No,,,,,,,,,,,,,,,,,,,,,,,,,,,,,,,,,,,,
Azerbaijan,17,63,George Russell,Williams Mercedes,15.0,48,,0.0,1:45.959,2021-06-06,2021,DNF,No,,,,,,,,,,,,,,,,,,,,,,,,,,,,,,,,,,,,
Azerbaijan,18,33,Max Verstappen,Red Bull Racing Honda,3.0,45,,0.0,1:44.481,2021-06-06,2021,DNF,No,,,,,,,,,,,,,,,,,,,,,,,,,,,,,,,,,,,,
Azerbaijan,NC,18,Lance Stroll,Aston Martin Mercedes,19.0,29,,0.0,1:46.207,2021-06-06,2021,DNF,No,,,,,,,,,,,,,,,,,,,,,,,,,,,,,,,,,,,,
Azerbaijan,NC,31,Esteban Ocon,Alpine Renault,12.0,3,,0.0,1:50.850,2021-06-06,2021,DNF,No,,,,,,,,,,,,,,,,,,,,,,,,,,,,,,,,,,,,
France,1,33,Max Verstappen,Red Bull Racing Honda,1.0,53,,26.0,1:36.404,2021-06-20,2021,1:27:25.770,Yes,,,,,,,,,,,,,,,,,,,,,,,,,,,,,,,,,,,,
France,2,44,Lewis Hamilton,Mercedes,2.0,53,,18.0,1:37.410,2021-06-20,2021,+2.904,No,,,,,,,,,,,,,,,,,,,,,,,,,,,,,,,,,,,,
France,3,11,Sergio Perez,Red Bull Racing Honda,4.0,53,,15.0,1:36.693,2021-06-20,2021,+8.811,No,,,,,,,,,,,,,,,,,,,,,,,,,,,,,,,,,,,,
France,4,77,Valtteri Bottas,Mercedes,3.0,53,,12.0,1:36.960,2021-06-20,2021,+14.618,No,,,,,,,,,,,,,,,,,,,,,,,,,,,,,,,,,,,,
France,5,4,Lando Norris,McLaren Mercedes,8.0,53,,10.0,1:37.425,2021-06-20,2021,+64.032,No,,,,,,,,,,,,,,,,,,,,,,,,,,,,,,,,,,,,
France,6,3,Daniel Ricciardo,McLaren Mercedes,10.0,53,,8.0,1:38.324,2021-06-20,2021,+75.857,No,,,,,,,,,,,,,,,,,,,,,,,,,,,,,,,,,,,,
France,7,10,Pierre Gasly,AlphaTauri Honda,6.0,53,,6.0,1:38.103,2021-06-20,2021,+76.596,No,,,,,,,,,,,,,,,,,,,,,,,,,,,,,,,,,,,,
France,8,14,Fernando Alonso,Alpine Renault,9.0,53,,4.0,1:37.646,2021-06-20,2021,+77.695,No,,,,,,,,,,,,,,,,,,,,,,,,,,,,,,,,,,,,
France,9,5,Sebastian Vettel,Aston Martin Mercedes,12.0,53,,2.0,1:37.138,2021-06-20,2021,+79.666,No,,,,,,,,,,,,,,,,,,,,,,,,,,,,,,,,,,,,
France,10,18,Lance Stroll,Aston Martin Mercedes,19.0,53,,1.0,1:37.828,2021-06-20,2021,+91.946,No,,,,,,,,,,,,,,,,,,,,,,,,,,,,,,,,,,,,
France,11,55,Carlos Sainz,Ferrari,5.0,53,,0.0,1:38.931,2021-06-20,2021,+99.337,No,,,,,,,,,,,,,,,,,,,,,,,,,,,,,,,,,,,,
France,12,63,George Russell,Williams Mercedes,14.0,52,,0.0,1:38.314,2021-06-20,2021,+1 lap,No,,,,,,,,,,,,,,,,,,,,,,,,,,,,,,,,,,,,
France,13,22,Yuki Tsunoda,AlphaTauri Honda,20.0,52,,0.0,1:38.980,2021-06-20,2021,+1 lap,No,,,,,,,,,,,,,,,,,,,,,,,,,,,,,,,,,,,,
France,14,31,Esteban Ocon,Alpine Renault,11.0,52,,0.0,1:38.645,2021-06-20,2021,+1 lap,No,,,,,,,,,,,,,,,,,,,,,,,,,,,,,,,,,,,,
France,15,99,Antonio Giovinazzi,Alfa Romeo Racing Ferrari,13.0,52,,0.0,1:38.702,2021-06-20,2021,+1 lap,No,,,,,,,,,,,,,,,,,,,,,,,,,,,,,,,,,,,,
France,16,16,Charles Leclerc,Ferrari,7.0,52,,0.0,1:37.681,2021-06-20,2021,+1 lap,No,,,,,,,,,,,,,,,,,,,,,,,,,,,,,,,,,,,,
France,17,7,Kimi Raikkönen,Alfa Romeo Racing Ferrari,17.0,52,,0.0,1:37.992,2021-06-20,2021,+1 lap,No,,,,,,,,,,,,,,,,,,,,,,,,,,,,,,,,,,,,
France,18,6,Nicholas Latifi,Williams Mercedes,16.0,52,,0.0,1:38.313,2021-06-20,2021,+1 lap,No,,,,,,,,,,,,,,,,,,,,,,,,,,,,,,,,,,,,
France,19,47,Mick Schumacher,Haas Ferrari,15.0,52,,0.0,1:38.847,2021-06-20,2021,+1 lap,No,,,,,,,,,,,,,,,,,,,,,,,,,,,,,,,,,,,,
France,20,9,Nikita Mazepin,Haas Ferrari,18.0,52,,0.0,1:39.317,2021-06-20,2021,+1 lap,No,,,,,,,,,,,,,,,,,,,,,,,,,,,,,,,,,,,,
Styria,1,33,Max Verstappen,Red Bull Racing Honda,1.0,71,,25.0,1:08.017,2021-06-27,2021,1:22:18.925,No,,,,,,,,,,,,,,,,,,,,,,,,,,,,,,,,,,,,
Styria,2,44,Lewis Hamilton,Mercedes,2.0,71,,19.0,1:07.058,2021-06-27,2021,+35.743,Yes,,,,,,,,,,,,,,,,,,,,,,,,,,,,,,,,,,,,
Styria,3,77,Valtteri Bottas,Mercedes,5.0,71,,15.0,1:08.619,2021-06-27,2021,+46.907,No,,,,,,,,,,,,,,,,,,,,,,,,,,,,,,,,,,,,
Styria,4,11,Sergio Perez,Red Bull Racing Honda,4.0,71,,12.0,1:07.894,2021-06-27,2021,+47.434,No,,,,,,,,,,,,,,,,,,,,,,,,,,,,,,,,,,,,
Styria,5,4,Lando Norris,McLaren Mercedes,3.0,70,,10.0,1:08.903,2021-06-27,2021,+1 lap,No,,,,,,,,,,,,,,,,,,,,,,,,,,,,,,,,,,,,
Styria,6,55,Carlos Sainz,Ferrari,12.0,70,,8.0,1:08.609,2021-06-27,2021,+1 lap,No,,,,,,,,,,,,,,,,,,,,,,,,,,,,,,,,,,,,
Styria,7,16,Charles Leclerc,Ferrari,7.0,70,,6.0,1:08.738,2021-06-27,2021,+1 lap,No,,,,,,,,,,,,,,,,,,,,,,,,,,,,,,,,,,,,
Styria,8,18,Lance Stroll,Aston Martin Mercedes,9.0,70,,4.0,1:09.787,2021-06-27,2021,+1 lap,No,,,,,,,,,,,,,,,,,,,,,,,,,,,,,,,,,,,,
Styria,9,14,Fernando Alonso,Alpine Renault,8.0,70,,2.0,1:09.749,2021-06-27,2021,+1 lap,No,,,,,,,,,,,,,,,,,,,,,,,,,,,,,,,,,,,,
Styria,10,22,Yuki Tsunoda,AlphaTauri Honda,11.0,70,,1.0,1:09.650,2021-06-27,2021,+1 lap,No,,,,,,,,,,,,,,,,,,,,,,,,,,,,,,,,,,,,
Styria,11,7,Kimi Raikkönen,Alfa Romeo Racing Ferrari,18.0,70,,0.0,1:09.128,2021-06-27,2021,+1 lap,No,,,,,,,,,,,,,,,,,,,,,,,,,,,,,,,,,,,,
Styria,12,5,Sebastian Vettel,Aston Martin Mercedes,14.0,70,,0.0,1:09.821,2021-06-27,2021,+1 lap,No,,,,,,,,,,,,,,,,,,,,,,,,,,,,,,,,,,,,
Styria,13,3,Daniel Ricciardo,McLaren Mercedes,13.0,70,,0.0,1:09.305,2021-06-27,2021,+1 lap,No,,,,,,,,,,,,,,,,,,,,,,,,,,,,,,,,,,,,
Styria,14,31,Esteban Ocon,Alpine Renault,17.0,70,,0.0,1:09.576,2021-06-27,2021,+1 lap,No,,,,,,,,,,,,,,,,,,,,,,,,,,,,,,,,,,,,
Styria,15,99,Antonio Giovinazzi,Alfa Romeo Racing Ferrari,15.0,70,,0.0,1:09.723,2021-06-27,2021,+1 lap,No,,,,,,,,,,,,,,,,,,,,,,,,,,,,,,,,,,,,
Styria,16,47,Mick Schumacher,Haas Ferrari,19.0,69,,0.0,1:10.005,2021-06-27,2021,+2 laps,No,,,,,,,,,,,,,,,,,,,,,,,,,,,,,,,,,,,,
Styria,17,6,Nicholas Latifi,Williams Mercedes,16.0,68,,0.0,1:10.104,2021-06-27,2021,+3 laps,No,,,,,,,,,,,,,,,,,,,,,,,,,,,,,,,,,,,,
Styria,18,9,Nikita Mazepin,Haas Ferrari,20.0,68,,0.0,1:10.951,2021-06-27,2021,+3 laps,No,,,,,,,,,,,,,,,,,,,,,,,,,,,,,,,,,,,,
Styria,NC,63,George Russell,Williams Mercedes,10.0,36,,0.0,1:10.499,2021-06-27,2021,DNF,No,,,,,,,,,,,,,,,,,,,,,,,,,,,,,,,,,,,,
Styria,NC,10,Pierre Gasly,AlphaTauri Honda,6.0,1,,0.0,,2021-06-27,2021,DNF,No,,,,,,,,,,,,,,,,,,,,,,,,,,,,,,,,,,,,
Austria,1,33,Max Verstappen,Red Bull Racing Honda,1.0,71,,26.0,1:06.200,2021-07-04,2021,1:23:54.543,Yes,,,17.0,10.0,5.0,10.0,14.0,17.0,6.8,94.0,8.5,1016.0,58.625,17.0,13.0,10.0,176.0,356.0,119.0,0.0,4.0,11.6,météo correcte,,,,,,,,,,,,,knittelfeld
Austria,2,77,Valtteri Bottas,Mercedes,5.0,71,,18.0,1:08.374,2021-07-04,2021,+17.973,No,,,17.0,10.0,5.0,10.0,14.0,17.0,6.8,94.0,8.5,1016.0,58.625,17.0,13.0,10.0,176.0,356.0,119.0,0.0,4.0,11.6,météo correcte,,,,,,,,,,,,,knittelfeld
Austria,3,4,Lando Norris,McLaren Mercedes,2.0,71,,15.0,1:08.471,2021-07-04,2021,+20.019,No,,,17.0,10.0,5.0,10.0,14.0,17.0,6.8,94.0,8.5,1016.0,58.625,17.0,13.0,10.0,176.0,356.0,119.0,0.0,4.0,11.6,météo correcte,,,,,,,,,,,,,knittelfeld
Austria,4,44,Lewis Hamilton,Mercedes,4.0,71,,12.0,1:08.126,2021-07-04,2021,+46.452,No,,,17.0,10.0,5.0,10.0,14.0,17.0,6.8,94.0,8.5,1016.0,58.625,17.0,13.0,10.0,176.0,356.0,119.0,0.0,4.0,11.6,météo correcte,,,,,,,,,,,,,knittelfeld
Austria,5,55,Carlos Sainz,Ferrari,10.0,71,,10.0,1:07.762,2021-07-04,2021,+57.144,No,,,17.0,10.0,5.0,10.0,14.0,17.0,6.8,94.0,8.5,1016.0,58.625,17.0,13.0,10.0,176.0,356.0,119.0,0.0,4.0,11.6,météo correcte,,,,,,,,,,,,,knittelfeld
Austria,6,11,Sergio Perez,Red Bull Racing Honda,3.0,71,,8.0,1:08.192,2021-07-04,2021,+57.915,No,,,17.0,10.0,5.0,10.0,14.0,17.0,6.8,94.0,8.5,1016.0,58.625,17.0,13.0,10.0,176.0,356.0,119.0,0.0,4.0,11.6,météo correcte,,,,,,,,,,,,,knittelfeld
Austria,7,3,Daniel Ricciardo,McLaren Mercedes,13.0,71,,6.0,1:08.820,2021-07-04,2021,+60.395,No,,,17.0,10.0,5.0,10.0,14.0,17.0,6.8,94.0,8.5,1016.0,58.625,17.0,13.0,10.0,176.0,356.0,119.0,0.0,4.0,11.6,météo correcte,,,,,,,,,,,,,knittelfeld
Austria,8,16,Charles Leclerc,Ferrari,12.0,71,,4.0,1:08.698,2021-07-04,2021,+61.195,No,,,17.0,10.0,5.0,10.0,14.0,17.0,6.8,94.0,8.5,1016.0,58.625,17.0,13.0,10.0,176.0,356.0,119.0,0.0,4.0,11.6,météo correcte,,,,,,,,,,,,,knittelfeld
Austria,9,10,Pierre Gasly,AlphaTauri Honda,6.0,71,,2.0,1:08.146,2021-07-04,2021,+61.844,No,,,17.0,10.0,5.0,10.0,14.0,17.0,6.8,94.0,8.5,1016.0,58.625,17.0,13.0,10.0,176.0,356.0,119.0,0.0,4.0,11.6,météo correcte,,,,,,,,,,,,,knittelfeld
Austria,10,14,Fernando Alonso,Alpine Renault,14.0,70,,1.0,1:08.405,2021-07-04,2021,+1 lap,No,,,17.0,10.0,5.0,10.0,14.0,17.0,6.8,94.0,8.5,1016.0,58.625,17.0,13.0,10.0,176.0,356.0,119.0,0.0,4.0,11.6,météo correcte,,,,,,,,,,,,,knittelfeld
Austria,11,63,George Russell,Williams Mercedes,8.0,70,,0.0,1:08.900,2021-07-04,2021,+1 lap,No,,,17.0,10.0,5.0,10.0,14.0,17.0,6.8,94.0,8.5,1016.0,58.625,17.0,13.0,10.0,176.0,356.0,119.0,0.0,4.0,11.6,météo correcte,,,,,,,,,,,,,knittelfeld
Austria,12,22,Yuki Tsunoda,AlphaTauri Honda,7.0,70,,0.0,1:08.455,2021-07-04,2021,+1 lap,No,,,17.0,10.0,5.0,10.0,14.0,17.0,6.8,94.0,8.5,1016.0,58.625,17.0,13.0,10.0,176.0,356.0,119.0,0.0,4.0,11.6,météo correcte,,,,,,,,,,,,,knittelfeld
Austria,13,18,Lance Stroll,Aston Martin Mercedes,9.0,70,,0.0,1:08.659,2021-07-04,2021,+1 lap,No,,,17.0,10.0,5.0,10.0,14.0,17.0,6.8,94.0,8.5,1016.0,58.625,17.0,13.0,10.0,176.0,356.0,119.0,0.0,4.0,11.6,météo correcte,,,,,,,,,,,,,knittelfeld
Austria,14,99,Antonio Giovinazzi,Alfa Romeo Racing Ferrari,15.0,70,,0.0,1:09.042,2021-07-04,2021,+1 lap,No,,,17.0,10.0,5.0,10.0,14.0,17.0,6.8,94.0,8.5,1016.0,58.625,17.0,13.0,10.0,176.0,356.0,119.0,0.0,4.0,11.6,météo correcte,,,,,,,,,,,,,knittelfeld
Austria,15,7,Kimi Raikkönen,Alfa Romeo Racing Ferrari,16.0,70,,0.0,1:08.520,2021-07-04,2021,+1 lap,No,,,17.0,10.0,5.0,10.0,14.0,17.0,6.8,94.0,8.5,1016.0,58.625,17.0,13.0,10.0,176.0,356.0,119.0,0.0,4.0,11.6,météo correcte,,,,,,,,,,,,,knittelfeld
Austria,16,6,Nicholas Latifi,Williams Mercedes,18.0,70,,0.0,1:08.874,2021-07-04,2021,+1 lap,No,,,17.0,10.0,5.0,10.0,14.0,17.0,6.8,94.0,8.5,1016.0,58.625,17.0,13.0,10.0,176.0,356.0,119.0,0.0,4.0,11.6,météo correcte,,,,,,,,,,,,,knittelfeld
Austria,17,5,Sebastian Vettel,Aston Martin Mercedes,11.0,69,,0.0,1:08.420,2021-07-04,2021,DNF,No,,,17.0,10.0,5.0,10.0,14.0,17.0,6.8,94.0,8.5,1016.0,58.625,17.0,13.0,10.0,176.0,356.0,119.0,0.0,4.0,11.6,météo correcte,,,,,,,,,,,,,knittelfeld
Austria,18,47,Mick Schumacher,Haas Ferrari,19.0,69,,0.0,1:09.394,2021-07-04,2021,+2 laps,No,,,17.0,10.0,5.0,10.0,14.0,17.0,6.8,94.0,8.5,1016.0,58.625,17.0,13.0,10.0,176.0,356.0,119.0,0.0,4.0,11.6,météo correcte,,,,,,,,,,,,,knittelfeld
Austria,19,9,Nikita Mazepin,Haas Ferrari,20.0,69,,0.0,1:09.757,2021-07-04,2021,+2 laps,No,,,17.0,10.0,5.0,10.0,14.0,17.0,6.8,94.0,8.5,1016.0,58.625,17.0,13.0,10.0,176.0,356.0,119.0,0.0,4.0,11.6,météo correcte,,,,,,,,,,,,,knittelfeld
Austria,NC,31,Esteban Ocon,Alpine Renault,17.0,0,,0.0,,2021-07-04,2021,DNF,No,,,17.0,10.0,5.0,10.0,14.0,17.0,6.8,94.0,8.5,1016.0,58.625,17.0,13.0,10.0,176.0,356.0,119.0,0.0,4.0,11.6,météo correcte,,,,,,,,,,,,,knittelfeld
Great Britain,1,44,Lewis Hamilton,Mercedes,2.0,52,,25.0,1:29.699,2021-07-18,2021,1:58:23.284,No,,,25.0,17.0,18.0,17.0,25.0,23.0,0.0,86.0,10.0,1027.0,8.875,26.0,16.0,17.0,116.0,116.0,116.0,0.0,6.0,14.5,météo favorable,,,,,,,,,,,,,northampton
Great Britain,2,16,Charles Leclerc,Ferrari,4.0,52,,18.0,1:30.569,2021-07-18,2021,+3.871,No,,,25.0,17.0,18.0,17.0,25.0,23.0,0.0,86.0,10.0,1027.0,8.875,26.0,16.0,17.0,116.0,116.0,116.0,0.0,6.0,14.5,météo favorable,,,,,,,,,,,,,northampton
Great Britain,3,77,Valtteri Bottas,Mercedes,3.0,52,,15.0,1:30.524,2021-07-18,2021,+11.215,No,,,25.0,17.0,18.0,17.0,25.0,23.0,0.0,86.0,10.0,1027.0,8.875,26.0,16.0,17.0,116.0,116.0,116.0,0.0,6.0,14.5,météo favorable,,,,,,,,,,,,,northampton
Great Britain,4,4,Lando Norris,McLaren Mercedes,5.0,52,,12.0,1:31.420,2021-07-18,2021,+28.573,No,,,25.0,17.0,18.0,17.0,25.0,23.0,0.0,86.0,10.0,1027.0,8.875,26.0,16.0,17.0,116.0,116.0,116.0,0.0,6.0,14.5,météo favorable,,,,,,,,,,,,,northampton
Great Britain,5,3,Daniel Ricciardo,McLaren Mercedes,6.0,52,,10.0,1:31.284,2021-07-18,2021,+42.624,No,,,25.0,17.0,18.0,17.0,25.0,23.0,0.0,86.0,10.0,1027.0,8.875,26.0,16.0,17.0,116.0,116.0,116.0,0.0,6.0,14.5,météo favorable,,,,,,,,,,,,,northampton
Great Britain,6,55,Carlos Sainz,Ferrari,10.0,52,,8.0,1:31.223,2021-07-18,2021,+43.454,No,,,25.0,17.0,18.0,17.0,25.0,23.0,0.0,86.0,10.0,1027.0,8.875,26.0,16.0,17.0,116.0,116.0,116.0,0.0,6.0,14.5,météo favorable,,,,,,,,,,,,,northampton
Great Britain,7,14,Fernando Alonso,Alpine Renault,7.0,52,,6.0,1:31.698,2021-07-18,2021,+72.093,No,,,25.0,17.0,18.0,17.0,25.0,23.0,0.0,86.0,10.0,1027.0,8.875,26.0,16.0,17.0,116.0,116.0,116.0,0.0,6.0,14.5,météo favorable,,,,,,,,,,,,,northampton
Great Britain,8,18,Lance Stroll,Aston Martin Mercedes,14.0,52,,4.0,1:31.992,2021-07-18,2021,+74.289,No,,,25.0,17.0,18.0,17.0,25.0,23.0,0.0,86.0,10.0,1027.0,8.875,26.0,16.0,17.0,116.0,116.0,116.0,0.0,6.0,14.5,météo favorable,,,,,,,,,,,,,northampton
Great Britain,9,31,Esteban Ocon,Alpine Renault,9.0,52,,2.0,1:32.210,2021-07-18,2021,+76.162,No,,,25.0,17.0,18.0,17.0,25.0,23.0,0.0,86.0,10.0,1027.0,8.875,26.0,16.0,17.0,116.0,116.0,116.0,0.0,6.0,14.5,météo favorable,,,,,,,,,,,,,northampton
Great Britain,10,22,Yuki Tsunoda,AlphaTauri Honda,,52,,1.0,1:30.826,2021-07-18,2021,+82.065,No,,,25.0,17.0,18.0,17.0,25.0,23.0,0.0,86.0,10.0,1027.0,8.875,26.0,16.0,17.0,116.0,116.0,116.0,0.0,6.0,14.5,météo favorable,,,,,,,,,,,,,northampton
Great Britain,11,10,Pierre Gasly,AlphaTauri Honda,11.0,52,,0.0,1:30.266,2021-07-18,2021,+85.327,No,,,25.0,17.0,18.0,17.0,25.0,23.0,0.0,86.0,10.0,1027.0,8.875,26.0,16.0,17.0,116.0,116.0,116.0,0.0,6.0,14.5,météo favorable,,,,,,,,,,,,,northampton
Great Britain,12,63,George Russell,Williams Mercedes,12.0,51,,0.0,1:32.049,2021-07-18,2021,+1 lap,No,,,25.0,17.0,18.0,17.0,25.0,23.0,0.0,86.0,10.0,1027.0,8.875,26.0,16.0,17.0,116.0,116.0,116.0,0.0,6.0,14.5,météo favorable,,,,,,,,,,,,,northampton
Great Britain,13,99,Antonio Giovinazzi,Alfa Romeo Racing Ferrari,15.0,51,,0.0,1:32.346,2021-07-18,2021,+1 lap,No,,,25.0,17.0,18.0,17.0,25.0,23.0,0.0,86.0,10.0,1027.0,8.875,26.0,16.0,17.0,116.0,116.0,116.0,0.0,6.0,14.5,météo favorable,,,,,,,,,,,,,northampton
Great Britain,14,6,Nicholas Latifi,Williams Mercedes,17.0,51,,0.0,1:32.477,2021-07-18,2021,+1 lap,No,,,25.0,17.0,18.0,17.0,25.0,23.0,0.0,86.0,10.0,1027.0,8.875,26.0,16.0,17.0,116.0,116.0,116.0,0.0,6.0,14.5,météo favorable,,,,,,,,,,,,,northampton
Great Britain,15,7,Kimi Raikkönen,Alfa Romeo Racing Ferrari,13.0,51,,0.0,1:31.895,2021-07-18,2021,+1 lap,No,,,25.0,17.0,18.0,17.0,25.0,23.0,0.0,86.0,10.0,1027.0,8.875,26.0,16.0,17.0,116.0,116.0,116.0,0.0,6.0,14.5,météo favorable,,,,,,,,,,,,,northampton
Great Britain,16,11,Sergio Perez,Red Bull Racing Honda,20.0,51,,0.0,1:28.617,2021-07-18,2021,+1 lap,No,,,25.0,17.0,18.0,17.0,25.0,23.0,0.0,86.0,10.0,1027.0,8.875,26.0,16.0,17.0,116.0,116.0,116.0,0.0,6.0,14.5,météo favorable,,,,,,,,,,,,,northampton
Great Britain,17,9,Nikita Mazepin,Haas Ferrari,19.0,51,,0.0,1:32.909,2021-07-18,2021,+1 lap,No,,,25.0,17.0,18.0,17.0,25.0,23.0,0.0,86.0,10.0,1027.0,8.875,26.0,16.0,17.0,116.0,116.0,116.0,0.0,6.0,14.5,météo favorable,,,,,,,,,,,,,northampton
Great Britain,18,47,Mick Schumacher,Haas Ferrari,18.0,51,,0.0,1:32.862,2021-07-18,2021,+1 lap,No,,,25.0,17.0,18.0,17.0,25.0,23.0,0.0,86.0,10.0,1027.0,8.875,26.0,16.0,17.0,116.0,116.0,116.0,0.0,6.0,14.5,météo favorable,,,,,,,,,,,,,northampton
Great Britain,NC,5,Sebastian Vettel,Aston Martin Mercedes,8.0,40,,0.0,1:33.059,2021-07-18,2021,DNF,No,,,25.0,17.0,18.0,17.0,25.0,23.0,0.0,86.0,10.0,1027.0,8.875,26.0,16.0,17.0,116.0,116.0,116.0,0.0,6.0,14.5,météo favorable,,,,,,,,,,,,,northampton
Great Britain,NC,33,Max Verstappen,Red Bull Racing Honda,1.0,0,,0.0,,2021-07-18,2021,DNF,No,,,25.0,17.0,18.0,17.0,25.0,23.0,0.0,86.0,10.0,1027.0,8.875,26.0,16.0,17.0,116.0,116.0,116.0,0.0,6.0,14.5,météo favorable,,,,,,,,,,,,,northampton
Hungary,1,31,Esteban Ocon,Alpine Renault,8.0,70,,25.0,1:21.421,2021-08-01,2021,2:04:43.199,No,,,37.0,22.0,26.0,22.0,34.0,35.0,0.2,69.0,10.0,1010.0,20.5,36.0,17.0,22.0,116.0,116.0,116.0,0.0,7.0,14.5,météo favorable,,,,,,,,,,,,,budapest
Hungary,DQ,5,Sebastian Vettel,Aston Martin Mercedes,10.0,70,,0.0,1:21.459,2021-08-01,2021,+1.859,No,,,37.0,22.0,26.0,22.0,34.0,35.0,0.2,69.0,10.0,1010.0,20.5,36.0,17.0,22.0,116.0,116.0,116.0,0.0,7.0,14.5,météo favorable,,,,,,,,,,,,,budapest
Hungary,2,44,Lewis Hamilton,Mercedes,1.0,70,,18.0,1:18.715,2021-08-01,2021,+2.736,No,,,37.0,22.0,26.0,22.0,34.0,35.0,0.2,69.0,10.0,1010.0,20.5,36.0,17.0,22.0,116.0,116.0,116.0,0.0,7.0,14.5,météo favorable,,,,,,,,,,,,,budapest
Hungary,3,55,Carlos Sainz,Ferrari,15.0,70,,15.0,1:21.423,2021-08-01,2021,+15.018,No,,,37.0,22.0,26.0,22.0,34.0,35.0,0.2,69.0,10.0,1010.0,20.5,36.0,17.0,22.0,116.0,116.0,116.0,0.0,7.0,14.5,météo favorable,,,,,,,,,,,,,budapest
Hungary,4,14,Fernando Alonso,Alpine Renault,9.0,70,,12.0,1:20.359,2021-08-01,2021,+15.651,No,,,37.0,22.0,26.0,22.0,34.0,35.0,0.2,69.0,10.0,1010.0,20.5,36.0,17.0,22.0,116.0,116.0,116.0,0.0,7.0,14.5,météo favorable,,,,,,,,,,,,,budapest
Hungary,5,10,Pierre Gasly,AlphaTauri Honda,5.0,70,,11.0,1:18.394,2021-08-01,2021,+63.614,Yes,,,37.0,22.0,26.0,22.0,34.0,35.0,0.2,69.0,10.0,1010.0,20.5,36.0,17.0,22.0,116.0,116.0,116.0,0.0,7.0,14.5,météo favorable,,,,,,,,,,,,,budapest
Hungary,6,22,Yuki Tsunoda,AlphaTauri Honda,16.0,70,,8.0,1:22.450,2021-08-01,2021,+75.803,No,,,37.0,22.0,26.0,22.0,34.0,35.0,0.2,69.0,10.0,1010.0,20.5,36.0,17.0,22.0,116.0,116.0,116.0,0.0,7.0,14.5,météo favorable,,,,,,,,,,,,,budapest
Hungary,7,6,Nicholas Latifi,Williams Mercedes,18.0,70,,6.0,1:22.831,2021-08-01,2021,+77.910,No,,,37.0,22.0,26.0,22.0,34.0,35.0,0.2,69.0,10.0,1010.0,20.5,36.0,17.0,22.0,116.0,116.0,116.0,0.0,7.0,14.5,météo favorable,,,,,,,,,,,,,budapest
Hungary,8,63,George Russell,Williams Mercedes,17.0,70,,4.0,1:22.112,2021-08-01,2021,+79.094,No,,,37.0,22.0,26.0,22.0,34.0,35.0,0.2,69.0,10.0,1010.0,20.5,36.0,17.0,22.0,116.0,116.0,116.0,0.0,7.0,14.5,météo favorable,,,,,,,,,,,,,budapest
Hungary,9,33,Max Verstappen,Red Bull Racing Honda,3.0,70,,2.0,1:20.945,2021-08-01,2021,+80.244,No,,,37.0,22.0,26.0,22.0,34.0,35.0,0.2,69.0,10.0,1010.0,20.5,36.0,17.0,22.0,116.0,116.0,116.0,0.0,7.0,14.5,météo favorable,,,,,,,,,,,,,budapest
Hungary,10,7,Kimi Raikkönen,Alfa Romeo Racing Ferrari,13.0,69,,1.0,1:21.518,2021-08-01,2021,+1 lap,No,,,37.0,22.0,26.0,22.0,34.0,35.0,0.2,69.0,10.0,1010.0,20.5,36.0,17.0,22.0,116.0,116.0,116.0,0.0,7.0,14.5,météo favorable,,,,,,,,,,,,,budapest
Hungary,11,3,Daniel Ricciardo,McLaren Mercedes,11.0,69,,0.0,1:22.802,2021-08-01,2021,+1 lap,No,,,37.0,22.0,26.0,22.0,34.0,35.0,0.2,69.0,10.0,1010.0,20.5,36.0,17.0,22.0,116.0,116.0,116.0,0.0,7.0,14.5,météo favorable,,,,,,,,,,,,,budapest
Hungary,12,47,Mick Schumacher,Haas Ferrari,20.0,69,,0.0,1:22.711,2021-08-01,2021,+1 lap,No,,,37.0,22.0,26.0,22.0,34.0,35.0,0.2,69.0,10.0,1010.0,20.5,36.0,17.0,22.0,116.0,116.0,116.0,0.0,7.0,14.5,météo favorable,,,,,,,,,,,,,budapest
Hungary,13,99,Antonio Giovinazzi,Alfa Romeo Racing Ferrari,14.0,69,,0.0,1:22.736,2021-08-01,2021,+1 lap,No,,,37.0,22.0,26.0,22.0,34.0,35.0,0.2,69.0,10.0,1010.0,20.5,36.0,17.0,22.0,116.0,116.0,116.0,0.0,7.0,14.5,météo favorable,,,,,,,,,,,,,budapest
Hungary,NC,9,Nikita Mazepin,Haas Ferrari,19.0,3,,0.0,,2021-08-01,2021,DNF,No,,,37.0,22.0,26.0,22.0,34.0,35.0,0.2,69.0,10.0,1010.0,20.5,36.0,17.0,22.0,116.0,116.0,116.0,0.0,7.0,14.5,météo favorable,,,,,,,,,,,,,budapest
Hungary,NC,4,Lando Norris,McLaren Mercedes,6.0,2,,0.0,,2021-08-01,2021,DNF,No,,,37.0,22.0,26.0,22.0,34.0,35.0,0.2,69.0,10.0,1010.0,20.5,36.0,17.0,22.0,116.0,116.0,116.0,0.0,7.0,14.5,météo favorable,,,,,,,,,,,,,budapest
Hungary,NC,77,Valtteri Bottas,Mercedes,2.0,0,,0.0,,2021-08-01,2021,DNF,No,,,37.0,22.0,26.0,22.0,34.0,35.0,0.2,69.0,10.0,1010.0,20.5,36.0,17.0,22.0,116.0,116.0,116.0,0.0,7.0,14.5,météo favorable,,,,,,,,,,,,,budapest
Hungary,NC,11,Sergio Perez,Red Bull Racing Honda,4.0,0,,0.0,,2021-08-01,2021,DNF,No,,,37.0,22.0,26.0,22.0,34.0,35.0,0.2,69.0,10.0,1010.0,20.5,36.0,17.0,22.0,116.0,116.0,116.0,0.0,7.0,14.5,météo favorable,,,,,,,,,,,,,budapest
Hungary,NC,16,Charles Leclerc,Ferrari,7.0,0,,0.0,,2021-08-01,2021,DNF,No,,,37.0,22.0,26.0,22.0,34.0,35.0,0.2,69.0,10.0,1010.0,20.5,36.0,17.0,22.0,116.0,116.0,116.0,0.0,7.0,14.5,météo favorable,,,,,,,,,,,,,budapest
Hungary,NC,18,Lance Stroll,Aston Martin Mercedes,12.0,0,,0.0,,2021-08-01,2021,DNF,No,,,37.0,22.0,26.0,22.0,34.0,35.0,0.2,69.0,10.0,1010.0,20.5,36.0,17.0,22.0,116.0,116.0,116.0,0.0,7.0,14.5,météo favorable,,,,,,,,,,,,,budapest
Belgium,1,33,Max Verstappen,Red Bull Racing Honda,1.0,1,,12.5,,2021-08-29,2021,0:03:27.071,No,,,16.0,11.0,17.0,11.0,16.0,13.0,0.2,98.0,5.25,1021.0,99.375,16.0,13.0,10.0,248.0,176.0,122.0,0.0,3.0,8.6,météo défavorable,,,,,,,,,,,,,durbuy
Belgium,2,63,George Russell,Williams Mercedes,2.0,1,,9.0,,2021-08-29,2021,+1.995,No,,,16.0,11.0,17.0,11.0,16.0,13.0,0.2,98.0,5.25,1021.0,99.375,16.0,13.0,10.0,248.0,176.0,122.0,0.0,3.0,8.6,météo défavorable,,,,,,,,,,,,,durbuy
Belgium,3,44,Lewis Hamilton,Mercedes,3.0,1,,7.5,,2021-08-29,2021,+2.601,No,,,16.0,11.0,17.0,11.0,16.0,13.0,0.2,98.0,5.25,1021.0,99.375,16.0,13.0,10.0,248.0,176.0,122.0,0.0,3.0,8.6,météo défavorable,,,,,,,,,,,,,durbuy
Belgium,4,3,Daniel Ricciardo,McLaren Mercedes,4.0,1,,6.0,,2021-08-29,2021,+4.496,No,,,16.0,11.0,17.0,11.0,16.0,13.0,0.2,98.0,5.25,1021.0,99.375,16.0,13.0,10.0,248.0,176.0,122.0,0.0,3.0,8.6,météo défavorable,,,,,,,,,,,,,durbuy
Belgium,5,5,Sebastian Vettel,Aston Martin Mercedes,5.0,1,,5.0,,2021-08-29,2021,+7.479,No,,,16.0,11.0,17.0,11.0,16.0,13.0,0.2,98.0,5.25,1021.0,99.375,16.0,13.0,10.0,248.0,176.0,122.0,0.0,3.0,8.6,météo défavorable,,,,,,,,,,,,,durbuy
Belgium,6,10,Pierre Gasly,AlphaTauri Honda,6.0,1,,4.0,,2021-08-29,2021,+10.177,No,,,16.0,11.0,17.0,11.0,16.0,13.0,0.2,98.0,5.25,1021.0,99.375,16.0,13.0,10.0,248.0,176.0,122.0,0.0,3.0,8.6,météo défavorable,,,,,,,,,,,,,durbuy
Belgium,7,31,Esteban Ocon,Alpine Renault,8.0,1,,3.0,,2021-08-29,2021,+11.579,No,,,16.0,11.0,17.0,11.0,16.0,13.0,0.2,98.0,5.25,1021.0,99.375,16.0,13.0,10.0,248.0,176.0,122.0,0.0,3.0,8.6,météo défavorable,,,,,,,,,,,,,durbuy
Belgium,8,16,Charles Leclerc,Ferrari,9.0,1,,2.0,,2021-08-29,2021,+12.608,No,,,16.0,11.0,17.0,11.0,16.0,13.0,0.2,98.0,5.25,1021.0,99.375,16.0,13.0,10.0,248.0,176.0,122.0,0.0,3.0,8.6,météo défavorable,,,,,,,,,,,,,durbuy
Belgium,9,6,Nicholas Latifi,Williams Mercedes,10.0,1,,1.0,,2021-08-29,2021,+15.484,No,,,16.0,11.0,17.0,11.0,16.0,13.0,0.2,98.0,5.25,1021.0,99.375,16.0,13.0,10.0,248.0,176.0,122.0,0.0,3.0,8.6,météo défavorable,,,,,,,,,,,,,durbuy
Belgium,10,55,Carlos Sainz,Ferrari,11.0,1,,0.5,,2021-08-29,2021,+16.166,No,,,16.0,11.0,17.0,11.0,16.0,13.0,0.2,98.0,5.25,1021.0,99.375,16.0,13.0,10.0,248.0,176.0,122.0,0.0,3.0,8.6,météo défavorable,,,,,,,,,,,,,durbuy
Belgium,11,14,Fernando Alonso,Alpine Renault,12.0,1,,0.0,,2021-08-29,2021,+20.590,No,,,16.0,11.0,17.0,11.0,16.0,13.0,0.2,98.0,5.25,1021.0,99.375,16.0,13.0,10.0,248.0,176.0,122.0,0.0,3.0,8.6,météo défavorable,,,,,,,,,,,,,durbuy
Belgium,12,77,Valtteri Bottas,Mercedes,13.0,1,,0.0,,2021-08-29,2021,+22.414,No,,,16.0,11.0,17.0,11.0,16.0,13.0,0.2,98.0,5.25,1021.0,99.375,16.0,13.0,10.0,248.0,176.0,122.0,0.0,3.0,8.6,météo défavorable,,,,,,,,,,,,,durbuy
Belgium,13,99,Antonio Giovinazzi,Alfa Romeo Racing Ferrari,14.0,1,,0.0,,2021-08-29,2021,+24.163,No,,,16.0,11.0,17.0,11.0,16.0,13.0,0.2,98.0,5.25,1021.0,99.375,16.0,13.0,10.0,248.0,176.0,122.0,0.0,3.0,8.6,météo défavorable,,,,,,,,,,,,,durbuy
Belgium,14,4,Lando Norris,McLaren Mercedes,15.0,1,,0.0,,2021-08-29,2021,+27.109,No,,,16.0,11.0,17.0,11.0,16.0,13.0,0.2,98.0,5.25,1021.0,99.375,16.0,13.0,10.0,248.0,176.0,122.0,0.0,3.0,8.6,météo défavorable,,,,,,,,,,,,,durbuy
Belgium,15,22,Yuki Tsunoda,AlphaTauri Honda,16.0,1,,0.0,,2021-08-29,2021,+28.329,No,,,16.0,11.0,17.0,11.0,16.0,13.0,0.2,98.0,5.25,1021.0,99.375,16.0,13.0,10.0,248.0,176.0,122.0,0.0,3.0,8.6,météo défavorable,,,,,,,,,,,,,durbuy
Belgium,16,47,Mick Schumacher,Haas Ferrari,17.0,1,,0.0,,2021-08-29,2021,+29.507,No,,,16.0,11.0,17.0,11.0,16.0,13.0,0.2,98.0,5.25,1021.0,99.375,16.0,13.0,10.0,248.0,176.0,122.0,0.0,3.0,8.6,météo défavorable,,,,,,,,,,,,,durbuy
Belgium,17,9,Nikita Mazepin,Haas Ferrari,18.0,1,,0.0,,2021-08-29,2021,+31.993,No,,,16.0,11.0,17.0,11.0,16.0,13.0,0.2,98.0,5.25,1021.0,99.375,16.0,13.0,10.0,248.0,176.0,122.0,0.0,3.0,8.6,météo défavorable,,,,,,,,,,,,,durbuy
Belgium,18,7,Kimi Raikkönen,Alfa Romeo Racing Ferrari,20.0,1,,0.0,,2021-08-29,2021,+36.054,No,,,16.0,11.0,17.0,11.0,16.0,13.0,0.2,98.0,5.25,1021.0,99.375,16.0,13.0,10.0,248.0,176.0,122.0,0.0,3.0,8.6,météo défavorable,,,,,,,,,,,,,durbuy
Belgium,19,11,Sergio Perez,Red Bull Racing Honda,7.0,1,,0.0,,2021-08-29,2021,+38.205,No,,,16.0,11.0,17.0,11.0,16.0,13.0,0.2,98.0,5.25,1021.0,99.375,16.0,13.0,10.0,248.0,176.0,122.0,0.0,3.0,8.6,météo défavorable,,,,,,,,,,,,,durbuy
Belgium,20,18,Lance Stroll,Aston Martin Mercedes,19.0,1,,0.0,,2021-08-29,2021,+44.108,No,,,16.0,11.0,17.0,11.0,16.0,13.0,0.2,98.0,5.25,1021.0,99.375,16.0,13.0,10.0,248.0,176.0,122.0,0.0,3.0,8.6,météo défavorable,,,,,,,,,,,,,durbuy
Netherlands,1,33,Max Verstappen,Red Bull Racing Honda,1.0,72,,25.0,1:13.275,2021-09-05,2021,1:30:05.395,No,,,,,,,,,,,,,,,,,,,,,,,,,,,,,,,,,,,,
Netherlands,2,44,Lewis Hamilton,Mercedes,2.0,72,,19.0,1:11.097,2021-09-05,2021,+20.932,Yes,,,,,,,,,,,,,,,,,,,,,,,,,,,,,,,,,,,,
Netherlands,3,77,Valtteri Bottas,Mercedes,3.0,72,,15.0,1:12.549,2021-09-05,2021,+56.460,No,,,,,,,,,,,,,,,,,,,,,,,,,,,,,,,,,,,,
Netherlands,4,10,Pierre Gasly,AlphaTauri Honda,4.0,71,,12.0,1:14.818,2021-09-05,2021,+1 lap,No,,,,,,,,,,,,,,,,,,,,,,,,,,,,,,,,,,,,
Netherlands,5,16,Charles Leclerc,Ferrari,5.0,71,,10.0,1:14.780,2021-09-05,2021,+1 lap,No,,,,,,,,,,,,,,,,,,,,,,,,,,,,,,,,,,,,
Netherlands,6,14,Fernando Alonso,Alpine Renault,9.0,71,,8.0,1:14.323,2021-09-05,2021,+1 lap,No,,,,,,,,,,,,,,,,,,,,,,,,,,,,,,,,,,,,
Netherlands,7,55,Carlos Sainz,Ferrari,6.0,71,,6.0,1:15.260,2021-09-05,2021,+1 lap,No,,,,,,,,,,,,,,,,,,,,,,,,,,,,,,,,,,,,
Netherlands,8,11,Sergio Perez,Red Bull Racing Honda,20.0,71,,4.0,1:13.461,2021-09-05,2021,+1 lap,No,,,,,,,,,,,,,,,,,,,,,,,,,,,,,,,,,,,,
Netherlands,9,31,Esteban Ocon,Alpine Renault,8.0,71,,2.0,1:14.675,2021-09-05,2021,+1 lap,No,,,,,,,,,,,,,,,,,,,,,,,,,,,,,,,,,,,,
Netherlands,10,4,Lando Norris,McLaren Mercedes,13.0,71,,1.0,1:14.236,2021-09-05,2021,+1 lap,No,,,,,,,,,,,,,,,,,,,,,,,,,,,,,,,,,,,,
Netherlands,11,3,Daniel Ricciardo,McLaren Mercedes,10.0,71,,0.0,1:14.920,2021-09-05,2021,+1 lap,No,,,,,,,,,,,,,,,,,,,,,,,,,,,,,,,,,,,,
Netherlands,12,18,Lance Stroll,Aston Martin Mercedes,12.0,70,,0.0,1:15.611,2021-09-05,2021,+2 laps,No,,,,,,,,,,,,,,,,,,,,,,,,,,,,,,,,,,,,
Netherlands,13,5,Sebastian Vettel,Aston Martin Mercedes,15.0,70,,0.0,1:13.958,2021-09-05,2021,+2 laps,No,,,,,,,,,,,,,,,,,,,,,,,,,,,,,,,,,,,,
Netherlands,14,99,Antonio Giovinazzi,Alfa Romeo Racing Ferrari,7.0,70,,0.0,1:15.125,2021-09-05,2021,+2 laps,No,,,,,,,,,,,,,,,,,,,,,,,,,,,,,,,,,,,,
Netherlands,15,88,Robert Kubica,Alfa Romeo Racing Ferrari,16.0,70,,0.0,1:15.442,2021-09-05,2021,+2 laps,No,,,,,,,,,,,,,,,,,,,,,,,,,,,,,,,,,,,,
Netherlands,16,6,Nicholas Latifi,Williams Mercedes,19.0,70,,0.0,1:15.790,2021-09-05,2021,+2 laps,No,,,,,,,,,,,,,,,,,,,,,,,,,,,,,,,,,,,,
Netherlands,17,63,George Russell,Williams Mercedes,11.0,69,,0.0,1:15.628,2021-09-05,2021,DNF,No,,,,,,,,,,,,,,,,,,,,,,,,,,,,,,,,,,,,
Netherlands,18,47,Mick Schumacher,Haas Ferrari,17.0,69,,0.0,1:15.927,2021-09-05,2021,+3 laps,No,,,,,,,,,,,,,,,,,,,,,,,,,,,,,,,,,,,,
Netherlands,NC,22,Yuki Tsunoda,AlphaTauri Honda,14.0,48,,0.0,1:15.783,2021-09-05,2021,DNF,No,,,,,,,,,,,,,,,,,,,,,,,,,,,,,,,,,,,,
Netherlands,NC,9,Nikita Mazepin,Haas Ferrari,18.0,41,,0.0,1:16.066,2021-09-05,2021,DNF,No,,,,,,,,,,,,,,,,,,,,,,,,,,,,,,,,,,,,
Italy,1,3,Daniel Ricciardo,McLaren Mercedes,2.0,53,,26.0,1:24.812,2021-09-12,2021,1:21:54.365,Yes,,,,,,,,,,,,,,,,,,,,,,,,,,,,,,,,,,,,
Italy,2,4,Lando Norris,McLaren Mercedes,3.0,53,,18.0,1:24.971,2021-09-12,2021,+1.747,No,,,,,,,,,,,,,,,,,,,,,,,,,,,,,,,,,,,,
Italy,3,77,Valtteri Bottas,Mercedes,19.0,53,,15.0,1:24.872,2021-09-12,2021,+4.921,No,,,,,,,,,,,,,,,,,,,,,,,,,,,,,,,,,,,,
Italy,4,16,Charles Leclerc,Ferrari,5.0,53,,12.0,1:25.319,2021-09-12,2021,+7.309,No,,,,,,,,,,,,,,,,,,,,,,,,,,,,,,,,,,,,
Italy,5,11,Sergio Perez,Red Bull Racing Honda,8.0,53,,10.0,1:25.156,2021-09-12,2021,+8.723,No,,,,,,,,,,,,,,,,,,,,,,,,,,,,,,,,,,,,
Italy,6,55,Carlos Sainz,Ferrari,6.0,53,,8.0,1:25.559,2021-09-12,2021,+10.535,No,,,,,,,,,,,,,,,,,,,,,,,,,,,,,,,,,,,,
Italy,7,18,Lance Stroll,Aston Martin Mercedes,9.0,53,,6.0,1:25.853,2021-09-12,2021,+15.804,No,,,,,,,,,,,,,,,,,,,,,,,,,,,,,,,,,,,,
Italy,8,14,Fernando Alonso,Alpine Renault,10.0,53,,4.0,1:25.472,2021-09-12,2021,+17.201,No,,,,,,,,,,,,,,,,,,,,,,,,,,,,,,,,,,,,
Italy,9,63,George Russell,Williams Mercedes,14.0,53,,2.0,1:25.835,2021-09-12,2021,+19.742,No,,,,,,,,,,,,,,,,,,,,,,,,,,,,,,,,,,,,
Italy,10,31,Esteban Ocon,Alpine Renault,12.0,53,,1.0,1:25.566,2021-09-12,2021,+20.868,No,,,,,,,,,,,,,,,,,,,,,,,,,,,,,,,,,,,,
Italy,11,6,Nicholas Latifi,Williams Mercedes,13.0,53,,0.0,1:25.953,2021-09-12,2021,+23.743,No,,,,,,,,,,,,,,,,,,,,,,,,,,,,,,,,,,,,
Italy,12,5,Sebastian Vettel,Aston Martin Mercedes,11.0,53,,0.0,1:25.938,2021-09-12,2021,+24.601,No,,,,,,,,,,,,,,,,,,,,,,,,,,,,,,,,,,,,
Italy,13,99,Antonio Giovinazzi,Alfa Romeo Racing Ferrari,7.0,53,,0.0,1:25.718,2021-09-12,2021,+27.216,No,,,,,,,,,,,,,,,,,,,,,,,,,,,,,,,,,,,,
Italy,14,88,Robert Kubica,Alfa Romeo Racing Ferrari,17.0,53,,0.0,1:25.849,2021-09-12,2021,+29.769,No,,,,,,,,,,,,,,,,,,,,,,,,,,,,,,,,,,,,
Italy,15,47,Mick Schumacher,Haas Ferrari,18.0,53,,0.0,1:26.707,2021-09-12,2021,+51.088,No,,,,,,,,,,,,,,,,,,,,,,,,,,,,,,,,,,,,
Italy,NC,9,Nikita Mazepin,Haas Ferrari,16.0,41,,0.0,1:27.202,2021-09-12,2021,DNF,No,,,,,,,,,,,,,,,,,,,,,,,,,,,,,,,,,,,,
Italy,NC,44,Lewis Hamilton,Mercedes,4.0,25,,0.0,1:25.870,2021-09-12,2021,DNF,No,,,,,,,,,,,,,,,,,,,,,,,,,,,,,,,,,,,,
Italy,NC,33,Max Verstappen,Red Bull Racing Honda,1.0,25,,0.0,1:25.173,2021-09-12,2021,DNF,No,,,,,,,,,,,,,,,,,,,,,,,,,,,,,,,,,,,,
Italy,NC,10,Pierre Gasly,AlphaTauri Honda,20.0,3,,0.0,1:29.005,2021-09-12,2021,DNF,No,,,,,,,,,,,,,,,,,,,,,,,,,,,,,,,,,,,,
Italy,NC,22,Yuki Tsunoda,AlphaTauri Honda,15.0,0,,0.0,,2021-09-12,2021,DNS,No,,,,,,,,,,,,,,,,,,,,,,,,,,,,,,,,,,,,
Russia,1,44,Lewis Hamilton,Mercedes,4.0,53,,25.0,1:37.575,2021-09-26,2021,1:30:41.001,No,,,19.0,14.0,8.0,14.0,18.0,17.0,3.5,76.0,9.75,1023.0,50.625,19.0,11.0,13.0,176.0,116.0,116.0,0.0,4.0,10.2,météo favorable,,,,,,,,,,,,,
Russia,2,33,Max Verstappen,Red Bull Racing Honda,20.0,53,,18.0,1:38.396,2021-09-26,2021,+53.271,No,,,19.0,14.0,8.0,14.0,18.0,17.0,3.5,76.0,9.75,1023.0,50.625,19.0,11.0,13.0,176.0,116.0,116.0,0.0,4.0,10.2,météo favorable,,,,,,,,,,,,,
Russia,3,55,Carlos Sainz,Ferrari,2.0,53,,15.0,1:39.294,2021-09-26,2021,+62.475,No,,,19.0,14.0,8.0,14.0,18.0,17.0,3.5,76.0,9.75,1023.0,50.625,19.0,11.0,13.0,176.0,116.0,116.0,0.0,4.0,10.2,météo favorable,,,,,,,,,,,,,
Russia,4,3,Daniel Ricciardo,McLaren Mercedes,5.0,53,,12.0,1:39.124,2021-09-26,2021,+65.607,No,,,19.0,14.0,8.0,14.0,18.0,17.0,3.5,76.0,9.75,1023.0,50.625,19.0,11.0,13.0,176.0,116.0,116.0,0.0,4.0,10.2,météo favorable,,,,,,,,,,,,,
Russia,5,77,Valtteri Bottas,Mercedes,16.0,53,,10.0,1:38.216,2021-09-26,2021,+67.533,No,,,19.0,14.0,8.0,14.0,18.0,17.0,3.5,76.0,9.75,1023.0,50.625,19.0,11.0,13.0,176.0,116.0,116.0,0.0,4.0,10.2,météo favorable,,,,,,,,,,,,,
Russia,6,14,Fernando Alonso,Alpine Renault,6.0,53,,8.0,1:38.686,2021-09-26,2021,+81.321,No,,,19.0,14.0,8.0,14.0,18.0,17.0,3.5,76.0,9.75,1023.0,50.625,19.0,11.0,13.0,176.0,116.0,116.0,0.0,4.0,10.2,météo favorable,,,,,,,,,,,,,
Russia,7,4,Lando Norris,McLaren Mercedes,1.0,53,,7.0,1:37.423,2021-09-26,2021,+87.224,Yes,,,19.0,14.0,8.0,14.0,18.0,17.0,3.5,76.0,9.75,1023.0,50.625,19.0,11.0,13.0,176.0,116.0,116.0,0.0,4.0,10.2,météo favorable,,,,,,,,,,,,,
Russia,8,7,Kimi Raikkönen,Alfa Romeo Racing Ferrari,13.0,53,,4.0,1:40.289,2021-09-26,2021,+88.955,No,,,19.0,14.0,8.0,14.0,18.0,17.0,3.5,76.0,9.75,1023.0,50.625,19.0,11.0,13.0,176.0,116.0,116.0,0.0,4.0,10.2,météo favorable,,,,,,,,,,,,,
Russia,9,11,Sergio Perez,Red Bull Racing Honda,8.0,53,,2.0,1:39.215,2021-09-26,2021,+90.076,No,,,19.0,14.0,8.0,14.0,18.0,17.0,3.5,76.0,9.75,1023.0,50.625,19.0,11.0,13.0,176.0,116.0,116.0,0.0,4.0,10.2,météo favorable,,,,,,,,,,,,,
Russia,10,63,George Russell,Williams Mercedes,3.0,53,,1.0,1:40.596,2021-09-26,2021,+100.551,No,,,19.0,14.0,8.0,14.0,18.0,17.0,3.5,76.0,9.75,1023.0,50.625,19.0,11.0,13.0,176.0,116.0,116.0,0.0,4.0,10.2,météo favorable,,,,,,,,,,,,,
Russia,11,18,Lance Stroll,Aston Martin Mercedes,7.0,53,,0.0,1:40.464,2021-09-26,2021,+116.198,No,,,19.0,14.0,8.0,14.0,18.0,17.0,3.5,76.0,9.75,1023.0,50.625,19.0,11.0,13.0,176.0,116.0,116.0,0.0,4.0,10.2,météo favorable,,,,,,,,,,,,,
Russia,12,5,Sebastian Vettel,Aston Martin Mercedes,10.0,52,,0.0,1:39.251,2021-09-26,2021,+1 lap,No,,,19.0,14.0,8.0,14.0,18.0,17.0,3.5,76.0,9.75,1023.0,50.625,19.0,11.0,13.0,176.0,116.0,116.0,0.0,4.0,10.2,météo favorable,,,,,,,,,,,,,
Russia,13,10,Pierre Gasly,AlphaTauri Honda,11.0,52,,0.0,1:38.279,2021-09-26,2021,+1 lap,No,,,19.0,14.0,8.0,14.0,18.0,17.0,3.5,76.0,9.75,1023.0,50.625,19.0,11.0,13.0,176.0,116.0,116.0,0.0,4.0,10.2,météo favorable,,,,,,,,,,,,,
Russia,14,31,Esteban Ocon,Alpine Renault,9.0,52,,0.0,1:40.598,2021-09-26,2021,+1 lap,No,,,19.0,14.0,8.0,14.0,18.0,17.0,3.5,76.0,9.75,1023.0,50.625,19.0,11.0,13.0,176.0,116.0,116.0,0.0,4.0,10.2,météo favorable,,,,,,,,,,,,,
Russia,15,16,Charles Leclerc,Ferrari,19.0,52,,0.0,1:38.994,2021-09-26,2021,+1 lap,No,,,19.0,14.0,8.0,14.0,18.0,17.0,3.5,76.0,9.75,1023.0,50.625,19.0,11.0,13.0,176.0,116.0,116.0,0.0,4.0,10.2,météo favorable,,,,,,,,,,,,,
Russia,16,99,Antonio Giovinazzi,Alfa Romeo Racing Ferrari,17.0,52,,0.0,1:39.058,2021-09-26,2021,+1 lap,No,,,19.0,14.0,8.0,14.0,18.0,17.0,3.5,76.0,9.75,1023.0,50.625,19.0,11.0,13.0,176.0,116.0,116.0,0.0,4.0,10.2,météo favorable,,,,,,,,,,,,,
Russia,17,22,Yuki Tsunoda,AlphaTauri Honda,12.0,52,,0.0,1:39.960,2021-09-26,2021,+1 lap,No,,,19.0,14.0,8.0,14.0,18.0,17.0,3.5,76.0,9.75,1023.0,50.625,19.0,11.0,13.0,176.0,116.0,116.0,0.0,4.0,10.2,météo favorable,,,,,,,,,,,,,
Russia,18,9,Nikita Mazepin,Haas Ferrari,15.0,51,,0.0,1:41.713,2021-09-26,2021,+2 laps,No,,,19.0,14.0,8.0,14.0,18.0,17.0,3.5,76.0,9.75,1023.0,50.625,19.0,11.0,13.0,176.0,116.0,116.0,0.0,4.0,10.2,météo favorable,,,,,,,,,,,,,
Russia,19,6,Nicholas Latifi,Williams Mercedes,18.0,47,,0.0,1:40.000,2021-09-26,2021,DNF,No,,,19.0,14.0,8.0,14.0,18.0,17.0,3.5,76.0,9.75,1023.0,50.625,19.0,11.0,13.0,176.0,116.0,116.0,0.0,4.0,10.2,météo favorable,,,,,,,,,,,,,
Russia,NC,47,Mick Schumacher,Haas Ferrari,14.0,32,,0.0,1:40.276,2021-09-26,2021,DNF,No,,,19.0,14.0,8.0,14.0,18.0,17.0,3.5,76.0,9.75,1023.0,50.625,19.0,11.0,13.0,176.0,116.0,116.0,0.0,4.0,10.2,météo favorable,,,,,,,,,,,,,
Turkey,1,77,Valtteri Bottas,Mercedes,1.0,58,,26.0,1:30.432,2021-10-10,2021,1:31:04.103,Yes,,,20.0,17.0,29.0,17.0,20.0,19.0,0.0,88.0,10.0,1021.0,67.375,20.0,15.0,17.0,119.0,122.0,116.0,0.0,5.0,7.1,météo défavorable,,,,,,,,,,,,,
Turkey,2,33,Max Verstappen,Red Bull Racing Honda,2.0,58,,18.0,1:32.759,2021-10-10,2021,+14.584,No,,,20.0,17.0,29.0,17.0,20.0,19.0,0.0,88.0,10.0,1021.0,67.375,20.0,15.0,17.0,119.0,122.0,116.0,0.0,5.0,7.1,météo défavorable,,,,,,,,,,,,,
Turkey,3,11,Sergio Perez,Red Bull Racing Honda,6.0,58,,15.0,1:32.459,2021-10-10,2021,+33.471,No,,,20.0,17.0,29.0,17.0,20.0,19.0,0.0,88.0,10.0,1021.0,67.375,20.0,15.0,17.0,119.0,122.0,116.0,0.0,5.0,7.1,météo défavorable,,,,,,,,,,,,,
Turkey,4,16,Charles Leclerc,Ferrari,3.0,58,,12.0,1:32.737,2021-10-10,2021,+37.814,No,,,20.0,17.0,29.0,17.0,20.0,19.0,0.0,88.0,10.0,1021.0,67.375,20.0,15.0,17.0,119.0,122.0,116.0,0.0,5.0,7.1,météo défavorable,,,,,,,,,,,,,
Turkey,5,44,Lewis Hamilton,Mercedes,11.0,58,,10.0,1:32.763,2021-10-10,2021,+41.812,No,,,20.0,17.0,29.0,17.0,20.0,19.0,0.0,88.0,10.0,1021.0,67.375,20.0,15.0,17.0,119.0,122.0,116.0,0.0,5.0,7.1,météo défavorable,,,,,,,,,,,,,
Turkey,6,10,Pierre Gasly,AlphaTauri Honda,4.0,58,,8.0,1:32.814,2021-10-10,2021,+44.292,No,,,20.0,17.0,29.0,17.0,20.0,19.0,0.0,88.0,10.0,1021.0,67.375,20.0,15.0,17.0,119.0,122.0,116.0,0.0,5.0,7.1,météo défavorable,,,,,,,,,,,,,
Turkey,7,4,Lando Norris,McLaren Mercedes,7.0,58,,6.0,1:32.446,2021-10-10,2021,+47.213,No,,,20.0,17.0,29.0,17.0,20.0,19.0,0.0,88.0,10.0,1021.0,67.375,20.0,15.0,17.0,119.0,122.0,116.0,0.0,5.0,7.1,météo défavorable,,,,,,,,,,,,,
Turkey,8,55,Carlos Sainz,Ferrari,19.0,58,,4.0,1:31.921,2021-10-10,2021,+51.526,No,,,20.0,17.0,29.0,17.0,20.0,19.0,0.0,88.0,10.0,1021.0,67.375,20.0,15.0,17.0,119.0,122.0,116.0,0.0,5.0,7.1,météo défavorable,,,,,,,,,,,,,
Turkey,9,18,Lance Stroll,Aston Martin Mercedes,8.0,58,,2.0,1:32.608,2021-10-10,2021,+82.018,No,,,20.0,17.0,29.0,17.0,20.0,19.0,0.0,88.0,10.0,1021.0,67.375,20.0,15.0,17.0,119.0,122.0,116.0,0.0,5.0,7.1,météo défavorable,,,,,,,,,,,,,
Turkey,10,31,Esteban Ocon,Alpine Renault,12.0,57,,1.0,1:34.584,2021-10-10,2021,+1 lap,No,,,20.0,17.0,29.0,17.0,20.0,19.0,0.0,88.0,10.0,1021.0,67.375,20.0,15.0,17.0,119.0,122.0,116.0,0.0,5.0,7.1,météo défavorable,,,,,,,,,,,,,
Turkey,11,99,Antonio Giovinazzi,Alfa Romeo Racing Ferrari,16.0,57,,0.0,1:32.904,2021-10-10,2021,+1 lap,No,,,20.0,17.0,29.0,17.0,20.0,19.0,0.0,88.0,10.0,1021.0,67.375,20.0,15.0,17.0,119.0,122.0,116.0,0.0,5.0,7.1,météo défavorable,,,,,,,,,,,,,
Turkey,12,7,Kimi Raikkönen,Alfa Romeo Racing Ferrari,17.0,57,,0.0,1:32.586,2021-10-10,2021,+1 lap,No,,,20.0,17.0,29.0,17.0,20.0,19.0,0.0,88.0,10.0,1021.0,67.375,20.0,15.0,17.0,119.0,122.0,116.0,0.0,5.0,7.1,météo défavorable,,,,,,,,,,,,,
Turkey,13,3,Daniel Ricciardo,McLaren Mercedes,20.0,57,,0.0,1:33.255,2021-10-10,2021,+1 lap,No,,,20.0,17.0,29.0,17.0,20.0,19.0,0.0,88.0,10.0,1021.0,67.375,20.0,15.0,17.0,119.0,122.0,116.0,0.0,5.0,7.1,météo défavorable,,,,,,,,,,,,,
Turkey,14,22,Yuki Tsunoda,AlphaTauri Honda,9.0,57,,0.0,1:32.844,2021-10-10,2021,+1 lap,No,,,20.0,17.0,29.0,17.0,20.0,19.0,0.0,88.0,10.0,1021.0,67.375,20.0,15.0,17.0,119.0,122.0,116.0,0.0,5.0,7.1,météo défavorable,,,,,,,,,,,,,
Turkey,15,63,George Russell,Williams Mercedes,13.0,57,,0.0,1:33.399,2021-10-10,2021,+1 lap,No,,,20.0,17.0,29.0,17.0,20.0,19.0,0.0,88.0,10.0,1021.0,67.375,20.0,15.0,17.0,119.0,122.0,116.0,0.0,5.0,7.1,météo défavorable,,,,,,,,,,,,,
Turkey,16,14,Fernando Alonso,Alpine Renault,5.0,57,,0.0,1:33.252,2021-10-10,2021,+1 lap,No,,,20.0,17.0,29.0,17.0,20.0,19.0,0.0,88.0,10.0,1021.0,67.375,20.0,15.0,17.0,119.0,122.0,116.0,0.0,5.0,7.1,météo défavorable,,,,,,,,,,,,,
Turkey,17,6,Nicholas Latifi,Williams Mercedes,15.0,57,,0.0,1:33.672,2021-10-10,2021,+1 lap,No,,,20.0,17.0,29.0,17.0,20.0,19.0,0.0,88.0,10.0,1021.0,67.375,20.0,15.0,17.0,119.0,122.0,116.0,0.0,5.0,7.1,météo défavorable,,,,,,,,,,,,,
Turkey,18,5,Sebastian Vettel,Aston Martin Mercedes,10.0,57,,0.0,1:32.730,2021-10-10,2021,+1 lap,No,,,20.0,17.0,29.0,17.0,20.0,19.0,0.0,88.0,10.0,1021.0,67.375,20.0,15.0,17.0,119.0,122.0,116.0,0.0,5.0,7.1,météo défavorable,,,,,,,,,,,,,
Turkey,19,47,Mick Schumacher,Haas Ferrari,14.0,56,,0.0,1:34.209,2021-10-10,2021,+2 laps,No,,,20.0,17.0,29.0,17.0,20.0,19.0,0.0,88.0,10.0,1021.0,67.375,20.0,15.0,17.0,119.0,122.0,116.0,0.0,5.0,7.1,météo défavorable,,,,,,,,,,,,,
Turkey,20,9,Nikita Mazepin,Haas Ferrari,18.0,56,,0.0,1:35.438,2021-10-10,2021,+2 laps,No,,,20.0,17.0,29.0,17.0,20.0,19.0,0.0,88.0,10.0,1021.0,67.375,20.0,15.0,17.0,119.0,122.0,116.0,0.0,5.0,7.1,météo défavorable,,,,,,,,,,,,,
United States,1,33,Max Verstappen,Red Bull Racing Honda,1.0,56,,25.0,1:39.096,2021-10-24,2021,1:34:36.552,No,,,,,,,,,,,,,,,,,,,,,,,,,,,,,,,,,,,,
United States,2,44,Lewis Hamilton,Mercedes,2.0,56,,19.0,1:38.485,2021-10-24,2021,+1.333,Yes,,,,,,,,,,,,,,,,,,,,,,,,,,,,,,,,,,,,
United States,3,11,Sergio Perez,Red Bull Racing Honda,3.0,56,,15.0,1:39.566,2021-10-24,2021,+42.223,No,,,,,,,,,,,,,,,,,,,,,,,,,,,,,,,,,,,,
United States,4,16,Charles Leclerc,Ferrari,4.0,56,,12.0,1:39.303,2021-10-24,2021,+52.246,No,,,,,,,,,,,,,,,,,,,,,,,,,,,,,,,,,,,,
United States,5,3,Daniel Ricciardo,McLaren Mercedes,6.0,56,,10.0,1:40.345,2021-10-24,2021,+76.854,No,,,,,,,,,,,,,,,,,,,,,,,,,,,,,,,,,,,,
United States,6,77,Valtteri Bottas,Mercedes,9.0,56,,8.0,1:40.147,2021-10-24,2021,+80.128,No,,,,,,,,,,,,,,,,,,,,,,,,,,,,,,,,,,,,
United States,7,55,Carlos Sainz,Ferrari,5.0,56,,6.0,1:40.377,2021-10-24,2021,+83.545,No,,,,,,,,,,,,,,,,,,,,,,,,,,,,,,,,,,,,
United States,8,4,Lando Norris,McLaren Mercedes,7.0,56,,4.0,1:40.228,2021-10-24,2021,+94.395,No,,,,,,,,,,,,,,,,,,,,,,,,,,,,,,,,,,,,
United States,9,22,Yuki Tsunoda,AlphaTauri Honda,10.0,55,,2.0,1:41.151,2021-10-24,2021,+1 lap,No,,,,,,,,,,,,,,,,,,,,,,,,,,,,,,,,,,,,
United States,10,5,Sebastian Vettel,Aston Martin Mercedes,18.0,55,,1.0,1:41.120,2021-10-24,2021,+1 lap,No,,,,,,,,,,,,,,,,,,,,,,,,,,,,,,,,,,,,
United States,11,99,Antonio Giovinazzi,Alfa Romeo Racing Ferrari,12.0,55,,0.0,1:41.145,2021-10-24,2021,+1 lap,No,,,,,,,,,,,,,,,,,,,,,,,,,,,,,,,,,,,,
United States,12,18,Lance Stroll,Aston Martin Mercedes,13.0,55,,0.0,1:41.189,2021-10-24,2021,+1 lap,No,,,,,,,,,,,,,,,,,,,,,,,,,,,,,,,,,,,,
United States,13,7,Kimi Raikkönen,Alfa Romeo Racing Ferrari,15.0,55,,0.0,1:41.340,2021-10-24,2021,+1 lap,No,,,,,,,,,,,,,,,,,,,,,,,,,,,,,,,,,,,,
United States,14,63,George Russell,Williams Mercedes,20.0,55,,0.0,1:41.120,2021-10-24,2021,+1 lap,No,,,,,,,,,,,,,,,,,,,,,,,,,,,,,,,,,,,,
United States,15,6,Nicholas Latifi,Williams Mercedes,14.0,55,,0.0,1:41.818,2021-10-24,2021,+1 lap,No,,,,,,,,,,,,,,,,,,,,,,,,,,,,,,,,,,,,
United States,16,47,Mick Schumacher,Haas Ferrari,16.0,54,,0.0,1:41.395,2021-10-24,2021,+2 laps,No,,,,,,,,,,,,,,,,,,,,,,,,,,,,,,,,,,,,
United States,17,9,Nikita Mazepin,Haas Ferrari,17.0,54,,0.0,1:42.886,2021-10-24,2021,+2 laps,No,,,,,,,,,,,,,,,,,,,,,,,,,,,,,,,,,,,,
United States,NC,14,Fernando Alonso,Alpine Renault,19.0,49,,0.0,1:40.067,2021-10-24,2021,DNF,No,,,,,,,,,,,,,,,,,,,,,,,,,,,,,,,,,,,,
United States,NC,31,Esteban Ocon,Alpine Renault,11.0,40,,0.0,1:42.194,2021-10-24,2021,DNF,No,,,,,,,,,,,,,,,,,,,,,,,,,,,,,,,,,,,,
United States,NC,10,Pierre Gasly,AlphaTauri Honda,8.0,14,,0.0,1:42.015,2021-10-24,2021,DNF,No,,,,,,,,,,,,,,,,,,,,,,,,,,,,,,,,,,,,
Mexico,1,33,Max Verstappen,Red Bull Racing Honda,3.0,71,,25.0,1:18.999,2021-11-07,2021,1:38:39.086,No,,,,,,,,,,,,,,,,,,,,,,,,,,,,,,,,,,,,
Mexico,2,44,Lewis Hamilton,Mercedes,2.0,71,,18.0,1:19.820,2021-11-07,2021,+16.555,No,,,,,,,,,,,,,,,,,,,,,,,,,,,,,,,,,,,,
Mexico,3,11,Sergio Perez,Red Bull Racing Honda,4.0,71,,15.0,1:19.468,2021-11-07,2021,+17.752,No,,,,,,,,,,,,,,,,,,,,,,,,,,,,,,,,,,,,
Mexico,4,10,Pierre Gasly,AlphaTauri Honda,5.0,71,,12.0,1:20.510,2021-11-07,2021,+63.845,No,,,,,,,,,,,,,,,,,,,,,,,,,,,,,,,,,,,,
Mexico,5,16,Charles Leclerc,Ferrari,8.0,71,,10.0,1:20.665,2021-11-07,2021,+81.037,No,,,,,,,,,,,,,,,,,,,,,,,,,,,,,,,,,,,,
Mexico,6,55,Carlos Sainz,Ferrari,6.0,70,,8.0,1:20.081,2021-11-07,2021,+1 lap,No,,,,,,,,,,,,,,,,,,,,,,,,,,,,,,,,,,,,
Mexico,7,5,Sebastian Vettel,Aston Martin Mercedes,9.0,70,,6.0,1:20.460,2021-11-07,2021,+1 lap,No,,,,,,,,,,,,,,,,,,,,,,,,,,,,,,,,,,,,
Mexico,8,7,Kimi Raikkönen,Alfa Romeo Racing Ferrari,10.0,70,,4.0,1:20.713,2021-11-07,2021,+1 lap,No,,,,,,,,,,,,,,,,,,,,,,,,,,,,,,,,,,,,
Mexico,9,14,Fernando Alonso,Alpine Renault,12.0,70,,2.0,1:20.711,2021-11-07,2021,+1 lap,No,,,,,,,,,,,,,,,,,,,,,,,,,,,,,,,,,,,,
Mexico,10,4,Lando Norris,McLaren Mercedes,18.0,70,,1.0,1:20.617,2021-11-07,2021,+1 lap,No,,,,,,,,,,,,,,,,,,,,,,,,,,,,,,,,,,,,
Mexico,11,99,Antonio Giovinazzi,Alfa Romeo Racing Ferrari,11.0,70,,0.0,1:21.523,2021-11-07,2021,+1 lap,No,,,,,,,,,,,,,,,,,,,,,,,,,,,,,,,,,,,,
Mexico,12,3,Daniel Ricciardo,McLaren Mercedes,7.0,70,,0.0,1:21.069,2021-11-07,2021,+1 lap,No,,,,,,,,,,,,,,,,,,,,,,,,,,,,,,,,,,,,
Mexico,13,31,Esteban Ocon,Alpine Renault,19.0,70,,0.0,1:21.348,2021-11-07,2021,+1 lap,No,,,,,,,,,,,,,,,,,,,,,,,,,,,,,,,,,,,,
Mexico,14,18,Lance Stroll,Aston Martin Mercedes,20.0,69,,0.0,1:20.930,2021-11-07,2021,+2 laps,No,,,,,,,,,,,,,,,,,,,,,,,,,,,,,,,,,,,,
Mexico,15,77,Valtteri Bottas,Mercedes,1.0,69,,0.0,1:17.774,2021-11-07,2021,+2 laps,No,,,,,,,,,,,,,,,,,,,,,,,,,,,,,,,,,,,,
Mexico,16,63,George Russell,Williams Mercedes,16.0,69,,0.0,1:22.016,2021-11-07,2021,+2 laps,No,,,,,,,,,,,,,,,,,,,,,,,,,,,,,,,,,,,,
Mexico,17,6,Nicholas Latifi,Williams Mercedes,13.0,69,,0.0,1:21.546,2021-11-07,2021,+2 laps,No,,,,,,,,,,,,,,,,,,,,,,,,,,,,,,,,,,,,
Mexico,18,9,Nikita Mazepin,Haas Ferrari,15.0,68,,0.0,1:21.402,2021-11-07,2021,+3 laps,No,,,,,,,,,,,,,,,,,,,,,,,,,,,,,,,,,,,,
Mexico,NC,47,Mick Schumacher,Haas Ferrari,14.0,0,,0.0,,2021-11-07,2021,DNF,No,,,,,,,,,,,,,,,,,,,,,,,,,,,,,,,,,,,,
Mexico,NC,22,Yuki Tsunoda,AlphaTauri Honda,17.0,0,,0.0,,2021-11-07,2021,DNF,No,,,,,,,,,,,,,,,,,,,,,,,,,,,,,,,,,,,,
Brazil,1,44,Lewis Hamilton,Mercedes,10.0,71,,25.0,1:11.982,2021-11-14,2021,1:32:22.851,No,,,,,,,,,,,,,,,,,,,,,,,,,,,,,,,,,,,,
Brazil,2,33,Max Verstappen,Red Bull Racing Honda,2.0,71,,18.0,1:12.486,2021-11-14,2021,+10.496,No,,,,,,,,,,,,,,,,,,,,,,,,,,,,,,,,,,,,
Brazil,3,77,Valtteri Bottas,Mercedes,1.0,71,,15.0,1:12.526,2021-11-14,2021,+13.576,No,,,,,,,,,,,,,,,,,,,,,,,,,,,,,,,,,,,,
Brazil,4,11,Sergio Perez,Red Bull Racing Honda,4.0,71,,13.0,1:11.010,2021-11-14,2021,+39.940,Yes,,,,,,,,,,,,,,,,,,,,,,,,,,,,,,,,,,,,
Brazil,5,16,Charles Leclerc,Ferrari,6.0,71,,10.0,1:12.822,2021-11-14,2021,+49.517,No,,,,,,,,,,,,,,,,,,,,,,,,,,,,,,,,,,,,
Brazil,6,55,Carlos Sainz,Ferrari,3.0,71,,8.0,1:12.710,2021-11-14,2021,+51.820,No,,,,,,,,,,,,,,,,,,,,,,,,,,,,,,,,,,,,
Brazil,7,10,Pierre Gasly,AlphaTauri Honda,7.0,70,,6.0,1:13.227,2021-11-14,2021,+1 lap,No,,,,,,,,,,,,,,,,,,,,,,,,,,,,,,,,,,,,
Brazil,8,31,Esteban Ocon,Alpine Renault,8.0,70,,4.0,1:14.430,2021-11-14,2021,+1 lap,No,,,,,,,,,,,,,,,,,,,,,,,,,,,,,,,,,,,,
Brazil,9,14,Fernando Alonso,Alpine Renault,12.0,70,,2.0,1:13.922,2021-11-14,2021,+1 lap,No,,,,,,,,,,,,,,,,,,,,,,,,,,,,,,,,,,,,
Brazil,10,4,Lando Norris,McLaren Mercedes,5.0,70,,1.0,1:13.761,2021-11-14,2021,+1 lap,No,,,,,,,,,,,,,,,,,,,,,,,,,,,,,,,,,,,,
Brazil,11,5,Sebastian Vettel,Aston Martin Mercedes,9.0,70,,0.0,1:13.634,2021-11-14,2021,+1 lap,No,,,,,,,,,,,,,,,,,,,,,,,,,,,,,,,,,,,,
Brazil,12,7,Kimi Raikkönen,Alfa Romeo Racing Ferrari,20.0,70,,0.0,1:12.621,2021-11-14,2021,+1 lap,No,,,,,,,,,,,,,,,,,,,,,,,,,,,,,,,,,,,,
Brazil,13,63,George Russell,Williams Mercedes,17.0,70,,0.0,1:14.355,2021-11-14,2021,+1 lap,No,,,,,,,,,,,,,,,,,,,,,,,,,,,,,,,,,,,,
Brazil,14,99,Antonio Giovinazzi,Alfa Romeo Racing Ferrari,13.0,70,,0.0,1:14.227,2021-11-14,2021,+1 lap,No,,,,,,,,,,,,,,,,,,,,,,,,,,,,,,,,,,,,
Brazil,15,22,Yuki Tsunoda,AlphaTauri Honda,15.0,70,,0.0,1:14.204,2021-11-14,2021,+1 lap,No,,,,,,,,,,,,,,,,,,,,,,,,,,,,,,,,,,,,
Brazil,16,6,Nicholas Latifi,Williams Mercedes,16.0,70,,0.0,1:14.616,2021-11-14,2021,+1 lap,No,,,,,,,,,,,,,,,,,,,,,,,,,,,,,,,,,,,,
Brazil,17,9,Nikita Mazepin,Haas Ferrari,19.0,69,,0.0,1:14.954,2021-11-14,2021,+2 laps,No,,,,,,,,,,,,,,,,,,,,,,,,,,,,,,,,,,,,
Brazil,18,47,Mick Schumacher,Haas Ferrari,18.0,69,,0.0,1:13.793,2021-11-14,2021,+2 laps,No,,,,,,,,,,,,,,,,,,,,,,,,,,,,,,,,,,,,
Brazil,NC,3,Daniel Ricciardo,McLaren Mercedes,11.0,49,,0.0,1:14.443,2021-11-14,2021,DNF,No,,,,,,,,,,,,,,,,,,,,,,,,,,,,,,,,,,,,
Brazil,NC,18,Lance Stroll,Aston Martin Mercedes,14.0,47,,0.0,1:15.344,2021-11-14,2021,DNF,No,,,,,,,,,,,,,,,,,,,,,,,,,,,,,,,,,,,,
Qatar,1,44,Lewis Hamilton,Mercedes,1.0,57,,25.0,1:25.084,2021-11-21,2021,1:24:28.471,No,,,31.0,25.0,24.0,25.0,31.0,27.0,0.0,72.0,10.0,1015.0,5.375,34.0,21.0,25.0,113.0,113.0,113.0,0.0,7.0,10.9,météo idéale,,,,,,,,,,,,,doha
Qatar,2,33,Max Verstappen,Red Bull Racing Honda,7.0,57,,19.0,1:23.196,2021-11-21,2021,+25.743,Yes,,,31.0,25.0,24.0,25.0,31.0,27.0,0.0,72.0,10.0,1015.0,5.375,34.0,21.0,25.0,113.0,113.0,113.0,0.0,7.0,10.9,météo idéale,,,,,,,,,,,,,doha
Qatar,3,14,Fernando Alonso,Alpine Renault,3.0,57,,15.0,1:26.682,2021-11-21,2021,+59.457,No,,,31.0,25.0,24.0,25.0,31.0,27.0,0.0,72.0,10.0,1015.0,5.375,34.0,21.0,25.0,113.0,113.0,113.0,0.0,7.0,10.9,météo idéale,,,,,,,,,,,,,doha
Qatar,4,11,Sergio Perez,Red Bull Racing Honda,11.0,57,,12.0,1:25.613,2021-11-21,2021,+62.306,No,,,31.0,25.0,24.0,25.0,31.0,27.0,0.0,72.0,10.0,1015.0,5.375,34.0,21.0,25.0,113.0,113.0,113.0,0.0,7.0,10.9,météo idéale,,,,,,,,,,,,,doha
Qatar,5,31,Esteban Ocon,Alpine Renault,9.0,57,,10.0,1:27.061,2021-11-21,2021,+80.570,No,,,31.0,25.0,24.0,25.0,31.0,27.0,0.0,72.0,10.0,1015.0,5.375,34.0,21.0,25.0,113.0,113.0,113.0,0.0,7.0,10.9,météo idéale,,,,,,,,,,,,,doha
Qatar,6,18,Lance Stroll,Aston Martin Mercedes,12.0,57,,8.0,1:27.356,2021-11-21,2021,+81.274,No,,,31.0,25.0,24.0,25.0,31.0,27.0,0.0,72.0,10.0,1015.0,5.375,34.0,21.0,25.0,113.0,113.0,113.0,0.0,7.0,10.9,météo idéale,,,,,,,,,,,,,doha
Qatar,7,55,Carlos Sainz,Ferrari,5.0,57,,6.0,1:26.570,2021-11-21,2021,+81.911,No,,,31.0,25.0,24.0,25.0,31.0,27.0,0.0,72.0,10.0,1015.0,5.375,34.0,21.0,25.0,113.0,113.0,113.0,0.0,7.0,10.9,météo idéale,,,,,,,,,,,,,doha
Qatar,8,16,Charles Leclerc,Ferrari,13.0,57,,4.0,1:26.555,2021-11-21,2021,+83.126,No,,,31.0,25.0,24.0,25.0,31.0,27.0,0.0,72.0,10.0,1015.0,5.375,34.0,21.0,25.0,113.0,113.0,113.0,0.0,7.0,10.9,météo idéale,,,,,,,,,,,,,doha
Qatar,9,4,Lando Norris,McLaren Mercedes,4.0,56,,2.0,1:25.746,2021-11-21,2021,+1 lap,No,,,31.0,25.0,24.0,25.0,31.0,27.0,0.0,72.0,10.0,1015.0,5.375,34.0,21.0,25.0,113.0,113.0,113.0,0.0,7.0,10.9,météo idéale,,,,,,,,,,,,,doha
Qatar,10,5,Sebastian Vettel,Aston Martin Mercedes,10.0,56,,1.0,1:26.434,2021-11-21,2021,+1 lap,No,,,31.0,25.0,24.0,25.0,31.0,27.0,0.0,72.0,10.0,1015.0,5.375,34.0,21.0,25.0,113.0,113.0,113.0,0.0,7.0,10.9,météo idéale,,,,,,,,,,,,,doha
Qatar,11,10,Pierre Gasly,AlphaTauri Honda,2.0,56,,0.0,1:27.019,2021-11-21,2021,+1 lap,No,,,31.0,25.0,24.0,25.0,31.0,27.0,0.0,72.0,10.0,1015.0,5.375,34.0,21.0,25.0,113.0,113.0,113.0,0.0,7.0,10.9,météo idéale,,,,,,,,,,,,,doha
Qatar,12,3,Daniel Ricciardo,McLaren Mercedes,14.0,56,,0.0,1:27.198,2021-11-21,2021,+1 lap,No,,,31.0,25.0,24.0,25.0,31.0,27.0,0.0,72.0,10.0,1015.0,5.375,34.0,21.0,25.0,113.0,113.0,113.0,0.0,7.0,10.9,météo idéale,,,,,,,,,,,,,doha
Qatar,13,22,Yuki Tsunoda,AlphaTauri Honda,8.0,56,,0.0,1:27.043,2021-11-21,2021,+1 lap,No,,,31.0,25.0,24.0,25.0,31.0,27.0,0.0,72.0,10.0,1015.0,5.375,34.0,21.0,25.0,113.0,113.0,113.0,0.0,7.0,10.9,météo idéale,,,,,,,,,,,,,doha
Qatar,14,7,Kimi Raikkönen,Alfa Romeo Racing Ferrari,16.0,56,,0.0,1:26.358,2021-11-21,2021,+1 lap,No,,,31.0,25.0,24.0,25.0,31.0,27.0,0.0,72.0,10.0,1015.0,5.375,34.0,21.0,25.0,113.0,113.0,113.0,0.0,7.0,10.9,météo idéale,,,,,,,,,,,,,doha
Qatar,15,99,Antonio Giovinazzi,Alfa Romeo Racing Ferrari,18.0,56,,0.0,1:27.823,2021-11-21,2021,+1 lap,No,,,31.0,25.0,24.0,25.0,31.0,27.0,0.0,72.0,10.0,1015.0,5.375,34.0,21.0,25.0,113.0,113.0,113.0,0.0,7.0,10.9,météo idéale,,,,,,,,,,,,,doha
Qatar,16,47,Mick Schumacher,Haas Ferrari,19.0,56,,0.0,1:28.412,2021-11-21,2021,+1 lap,No,,,31.0,25.0,24.0,25.0,31.0,27.0,0.0,72.0,10.0,1015.0,5.375,34.0,21.0,25.0,113.0,113.0,113.0,0.0,7.0,10.9,météo idéale,,,,,,,,,,,,,doha
Qatar,17,63,George Russell,Williams Mercedes,15.0,55,,0.0,1:25.768,2021-11-21,2021,+2 laps,No,,,31.0,25.0,24.0,25.0,31.0,27.0,0.0,72.0,10.0,1015.0,5.375,34.0,21.0,25.0,113.0,113.0,113.0,0.0,7.0,10.9,météo idéale,,,,,,,,,,,,,doha
Qatar,18,9,Nikita Mazepin,Haas Ferrari,20.0,55,,0.0,1:27.340,2021-11-21,2021,+2 laps,No,,,31.0,25.0,24.0,25.0,31.0,27.0,0.0,72.0,10.0,1015.0,5.375,34.0,21.0,25.0,113.0,113.0,113.0,0.0,7.0,10.9,météo idéale,,,,,,,,,,,,,doha
Qatar,NC,6,Nicholas Latifi,Williams Mercedes,17.0,50,,0.0,1:28.732,2021-11-21,2021,DNF,No,,,31.0,25.0,24.0,25.0,31.0,27.0,0.0,72.0,10.0,1015.0,5.375,34.0,21.0,25.0,113.0,113.0,113.0,0.0,7.0,10.9,météo idéale,,,,,,,,,,,,,doha
Qatar,NC,77,Valtteri Bottas,Mercedes,6.0,48,,0.0,1:27.246,2021-11-21,2021,DNF,No,,,31.0,25.0,24.0,25.0,31.0,27.0,0.0,72.0,10.0,1015.0,5.375,34.0,21.0,25.0,113.0,113.0,113.0,0.0,7.0,10.9,météo idéale,,,,,,,,,,,,,doha
Saudi Arabia,1,44,Lewis Hamilton,Mercedes,1.0,50,,26.0,1:30.734,2021-12-05,2021,2:06:15.118,Yes,,,,,,,,,,,,,,,,,,,,,,,,,,,,,,,,,,,,
Saudi Arabia,2,33,Max Verstappen,Red Bull Racing Honda,3.0,50,,18.0,1:31.488,2021-12-05,2021,+21.825,No,,,,,,,,,,,,,,,,,,,,,,,,,,,,,,,,,,,,
Saudi Arabia,3,77,Valtteri Bottas,Mercedes,2.0,50,,15.0,1:31.408,2021-12-05,2021,+27.531,No,,,,,,,,,,,,,,,,,,,,,,,,,,,,,,,,,,,,
Saudi Arabia,4,31,Esteban Ocon,Alpine Renault,9.0,50,,12.0,1:31.797,2021-12-05,2021,+27.633,No,,,,,,,,,,,,,,,,,,,,,,,,,,,,,,,,,,,,
Saudi Arabia,5,3,Daniel Ricciardo,McLaren Mercedes,11.0,50,,10.0,1:32.716,2021-12-05,2021,+40.121,No,,,,,,,,,,,,,,,,,,,,,,,,,,,,,,,,,,,,
Saudi Arabia,6,10,Pierre Gasly,AlphaTauri Honda,6.0,50,,8.0,1:32.297,2021-12-05,2021,+41.613,No,,,,,,,,,,,,,,,,,,,,,,,,,,,,,,,,,,,,
Saudi Arabia,7,16,Charles Leclerc,Ferrari,4.0,50,,6.0,1:31.601,2021-12-05,2021,+44.475,No,,,,,,,,,,,,,,,,,,,,,,,,,,,,,,,,,,,,
Saudi Arabia,8,55,Carlos Sainz,Ferrari,15.0,50,,4.0,1:31.851,2021-12-05,2021,+46.606,No,,,,,,,,,,,,,,,,,,,,,,,,,,,,,,,,,,,,
Saudi Arabia,9,99,Antonio Giovinazzi,Alfa Romeo Racing Ferrari,10.0,50,,2.0,1:32.865,2021-12-05,2021,+58.505,No,,,,,,,,,,,,,,,,,,,,,,,,,,,,,,,,,,,,
Saudi Arabia,10,4,Lando Norris,McLaren Mercedes,7.0,50,,1.0,1:31.914,2021-12-05,2021,+61.358,No,,,,,,,,,,,,,,,,,,,,,,,,,,,,,,,,,,,,
Saudi Arabia,11,18,Lance Stroll,Aston Martin Mercedes,18.0,50,,0.0,1:32.804,2021-12-05,2021,+77.212,No,,,,,,,,,,,,,,,,,,,,,,,,,,,,,,,,,,,,
Saudi Arabia,12,6,Nicholas Latifi,Williams Mercedes,16.0,50,,0.0,1:32.751,2021-12-05,2021,+83.249,No,,,,,,,,,,,,,,,,,,,,,,,,,,,,,,,,,,,,
Saudi Arabia,13,14,Fernando Alonso,Alpine Renault,13.0,49,,0.0,1:31.633,2021-12-05,2021,+1 lap,No,,,,,,,,,,,,,,,,,,,,,,,,,,,,,,,,,,,,
Saudi Arabia,14,22,Yuki Tsunoda,AlphaTauri Honda,8.0,49,,0.0,1:32.506,2021-12-05,2021,+1 lap,No,,,,,,,,,,,,,,,,,,,,,,,,,,,,,,,,,,,,
Saudi Arabia,15,7,Kimi Raikkönen,Alfa Romeo Racing Ferrari,12.0,49,,0.0,1:32.778,2021-12-05,2021,+1 lap,No,,,,,,,,,,,,,,,,,,,,,,,,,,,,,,,,,,,,
Saudi Arabia,NC,5,Sebastian Vettel,Aston Martin Mercedes,17.0,44,,0.0,1:34.030,2021-12-05,2021,DNF,No,,,,,,,,,,,,,,,,,,,,,,,,,,,,,,,,,,,,
Saudi Arabia,NC,11,Sergio Perez,Red Bull Racing Honda,5.0,14,,0.0,1:34.138,2021-12-05,2021,DNF,No,,,,,,,,,,,,,,,,,,,,,,,,,,,,,,,,,,,,
Saudi Arabia,NC,9,Nikita Mazepin,Haas Ferrari,20.0,14,,0.0,1:37.043,2021-12-05,2021,DNF,No,,,,,,,,,,,,,,,,,,,,,,,,,,,,,,,,,,,,
Saudi Arabia,NC,63,George Russell,Williams Mercedes,14.0,14,,0.0,1:36.130,2021-12-05,2021,DNF,No,,,,,,,,,,,,,,,,,,,,,,,,,,,,,,,,,,,,
Saudi Arabia,NC,47,Mick Schumacher,Haas Ferrari,19.0,8,,0.0,1:36.043,2021-12-05,2021,DNF,No,,,,,,,,,,,,,,,,,,,,,,,,,,,,,,,,,,,,
Abu Dhabi,1,33,Max Verstappen,Red Bull Racing Honda,1.0,58,,26.0,1:26.103,2021-12-12,2021,1:30:17.345,Yes,,,,,,,,,,,,,,,,,,,,,,,,,,,,,,,,,,,,
Abu Dhabi,2,44,Lewis Hamilton,Mercedes,2.0,58,,18.0,1:26.615,2021-12-12,2021,+2.256,No,,,,,,,,,,,,,,,,,,,,,,,,,,,,,,,,,,,,
Abu Dhabi,3,55,Carlos Sainz,Ferrari,5.0,58,,15.0,1:27.618,2021-12-12,2021,+5.173,No,,,,,,,,,,,,,,,,,,,,,,,,,,,,,,,,,,,,
Abu Dhabi,4,22,Yuki Tsunoda,AlphaTauri Honda,8.0,58,,12.0,1:27.496,2021-12-12,2021,+5.692,No,,,,,,,,,,,,,,,,,,,,,,,,,,,,,,,,,,,,
Abu Dhabi,5,10,Pierre Gasly,AlphaTauri Honda,12.0,58,,10.0,1:27.342,2021-12-12,2021,+6.531,No,,,,,,,,,,,,,,,,,,,,,,,,,,,,,,,,,,,,
Abu Dhabi,6,77,Valtteri Bottas,Mercedes,6.0,58,,8.0,1:26.862,2021-12-12,2021,+7.463,No,,,,,,,,,,,,,,,,,,,,,,,,,,,,,,,,,,,,
Abu Dhabi,7,4,Lando Norris,McLaren Mercedes,3.0,58,,6.0,1:26.762,2021-12-12,2021,+59.200,No,,,,,,,,,,,,,,,,,,,,,,,,,,,,,,,,,,,,
Abu Dhabi,8,14,Fernando Alonso,Alpine Renault,11.0,58,,4.0,1:27.607,2021-12-12,2021,+61.708,No,,,,,,,,,,,,,,,,,,,,,,,,,,,,,,,,,,,,
Abu Dhabi,9,31,Esteban Ocon,Alpine Renault,9.0,58,,2.0,1:28.249,2021-12-12,2021,+64.026,No,,,,,,,,,,,,,,,,,,,,,,,,,,,,,,,,,,,,
Abu Dhabi,10,16,Charles Leclerc,Ferrari,7.0,58,,1.0,1:28.433,2021-12-12,2021,+66.057,No,,,,,,,,,,,,,,,,,,,,,,,,,,,,,,,,,,,,
Abu Dhabi,11,5,Sebastian Vettel,Aston Martin Mercedes,15.0,58,,0.0,1:28.303,2021-12-12,2021,+67.527,No,,,,,,,,,,,,,,,,,,,,,,,,,,,,,,,,,,,,
Abu Dhabi,12,3,Daniel Ricciardo,McLaren Mercedes,10.0,57,,0.0,1:28.723,2021-12-12,2021,+1 lap,No,,,,,,,,,,,,,,,,,,,,,,,,,,,,,,,,,,,,
Abu Dhabi,13,18,Lance Stroll,Aston Martin Mercedes,13.0,57,,0.0,1:28.567,2021-12-12,2021,+1 lap,No,,,,,,,,,,,,,,,,,,,,,,,,,,,,,,,,,,,,
Abu Dhabi,14,47,Mick Schumacher,Haas Ferrari,19.0,57,,0.0,1:29.457,2021-12-12,2021,+1 lap,No,,,,,,,,,,,,,,,,,,,,,,,,,,,,,,,,,,,,
Abu Dhabi,15,11,Sergio Perez,Red Bull Racing Honda,4.0,55,,0.0,1:26.419,2021-12-12,2021,DNF,No,,,,,,,,,,,,,,,,,,,,,,,,,,,,,,,,,,,,
Abu Dhabi,NC,6,Nicholas Latifi,Williams Mercedes,16.0,50,,0.0,1:29.293,2021-12-12,2021,DNF,No,,,,,,,,,,,,,,,,,,,,,,,,,,,,,,,,,,,,
Abu Dhabi,NC,99,Antonio Giovinazzi,Alfa Romeo Racing Ferrari,14.0,33,,0.0,1:29.442,2021-12-12,2021,DNF,No,,,,,,,,,,,,,,,,,,,,,,,,,,,,,,,,,,,,
Abu Dhabi,NC,63,George Russell,Williams Mercedes,17.0,26,,0.0,1:30.647,2021-12-12,2021,DNF,No,,,,,,,,,,,,,,,,,,,,,,,,,,,,,,,,,,,,
Abu Dhabi,NC,7,Kimi Raikkönen,Alfa Romeo Racing Ferrari,18.0,25,,0.0,1:29.698,2021-12-12,2021,DNF,No,,,,,,,,,,,,,,,,,,,,,,,,,,,,,,,,,,,,
Abu Dhabi,NC,9,Nikita Mazepin,Haas Ferrari,20.0,0,,0.0,,2021-12-12,2021,DNS,No,,,,,,,,,,,,,,,,,,,,,,,,,,,,,,,,,,,,
Bahrain,1,16,Charles Leclerc,Ferrari,1.0,57,,26.0,1:34.570,2022-03-20,2022,1:37:33.584,Yes,,,25.0,21.0,30.0,21.0,25.0,24.0,0.0,61.0,10.0,1014.0,0.0,26.0,16.0,21.0,113.0,113.0,113.0,0.0,6.0,11.6,météo idéale,,,,,,,,,,,,,manama
Bahrain,2,55,Carlos Sainz,Ferrari,3.0,57,,18.0,1:35.740,2022-03-20,2022,+5.598,No,,,25.0,21.0,30.0,21.0,25.0,24.0,0.0,61.0,10.0,1014.0,0.0,26.0,16.0,21.0,113.0,113.0,113.0,0.0,6.0,11.6,météo idéale,,,,,,,,,,,,,manama
Bahrain,3,44,Lewis Hamilton,Mercedes,5.0,57,,15.0,1:36.228,2022-03-20,2022,+9.675,No,,,25.0,21.0,30.0,21.0,25.0,24.0,0.0,61.0,10.0,1014.0,0.0,26.0,16.0,21.0,113.0,113.0,113.0,0.0,6.0,11.6,météo idéale,,,,,,,,,,,,,manama
Bahrain,4,63,George Russell,Mercedes,9.0,57,,12.0,1:36.302,2022-03-20,2022,+11.211,No,,,25.0,21.0,30.0,21.0,25.0,24.0,0.0,61.0,10.0,1014.0,0.0,26.0,16.0,21.0,113.0,113.0,113.0,0.0,6.0,11.6,météo idéale,,,,,,,,,,,,,manama
Bahrain,5,20,Kevin Magnussen,Haas Ferrari,7.0,57,,10.0,1:36.623,2022-03-20,2022,+14.754,No,,,25.0,21.0,30.0,21.0,25.0,24.0,0.0,61.0,10.0,1014.0,0.0,26.0,16.0,21.0,113.0,113.0,113.0,0.0,6.0,11.6,météo idéale,,,,,,,,,,,,,manama
Bahrain,6,77,Valtteri Bottas,Alfa Romeo Ferrari,6.0,57,,8.0,1:36.599,2022-03-20,2022,+16.119,No,,,25.0,21.0,30.0,21.0,25.0,24.0,0.0,61.0,10.0,1014.0,0.0,26.0,16.0,21.0,113.0,113.0,113.0,0.0,6.0,11.6,météo idéale,,,,,,,,,,,,,manama
Bahrain,7,31,Esteban Ocon,Alpine Renault,11.0,57,,6.0,1:37.110,2022-03-20,2022,+19.423,No,,,25.0,21.0,30.0,21.0,25.0,24.0,0.0,61.0,10.0,1014.0,0.0,26.0,16.0,21.0,113.0,113.0,113.0,0.0,6.0,11.6,météo idéale,,,,,,,,,,,,,manama
Bahrain,8,22,Yuki Tsunoda,AlphaTauri RBPT,16.0,57,,4.0,1:37.104,2022-03-20,2022,+20.386,No,,,25.0,21.0,30.0,21.0,25.0,24.0,0.0,61.0,10.0,1014.0,0.0,26.0,16.0,21.0,113.0,113.0,113.0,0.0,6.0,11.6,météo idéale,,,,,,,,,,,,,manama
Bahrain,9,14,Fernando Alonso,Alpine Renault,8.0,57,,2.0,1:36.733,2022-03-20,2022,+22.390,No,,,25.0,21.0,30.0,21.0,25.0,24.0,0.0,61.0,10.0,1014.0,0.0,26.0,16.0,21.0,113.0,113.0,113.0,0.0,6.0,11.6,météo idéale,,,,,,,,,,,,,manama
Bahrain,10,24,Guanyu Zhou,Alfa Romeo Ferrari,15.0,57,,1.0,1:36.685,2022-03-20,2022,+23.064,No,,,25.0,21.0,30.0,21.0,25.0,24.0,0.0,61.0,10.0,1014.0,0.0,26.0,16.0,21.0,113.0,113.0,113.0,0.0,6.0,11.6,météo idéale,,,,,,,,,,,,,manama
Bahrain,11,47,Mick Schumacher,Haas Ferrari,12.0,57,,0.0,1:36.956,2022-03-20,2022,+32.574,No,,,25.0,21.0,30.0,21.0,25.0,24.0,0.0,61.0,10.0,1014.0,0.0,26.0,16.0,21.0,113.0,113.0,113.0,0.0,6.0,11.6,météo idéale,,,,,,,,,,,,,manama
Bahrain,12,18,Lance Stroll,Aston Martin Aramco Mercedes,19.0,57,,0.0,1:37.146,2022-03-20,2022,+45.873,No,,,25.0,21.0,30.0,21.0,25.0,24.0,0.0,61.0,10.0,1014.0,0.0,26.0,16.0,21.0,113.0,113.0,113.0,0.0,6.0,11.6,météo idéale,,,,,,,,,,,,,manama
Bahrain,13,23,Alexander Albon,Williams Mercedes,14.0,57,,0.0,1:37.355,2022-03-20,2022,+53.932,No,,,25.0,21.0,30.0,21.0,25.0,24.0,0.0,61.0,10.0,1014.0,0.0,26.0,16.0,21.0,113.0,113.0,113.0,0.0,6.0,11.6,météo idéale,,,,,,,,,,,,,manama
Bahrain,14,3,Daniel Ricciardo,McLaren Mercedes,18.0,57,,0.0,1:37.261,2022-03-20,2022,+54.975,No,,,25.0,21.0,30.0,21.0,25.0,24.0,0.0,61.0,10.0,1014.0,0.0,26.0,16.0,21.0,113.0,113.0,113.0,0.0,6.0,11.6,météo idéale,,,,,,,,,,,,,manama
Bahrain,15,4,Lando Norris,McLaren Mercedes,13.0,57,,0.0,1:36.988,2022-03-20,2022,+56.335,No,,,25.0,21.0,30.0,21.0,25.0,24.0,0.0,61.0,10.0,1014.0,0.0,26.0,16.0,21.0,113.0,113.0,113.0,0.0,6.0,11.6,météo idéale,,,,,,,,,,,,,manama
Bahrain,16,6,Nicholas Latifi,Williams Mercedes,20.0,57,,0.0,1:38.251,2022-03-20,2022,+61.795,No,,,25.0,21.0,30.0,21.0,25.0,24.0,0.0,61.0,10.0,1014.0,0.0,26.0,16.0,21.0,113.0,113.0,113.0,0.0,6.0,11.6,météo idéale,,,,,,,,,,,,,manama
Bahrain,17,27,Nico Hulkenberg,Aston Martin Aramco Mercedes,17.0,57,,0.0,1:38.201,2022-03-20,2022,+63.829,No,,,25.0,21.0,30.0,21.0,25.0,24.0,0.0,61.0,10.0,1014.0,0.0,26.0,16.0,21.0,113.0,113.0,113.0,0.0,6.0,11.6,météo idéale,,,,,,,,,,,,,manama
Bahrain,18,11,Sergio Perez,Red Bull Racing RBPT,4.0,56,,0.0,1:36.089,2022-03-20,2022,DNF,No,,,25.0,21.0,30.0,21.0,25.0,24.0,0.0,61.0,10.0,1014.0,0.0,26.0,16.0,21.0,113.0,113.0,113.0,0.0,6.0,11.6,météo idéale,,,,,,,,,,,,,manama
Bahrain,19,1,Max Verstappen,Red Bull Racing RBPT,2.0,54,,0.0,1:35.440,2022-03-20,2022,DNF,No,,,25.0,21.0,30.0,21.0,25.0,24.0,0.0,61.0,10.0,1014.0,0.0,26.0,16.0,21.0,113.0,113.0,113.0,0.0,6.0,11.6,météo idéale,,,,,,,,,,,,,manama
Bahrain,NC,10,Pierre Gasly,AlphaTauri RBPT,10.0,44,,0.0,1:37.324,2022-03-20,2022,DNF,No,,,25.0,21.0,30.0,21.0,25.0,24.0,0.0,61.0,10.0,1014.0,0.0,26.0,16.0,21.0,113.0,113.0,113.0,0.0,6.0,11.6,météo idéale,,,,,,,,,,,,,manama
Saudi Arabia,1,1,Max Verstappen,Red Bull Racing RBPT,4.0,50,,25.0,1:31.772,2022-03-27,2022,1:24:19.293,No,,,,,,,,,,,,,,,,,,,,,,,,,,,,,,,,,,,,
Saudi Arabia,2,16,Charles Leclerc,Ferrari,2.0,50,,19.0,1:31.634,2022-03-27,2022,+0.549,Yes,,,,,,,,,,,,,,,,,,,,,,,,,,,,,,,,,,,,
Saudi Arabia,3,55,Carlos Sainz,Ferrari,3.0,50,,15.0,1:31.905,2022-03-27,2022,+8.097,No,,,,,,,,,,,,,,,,,,,,,,,,,,,,,,,,,,,,
Saudi Arabia,4,11,Sergio Perez,Red Bull Racing RBPT,1.0,50,,12.0,1:32.042,2022-03-27,2022,+10.800,No,,,,,,,,,,,,,,,,,,,,,,,,,,,,,,,,,,,,
Saudi Arabia,5,63,George Russell,Mercedes,6.0,50,,10.0,1:32.821,2022-03-27,2022,+32.732,No,,,,,,,,,,,,,,,,,,,,,,,,,,,,,,,,,,,,
Saudi Arabia,6,31,Esteban Ocon,Alpine Renault,5.0,50,,8.0,1:33.103,2022-03-27,2022,+56.017,No,,,,,,,,,,,,,,,,,,,,,,,,,,,,,,,,,,,,
Saudi Arabia,7,4,Lando Norris,McLaren Mercedes,11.0,50,,6.0,1:32.753,2022-03-27,2022,+56.124,No,,,,,,,,,,,,,,,,,,,,,,,,,,,,,,,,,,,,
Saudi Arabia,8,10,Pierre Gasly,AlphaTauri RBPT,9.0,50,,4.0,1:33.468,2022-03-27,2022,+62.946,No,,,,,,,,,,,,,,,,,,,,,,,,,,,,,,,,,,,,
Saudi Arabia,9,20,Kevin Magnussen,Haas Ferrari,10.0,50,,2.0,1:32.779,2022-03-27,2022,+64.308,No,,,,,,,,,,,,,,,,,,,,,,,,,,,,,,,,,,,,
Saudi Arabia,10,44,Lewis Hamilton,Mercedes,15.0,50,,1.0,1:32.997,2022-03-27,2022,+73.948,No,,,,,,,,,,,,,,,,,,,,,,,,,,,,,,,,,,,,
Saudi Arabia,11,24,Guanyu Zhou,Alfa Romeo Ferrari,12.0,50,,0.0,1:33.924,2022-03-27,2022,+82.215,No,,,,,,,,,,,,,,,,,,,,,,,,,,,,,,,,,,,,
Saudi Arabia,12,27,Nico Hulkenberg,Aston Martin Aramco Mercedes,17.0,50,,0.0,1:33.651,2022-03-27,2022,+91.742,No,,,,,,,,,,,,,,,,,,,,,,,,,,,,,,,,,,,,
Saudi Arabia,13,18,Lance Stroll,Aston Martin Aramco Mercedes,13.0,49,,0.0,1:34.446,2022-03-27,2022,+1 lap,No,,,,,,,,,,,,,,,,,,,,,,,,,,,,,,,,,,,,
Saudi Arabia,14,23,Alexander Albon,Williams Mercedes,16.0,47,,0.0,1:34.368,2022-03-27,2022,DNF,No,,,,,,,,,,,,,,,,,,,,,,,,,,,,,,,,,,,,
Saudi Arabia,NC,77,Valtteri Bottas,Alfa Romeo Ferrari,8.0,36,,0.0,1:33.979,2022-03-27,2022,DNF,No,,,,,,,,,,,,,,,,,,,,,,,,,,,,,,,,,,,,
Saudi Arabia,NC,14,Fernando Alonso,Alpine Renault,7.0,35,,0.0,1:33.831,2022-03-27,2022,DNF,No,,,,,,,,,,,,,,,,,,,,,,,,,,,,,,,,,,,,
Saudi Arabia,NC,3,Daniel Ricciardo,McLaren Mercedes,14.0,35,,0.0,1:34.487,2022-03-27,2022,DNF,No,,,,,,,,,,,,,,,,,,,,,,,,,,,,,,,,,,,,
Saudi Arabia,NC,6,Nicholas Latifi,Williams Mercedes,18.0,14,,0.0,1:37.530,2022-03-27,2022,DNF,No,,,,,,,,,,,,,,,,,,,,,,,,,,,,,,,,,,,,
Saudi Arabia,NC,22,Yuki Tsunoda,AlphaTauri RBPT,19.0,0,,0.0,,2022-03-27,2022,DNS,No,,,,,,,,,,,,,,,,,,,,,,,,,,,,,,,,,,,,
Saudi Arabia,NC,47,Mick Schumacher,Haas Ferrari,20.0,0,,0.0,,2022-03-27,2022,DNS,No,,,,,,,,,,,,,,,,,,,,,,,,,,,,,,,,,,,,
Australia,1,16,Charles Leclerc,Ferrari,1.0,58,,26.0,1:20.260,2022-04-09,2022,1:27:46.548,Yes,,,25.0,17.0,17.0,17.0,24.0,24.0,0.0,60.0,10.0,1022.0,63.375,25.0,13.0,17.0,119.0,119.0,122.0,0.0,6.0,7.3,météo correcte,,,,,,,,,,,,,melbourne
Australia,2,11,Sergio Perez,Red Bull Racing RBPT,3.0,58,,18.0,1:21.094,2022-04-09,2022,+20.524,No,,,25.0,17.0,17.0,17.0,24.0,24.0,0.0,60.0,10.0,1022.0,63.375,25.0,13.0,17.0,119.0,119.0,122.0,0.0,6.0,7.3,météo correcte,,,,,,,,,,,,,melbourne
Australia,3,63,George Russell,Mercedes,6.0,58,,15.0,1:21.495,2022-04-09,2022,+25.593,No,,,25.0,17.0,17.0,17.0,24.0,24.0,0.0,60.0,10.0,1022.0,63.375,25.0,13.0,17.0,119.0,119.0,122.0,0.0,6.0,7.3,météo correcte,,,,,,,,,,,,,melbourne
Australia,4,44,Lewis Hamilton,Mercedes,5.0,58,,12.0,1:21.886,2022-04-09,2022,+28.543,No,,,25.0,17.0,17.0,17.0,24.0,24.0,0.0,60.0,10.0,1022.0,63.375,25.0,13.0,17.0,119.0,119.0,122.0,0.0,6.0,7.3,météo correcte,,,,,,,,,,,,,melbourne
Australia,5,4,Lando Norris,McLaren Mercedes,4.0,58,,10.0,1:22.248,2022-04-09,2022,+53.303,No,,,25.0,17.0,17.0,17.0,24.0,24.0,0.0,60.0,10.0,1022.0,63.375,25.0,13.0,17.0,119.0,119.0,122.0,0.0,6.0,7.3,météo correcte,,,,,,,,,,,,,melbourne
Australia,6,3,Daniel Ricciardo,McLaren Mercedes,7.0,58,,8.0,1:22.451,2022-04-09,2022,+53.737,No,,,25.0,17.0,17.0,17.0,24.0,24.0,0.0,60.0,10.0,1022.0,63.375,25.0,13.0,17.0,119.0,119.0,122.0,0.0,6.0,7.3,météo correcte,,,,,,,,,,,,,melbourne
Australia,7,31,Esteban Ocon,Alpine Renault,8.0,58,,6.0,1:22.469,2022-04-09,2022,+61.683,No,,,25.0,17.0,17.0,17.0,24.0,24.0,0.0,60.0,10.0,1022.0,63.375,25.0,13.0,17.0,119.0,119.0,122.0,0.0,6.0,7.3,météo correcte,,,,,,,,,,,,,melbourne
Australia,8,77,Valtteri Bottas,Alfa Romeo Ferrari,12.0,58,,4.0,1:21.651,2022-04-09,2022,+68.439,No,,,25.0,17.0,17.0,17.0,24.0,24.0,0.0,60.0,10.0,1022.0,63.375,25.0,13.0,17.0,119.0,119.0,122.0,0.0,6.0,7.3,météo correcte,,,,,,,,,,,,,melbourne
Australia,9,10,Pierre Gasly,AlphaTauri RBPT,11.0,58,,2.0,1:22.731,2022-04-09,2022,+76.221,No,,,25.0,17.0,17.0,17.0,24.0,24.0,0.0,60.0,10.0,1022.0,63.375,25.0,13.0,17.0,119.0,119.0,122.0,0.0,6.0,7.3,météo correcte,,,,,,,,,,,,,melbourne
Australia,10,23,Alexander Albon,Williams Mercedes,20.0,58,,1.0,1:22.589,2022-04-09,2022,+79.382,No,,,25.0,17.0,17.0,17.0,24.0,24.0,0.0,60.0,10.0,1022.0,63.375,25.0,13.0,17.0,119.0,119.0,122.0,0.0,6.0,7.3,météo correcte,,,,,,,,,,,,,melbourne
Australia,11,24,Guanyu Zhou,Alfa Romeo Ferrari,14.0,58,,0.0,1:22.541,2022-04-09,2022,+81.695,No,,,25.0,17.0,17.0,17.0,24.0,24.0,0.0,60.0,10.0,1022.0,63.375,25.0,13.0,17.0,119.0,119.0,122.0,0.0,6.0,7.3,météo correcte,,,,,,,,,,,,,melbourne
Australia,12,18,Lance Stroll,Aston Martin Aramco Mercedes,19.0,58,,0.0,1:23.592,2022-04-09,2022,+88.598,No,,,25.0,17.0,17.0,17.0,24.0,24.0,0.0,60.0,10.0,1022.0,63.375,25.0,13.0,17.0,119.0,119.0,122.0,0.0,6.0,7.3,météo correcte,,,,,,,,,,,,,melbourne
Australia,13,47,Mick Schumacher,Haas Ferrari,15.0,57,,0.0,1:23.006,2022-04-09,2022,+1 lap,No,,,25.0,17.0,17.0,17.0,24.0,24.0,0.0,60.0,10.0,1022.0,63.375,25.0,13.0,17.0,119.0,119.0,122.0,0.0,6.0,7.3,météo correcte,,,,,,,,,,,,,melbourne
Australia,14,20,Kevin Magnussen,Haas Ferrari,16.0,57,,0.0,1:23.071,2022-04-09,2022,+1 lap,No,,,25.0,17.0,17.0,17.0,24.0,24.0,0.0,60.0,10.0,1022.0,63.375,25.0,13.0,17.0,119.0,119.0,122.0,0.0,6.0,7.3,météo correcte,,,,,,,,,,,,,melbourne
Australia,15,22,Yuki Tsunoda,AlphaTauri RBPT,13.0,57,,0.0,1:23.342,2022-04-09,2022,+1 lap,No,,,25.0,17.0,17.0,17.0,24.0,24.0,0.0,60.0,10.0,1022.0,63.375,25.0,13.0,17.0,119.0,119.0,122.0,0.0,6.0,7.3,météo correcte,,,,,,,,,,,,,melbourne
Australia,16,6,Nicholas Latifi,Williams Mercedes,18.0,57,,0.0,1:23.882,2022-04-09,2022,+1 lap,No,,,25.0,17.0,17.0,17.0,24.0,24.0,0.0,60.0,10.0,1022.0,63.375,25.0,13.0,17.0,119.0,119.0,122.0,0.0,6.0,7.3,météo correcte,,,,,,,,,,,,,melbourne
Australia,17,14,Fernando Alonso,Alpine Renault,10.0,57,,0.0,1:20.846,2022-04-09,2022,+1 lap,No,,,25.0,17.0,17.0,17.0,24.0,24.0,0.0,60.0,10.0,1022.0,63.375,25.0,13.0,17.0,119.0,119.0,122.0,0.0,6.0,7.3,météo correcte,,,,,,,,,,,,,melbourne
Australia,NC,1,Max Verstappen,Red Bull Racing RBPT,2.0,38,,0.0,1:21.677,2022-04-09,2022,DNF,No,,,25.0,17.0,17.0,17.0,24.0,24.0,0.0,60.0,10.0,1022.0,63.375,25.0,13.0,17.0,119.0,119.0,122.0,0.0,6.0,7.3,météo correcte,,,,,,,,,,,,,melbourne
Australia,NC,5,Sebastian Vettel,Aston Martin Aramco Mercedes,17.0,22,,0.0,1:25.189,2022-04-09,2022,DNF,No,,,25.0,17.0,17.0,17.0,24.0,24.0,0.0,60.0,10.0,1022.0,63.375,25.0,13.0,17.0,119.0,119.0,122.0,0.0,6.0,7.3,météo correcte,,,,,,,,,,,,,melbourne
Australia,NC,55,Carlos Sainz,Ferrari,9.0,1,,0.0,,2022-04-09,2022,DNF,No,,,25.0,17.0,17.0,17.0,24.0,24.0,0.0,60.0,10.0,1022.0,63.375,25.0,13.0,17.0,119.0,119.0,122.0,0.0,6.0,7.3,météo correcte,,,,,,,,,,,,,melbourne
Emilia Romagna,1,1,Max Verstappen,Red Bull Racing RBPT,1.0,63,,26.0,1:18.446,2022-04-24,2022,1:32:07.986,Yes,,,,,,,,,,,,,,,,,,,,,,,,,,,,,,,,,,,,
Emilia Romagna,2,11,Sergio Perez,Red Bull Racing RBPT,3.0,63,,18.0,1:18.949,2022-04-24,2022,+16.527,No,,,,,,,,,,,,,,,,,,,,,,,,,,,,,,,,,,,,
Emilia Romagna,3,4,Lando Norris,McLaren Mercedes,5.0,63,,15.0,1:20.903,2022-04-24,2022,+34.834,No,,,,,,,,,,,,,,,,,,,,,,,,,,,,,,,,,,,,
Emilia Romagna,4,63,George Russell,Mercedes,11.0,63,,12.0,1:20.962,2022-04-24,2022,+42.506,No,,,,,,,,,,,,,,,,,,,,,,,,,,,,,,,,,,,,
Emilia Romagna,5,77,Valtteri Bottas,Alfa Romeo Ferrari,7.0,63,,10.0,1:20.758,2022-04-24,2022,+43.181,No,,,,,,,,,,,,,,,,,,,,,,,,,,,,,,,,,,,,
Emilia Romagna,6,16,Charles Leclerc,Ferrari,2.0,63,,8.0,1:18.574,2022-04-24,2022,+56.072,No,,,,,,,,,,,,,,,,,,,,,,,,,,,,,,,,,,,,
Emilia Romagna,7,22,Yuki Tsunoda,AlphaTauri RBPT,12.0,63,,6.0,1:20.544,2022-04-24,2022,+61.110,No,,,,,,,,,,,,,,,,,,,,,,,,,,,,,,,,,,,,
Emilia Romagna,8,5,Sebastian Vettel,Aston Martin Aramco Mercedes,13.0,63,,4.0,1:21.211,2022-04-24,2022,+70.892,No,,,,,,,,,,,,,,,,,,,,,,,,,,,,,,,,,,,,
Emilia Romagna,9,20,Kevin Magnussen,Haas Ferrari,8.0,63,,2.0,1:21.238,2022-04-24,2022,+75.260,No,,,,,,,,,,,,,,,,,,,,,,,,,,,,,,,,,,,,
Emilia Romagna,10,18,Lance Stroll,Aston Martin Aramco Mercedes,15.0,62,,1.0,1:21.750,2022-04-24,2022,+1 lap,No,,,,,,,,,,,,,,,,,,,,,,,,,,,,,,,,,,,,
Emilia Romagna,11,23,Alexander Albon,Williams Mercedes,18.0,62,,0.0,1:21.757,2022-04-24,2022,+1 lap,No,,,,,,,,,,,,,,,,,,,,,,,,,,,,,,,,,,,,
Emilia Romagna,12,10,Pierre Gasly,AlphaTauri RBPT,17.0,62,,0.0,1:21.713,2022-04-24,2022,+1 lap,No,,,,,,,,,,,,,,,,,,,,,,,,,,,,,,,,,,,,
Emilia Romagna,13,44,Lewis Hamilton,Mercedes,14.0,62,,0.0,1:21.419,2022-04-24,2022,+1 lap,No,,,,,,,,,,,,,,,,,,,,,,,,,,,,,,,,,,,,
Emilia Romagna,14,31,Esteban Ocon,Alpine Renault,16.0,62,,0.0,1:21.887,2022-04-24,2022,+1 lap,No,,,,,,,,,,,,,,,,,,,,,,,,,,,,,,,,,,,,
Emilia Romagna,15,24,Guanyu Zhou,Alfa Romeo Ferrari,20.0,62,,0.0,1:21.286,2022-04-24,2022,+1 lap,No,,,,,,,,,,,,,,,,,,,,,,,,,,,,,,,,,,,,
Emilia Romagna,16,6,Nicholas Latifi,Williams Mercedes,19.0,62,,0.0,1:21.338,2022-04-24,2022,+1 lap,No,,,,,,,,,,,,,,,,,,,,,,,,,,,,,,,,,,,,
Emilia Romagna,17,47,Mick Schumacher,Haas Ferrari,10.0,62,,0.0,1:18.999,2022-04-24,2022,+1 lap,No,,,,,,,,,,,,,,,,,,,,,,,,,,,,,,,,,,,,
Emilia Romagna,18,3,Daniel Ricciardo,McLaren Mercedes,6.0,62,,0.0,1:21.577,2022-04-24,2022,+1 lap,No,,,,,,,,,,,,,,,,,,,,,,,,,,,,,,,,,,,,
Emilia Romagna,NC,14,Fernando Alonso,Alpine Renault,9.0,6,,0.0,1:39.685,2022-04-24,2022,DNF,No,,,,,,,,,,,,,,,,,,,,,,,,,,,,,,,,,,,,
Emilia Romagna,NC,55,Carlos Sainz,Ferrari,4.0,0,,0.0,,2022-04-24,2022,DNF,No,,,,,,,,,,,,,,,,,,,,,,,,,,,,,,,,,,,,
Miami,1,1,Max Verstappen,Red Bull Racing RBPT,3.0,57,,26.0,1:31.361,2022-05-08,2022,1:34:24.258,Yes,,,,,,,,,,,,,,,,,,,,,,,,,,,,,,,,,,,,
Miami,2,16,Charles Leclerc,Ferrari,1.0,57,,18.0,1:31.488,2022-05-08,2022,+3.786,No,,,,,,,,,,,,,,,,,,,,,,,,,,,,,,,,,,,,
Miami,3,55,Carlos Sainz,Ferrari,2.0,57,,15.0,1:31.790,2022-05-08,2022,+8.229,No,,,,,,,,,,,,,,,,,,,,,,,,,,,,,,,,,,,,
Miami,4,11,Sergio Perez,Red Bull Racing RBPT,4.0,57,,12.0,1:31.819,2022-05-08,2022,+10.638,No,,,,,,,,,,,,,,,,,,,,,,,,,,,,,,,,,,,,
Miami,5,63,George Russell,Mercedes,12.0,57,,10.0,1:32.195,2022-05-08,2022,+18.582,No,,,,,,,,,,,,,,,,,,,,,,,,,,,,,,,,,,,,
Miami,6,44,Lewis Hamilton,Mercedes,6.0,57,,8.0,1:32.941,2022-05-08,2022,+21.368,No,,,,,,,,,,,,,,,,,,,,,,,,,,,,,,,,,,,,
Miami,7,77,Valtteri Bottas,Alfa Romeo Ferrari,5.0,57,,6.0,1:33.184,2022-05-08,2022,+25.073,No,,,,,,,,,,,,,,,,,,,,,,,,,,,,,,,,,,,,
Miami,8,31,Esteban Ocon,Alpine Renault,20.0,57,,4.0,1:33.163,2022-05-08,2022,+28.386,No,,,,,,,,,,,,,,,,,,,,,,,,,,,,,,,,,,,,
Miami,9,23,Alexander Albon,Williams Mercedes,18.0,57,,2.0,1:33.447,2022-05-08,2022,+32.365,No,,,,,,,,,,,,,,,,,,,,,,,,,,,,,,,,,,,,
Miami,10,18,Lance Stroll,Aston Martin Aramco Mercedes,10.0,57,,1.0,1:33.312,2022-05-08,2022,+37.026,No,,,,,,,,,,,,,,,,,,,,,,,,,,,,,,,,,,,,
Miami,11,14,Fernando Alonso,Alpine Renault,11.0,57,,0.0,1:33.331,2022-05-08,2022,+37.128,No,,,,,,,,,,,,,,,,,,,,,,,,,,,,,,,,,,,,
Miami,12,22,Yuki Tsunoda,AlphaTauri RBPT,9.0,57,,0.0,1:33.035,2022-05-08,2022,+40.146,No,,,,,,,,,,,,,,,,,,,,,,,,,,,,,,,,,,,,
Miami,13,3,Daniel Ricciardo,McLaren Mercedes,14.0,57,,0.0,1:33.265,2022-05-08,2022,+40.902,No,,,,,,,,,,,,,,,,,,,,,,,,,,,,,,,,,,,,
Miami,14,6,Nicholas Latifi,Williams Mercedes,19.0,57,,0.0,1:34.169,2022-05-08,2022,+49.936,No,,,,,,,,,,,,,,,,,,,,,,,,,,,,,,,,,,,,
Miami,15,47,Mick Schumacher,Haas Ferrari,15.0,57,,0.0,1:32.528,2022-05-08,2022,+73.305,No,,,,,,,,,,,,,,,,,,,,,,,,,,,,,,,,,,,,
Miami,16,20,Kevin Magnussen,Haas Ferrari,16.0,56,,0.0,1:33.511,2022-05-08,2022,DNF,No,,,,,,,,,,,,,,,,,,,,,,,,,,,,,,,,,,,,
Miami,17,5,Sebastian Vettel,Aston Martin Aramco Mercedes,13.0,54,,0.0,1:33.479,2022-05-08,2022,DNF,No,,,,,,,,,,,,,,,,,,,,,,,,,,,,,,,,,,,,
Miami,NC,10,Pierre Gasly,AlphaTauri RBPT,7.0,45,,0.0,1:34.487,2022-05-08,2022,DNF,No,,,,,,,,,,,,,,,,,,,,,,,,,,,,,,,,,,,,
Miami,NC,4,Lando Norris,McLaren Mercedes,8.0,39,,0.0,1:33.411,2022-05-08,2022,DNF,No,,,,,,,,,,,,,,,,,,,,,,,,,,,,,,,,,,,,
Miami,NC,24,Guanyu Zhou,Alfa Romeo Ferrari,17.0,6,,0.0,1:35.731,2022-05-08,2022,DNF,No,,,,,,,,,,,,,,,,,,,,,,,,,,,,,,,,,,,,
Spain,1,1,Max Verstappen,Red Bull Racing RBPT,2.0,66,,25.0,1:25.456,2022-05-22,2022,1:37:20.475,No,,,31.0,22.0,22.0,22.0,28.0,29.0,0.0,47.0,10.0,1016.0,7.25,32.0,17.0,22.0,113.0,113.0,113.0,0.0,7.0,14.5,météo idéale,,,,,,,,,,,,,barcelona
Spain,2,11,Sergio Perez,Red Bull Racing RBPT,5.0,66,,19.0,1:24.108,2022-05-22,2022,+13.072,Yes,,,31.0,22.0,22.0,22.0,28.0,29.0,0.0,47.0,10.0,1016.0,7.25,32.0,17.0,22.0,113.0,113.0,113.0,0.0,7.0,14.5,météo idéale,,,,,,,,,,,,,barcelona
Spain,3,63,George Russell,Mercedes,4.0,66,,15.0,1:24.636,2022-05-22,2022,+32.927,No,,,31.0,22.0,22.0,22.0,28.0,29.0,0.0,47.0,10.0,1016.0,7.25,32.0,17.0,22.0,113.0,113.0,113.0,0.0,7.0,14.5,météo idéale,,,,,,,,,,,,,barcelona
Spain,4,55,Carlos Sainz,Ferrari,3.0,66,,12.0,1:25.985,2022-05-22,2022,+45.208,No,,,31.0,22.0,22.0,22.0,28.0,29.0,0.0,47.0,10.0,1016.0,7.25,32.0,17.0,22.0,113.0,113.0,113.0,0.0,7.0,14.5,météo idéale,,,,,,,,,,,,,barcelona
Spain,5,44,Lewis Hamilton,Mercedes,6.0,66,,10.0,1:24.253,2022-05-22,2022,+54.534,No,,,31.0,22.0,22.0,22.0,28.0,29.0,0.0,47.0,10.0,1016.0,7.25,32.0,17.0,22.0,113.0,113.0,113.0,0.0,7.0,14.5,météo idéale,,,,,,,,,,,,,barcelona
Spain,6,77,Valtteri Bottas,Alfa Romeo Ferrari,7.0,66,,8.0,1:26.395,2022-05-22,2022,+59.976,No,,,31.0,22.0,22.0,22.0,28.0,29.0,0.0,47.0,10.0,1016.0,7.25,32.0,17.0,22.0,113.0,113.0,113.0,0.0,7.0,14.5,météo idéale,,,,,,,,,,,,,barcelona
Spain,7,31,Esteban Ocon,Alpine Renault,12.0,66,,6.0,1:25.935,2022-05-22,2022,+75.397,No,,,31.0,22.0,22.0,22.0,28.0,29.0,0.0,47.0,10.0,1016.0,7.25,32.0,17.0,22.0,113.0,113.0,113.0,0.0,7.0,14.5,météo idéale,,,,,,,,,,,,,barcelona
Spain,8,4,Lando Norris,McLaren Mercedes,11.0,66,,4.0,1:25.619,2022-05-22,2022,+83.235,No,,,31.0,22.0,22.0,22.0,28.0,29.0,0.0,47.0,10.0,1016.0,7.25,32.0,17.0,22.0,113.0,113.0,113.0,0.0,7.0,14.5,météo idéale,,,,,,,,,,,,,barcelona
Spain,9,14,Fernando Alonso,Alpine Renault,20.0,65,,2.0,1:26.599,2022-05-22,2022,+1 lap,No,,,31.0,22.0,22.0,22.0,28.0,29.0,0.0,47.0,10.0,1016.0,7.25,32.0,17.0,22.0,113.0,113.0,113.0,0.0,7.0,14.5,météo idéale,,,,,,,,,,,,,barcelona
Spain,10,22,Yuki Tsunoda,AlphaTauri RBPT,13.0,65,,1.0,1:26.828,2022-05-22,2022,+1 lap,No,,,31.0,22.0,22.0,22.0,28.0,29.0,0.0,47.0,10.0,1016.0,7.25,32.0,17.0,22.0,113.0,113.0,113.0,0.0,7.0,14.5,météo idéale,,,,,,,,,,,,,barcelona
Spain,11,5,Sebastian Vettel,Aston Martin Aramco Mercedes,16.0,65,,0.0,1:27.629,2022-05-22,2022,+1 lap,No,,,31.0,22.0,22.0,22.0,28.0,29.0,0.0,47.0,10.0,1016.0,7.25,32.0,17.0,22.0,113.0,113.0,113.0,0.0,7.0,14.5,météo idéale,,,,,,,,,,,,,barcelona
Spain,12,3,Daniel Ricciardo,McLaren Mercedes,9.0,65,,0.0,1:27.285,2022-05-22,2022,+1 lap,No,,,31.0,22.0,22.0,22.0,28.0,29.0,0.0,47.0,10.0,1016.0,7.25,32.0,17.0,22.0,113.0,113.0,113.0,0.0,7.0,14.5,météo idéale,,,,,,,,,,,,,barcelona
Spain,13,10,Pierre Gasly,AlphaTauri RBPT,14.0,65,,0.0,1:26.987,2022-05-22,2022,+1 lap,No,,,31.0,22.0,22.0,22.0,28.0,29.0,0.0,47.0,10.0,1016.0,7.25,32.0,17.0,22.0,113.0,113.0,113.0,0.0,7.0,14.5,météo idéale,,,,,,,,,,,,,barcelona
Spain,14,47,Mick Schumacher,Haas Ferrari,10.0,65,,0.0,1:27.447,2022-05-22,2022,+1 lap,No,,,31.0,22.0,22.0,22.0,28.0,29.0,0.0,47.0,10.0,1016.0,7.25,32.0,17.0,22.0,113.0,113.0,113.0,0.0,7.0,14.5,météo idéale,,,,,,,,,,,,,barcelona
Spain,15,18,Lance Stroll,Aston Martin Aramco Mercedes,17.0,65,,0.0,1:26.876,2022-05-22,2022,+1 lap,No,,,31.0,22.0,22.0,22.0,28.0,29.0,0.0,47.0,10.0,1016.0,7.25,32.0,17.0,22.0,113.0,113.0,113.0,0.0,7.0,14.5,météo idéale,,,,,,,,,,,,,barcelona
Spain,16,6,Nicholas Latifi,Williams Mercedes,19.0,64,,0.0,1:27.246,2022-05-22,2022,+2 laps,No,,,31.0,22.0,22.0,22.0,28.0,29.0,0.0,47.0,10.0,1016.0,7.25,32.0,17.0,22.0,113.0,113.0,113.0,0.0,7.0,14.5,météo idéale,,,,,,,,,,,,,barcelona
Spain,17,20,Kevin Magnussen,Haas Ferrari,8.0,64,,0.0,1:27.537,2022-05-22,2022,+2 laps,No,,,31.0,22.0,22.0,22.0,28.0,29.0,0.0,47.0,10.0,1016.0,7.25,32.0,17.0,22.0,113.0,113.0,113.0,0.0,7.0,14.5,météo idéale,,,,,,,,,,,,,barcelona
Spain,18,23,Alexander Albon,Williams Mercedes,18.0,64,,0.0,1:28.281,2022-05-22,2022,+2 laps,No,,,31.0,22.0,22.0,22.0,28.0,29.0,0.0,47.0,10.0,1016.0,7.25,32.0,17.0,22.0,113.0,113.0,113.0,0.0,7.0,14.5,météo idéale,,,,,,,,,,,,,barcelona
Spain,NC,24,Guanyu Zhou,Alfa Romeo Ferrari,15.0,28,,0.0,1:28.415,2022-05-22,2022,DNF,No,,,31.0,22.0,22.0,22.0,28.0,29.0,0.0,47.0,10.0,1016.0,7.25,32.0,17.0,22.0,113.0,113.0,113.0,0.0,7.0,14.5,météo idéale,,,,,,,,,,,,,barcelona
Spain,NC,16,Charles Leclerc,Ferrari,1.0,27,,0.0,1:27.030,2022-05-22,2022,DNF,No,,,31.0,22.0,22.0,22.0,28.0,29.0,0.0,47.0,10.0,1016.0,7.25,32.0,17.0,22.0,113.0,113.0,113.0,0.0,7.0,14.5,météo idéale,,,,,,,,,,,,,barcelona
Monaco,1,11,Sergio Perez,Red Bull Racing RBPT,3.0,64,,25.0,1:16.028,2022-05-29,2022,1:56:30.265,No,,,,,,,,,,,,,,,,,,,,,,,,,,,,,,,,,,,,
Monaco,2,55,Carlos Sainz,Ferrari,2.0,64,,18.0,1:16.421,2022-05-29,2022,+1.154,No,,,,,,,,,,,,,,,,,,,,,,,,,,,,,,,,,,,,
Monaco,3,1,Max Verstappen,Red Bull Racing RBPT,4.0,64,,15.0,1:16.052,2022-05-29,2022,+1.491,No,,,,,,,,,,,,,,,,,,,,,,,,,,,,,,,,,,,,
Monaco,4,16,Charles Leclerc,Ferrari,1.0,64,,12.0,1:16.249,2022-05-29,2022,+2.922,No,,,,,,,,,,,,,,,,,,,,,,,,,,,,,,,,,,,,
Monaco,5,63,George Russell,Mercedes,6.0,64,,10.0,1:16.830,2022-05-29,2022,+11.968,No,,,,,,,,,,,,,,,,,,,,,,,,,,,,,,,,,,,,
Monaco,6,4,Lando Norris,McLaren Mercedes,5.0,64,,9.0,1:14.693,2022-05-29,2022,+12.231,Yes,,,,,,,,,,,,,,,,,,,,,,,,,,,,,,,,,,,,
Monaco,7,14,Fernando Alonso,Alpine Renault,7.0,64,,6.0,1:15.882,2022-05-29,2022,+46.358,No,,,,,,,,,,,,,,,,,,,,,,,,,,,,,,,,,,,,
Monaco,8,44,Lewis Hamilton,Mercedes,8.0,64,,4.0,1:17.203,2022-05-29,2022,+50.388,No,,,,,,,,,,,,,,,,,,,,,,,,,,,,,,,,,,,,
Monaco,9,77,Valtteri Bottas,Alfa Romeo Ferrari,12.0,64,,2.0,1:17.600,2022-05-29,2022,+52.525,No,,,,,,,,,,,,,,,,,,,,,,,,,,,,,,,,,,,,
Monaco,10,5,Sebastian Vettel,Aston Martin Aramco Mercedes,9.0,64,,1.0,1:17.558,2022-05-29,2022,+53.536,No,,,,,,,,,,,,,,,,,,,,,,,,,,,,,,,,,,,,
Monaco,11,10,Pierre Gasly,AlphaTauri RBPT,17.0,64,,0.0,1:17.344,2022-05-29,2022,+54.289,No,,,,,,,,,,,,,,,,,,,,,,,,,,,,,,,,,,,,
Monaco,12,31,Esteban Ocon,Alpine Renault,10.0,64,,0.0,1:17.571,2022-05-29,2022,+55.644,No,,,,,,,,,,,,,,,,,,,,,,,,,,,,,,,,,,,,
Monaco,13,3,Daniel Ricciardo,McLaren Mercedes,14.0,64,,0.0,1:17.532,2022-05-29,2022,+57.635,No,,,,,,,,,,,,,,,,,,,,,,,,,,,,,,,,,,,,
Monaco,14,18,Lance Stroll,Aston Martin Aramco Mercedes,18.0,64,,0.0,1:17.672,2022-05-29,2022,+60.802,No,,,,,,,,,,,,,,,,,,,,,,,,,,,,,,,,,,,,
Monaco,15,6,Nicholas Latifi,Williams Mercedes,19.0,63,,0.0,1:18.579,2022-05-29,2022,+1 lap,No,,,,,,,,,,,,,,,,,,,,,,,,,,,,,,,,,,,,
Monaco,16,24,Guanyu Zhou,Alfa Romeo Ferrari,20.0,63,,0.0,1:18.200,2022-05-29,2022,+1 lap,No,,,,,,,,,,,,,,,,,,,,,,,,,,,,,,,,,,,,
Monaco,17,22,Yuki Tsunoda,AlphaTauri RBPT,11.0,63,,0.0,1:15.334,2022-05-29,2022,+1 lap,No,,,,,,,,,,,,,,,,,,,,,,,,,,,,,,,,,,,,
Monaco,NC,23,Alexander Albon,Williams Mercedes,16.0,48,,0.0,1:18.023,2022-05-29,2022,DNF,No,,,,,,,,,,,,,,,,,,,,,,,,,,,,,,,,,,,,
Monaco,NC,47,Mick Schumacher,Haas Ferrari,15.0,24,,0.0,1:24.778,2022-05-29,2022,DNF,No,,,,,,,,,,,,,,,,,,,,,,,,,,,,,,,,,,,,
Monaco,NC,20,Kevin Magnussen,Haas Ferrari,13.0,19,,0.0,1:33.754,2022-05-29,2022,DNF,No,,,,,,,,,,,,,,,,,,,,,,,,,,,,,,,,,,,,
Azerbaijan,1,1,Max Verstappen,Red Bull Racing RBPT,3.0,51,,25.0,1:46.050,2022-06-12,2022,1:34:05.941,No,,,,,,,,,,,,,,,,,,,,,,,,,,,,,,,,,,,,
Azerbaijan,2,11,Sergio Perez,Red Bull Racing RBPT,2.0,51,,19.0,1:46.046,2022-06-12,2022,+20.823,Yes,,,,,,,,,,,,,,,,,,,,,,,,,,,,,,,,,,,,
Azerbaijan,3,63,George Russell,Mercedes,5.0,51,,15.0,1:47.177,2022-06-12,2022,+45.995,No,,,,,,,,,,,,,,,,,,,,,,,,,,,,,,,,,,,,
Azerbaijan,4,44,Lewis Hamilton,Mercedes,7.0,51,,12.0,1:47.044,2022-06-12,2022,+71.679,No,,,,,,,,,,,,,,,,,,,,,,,,,,,,,,,,,,,,
Azerbaijan,5,10,Pierre Gasly,AlphaTauri RBPT,6.0,51,,10.0,1:48.519,2022-06-12,2022,+77.299,No,,,,,,,,,,,,,,,,,,,,,,,,,,,,,,,,,,,,
Azerbaijan,6,5,Sebastian Vettel,Aston Martin Aramco Mercedes,9.0,51,,8.0,1:48.206,2022-06-12,2022,+84.099,No,,,,,,,,,,,,,,,,,,,,,,,,,,,,,,,,,,,,
Azerbaijan,7,14,Fernando Alonso,Alpine Renault,10.0,51,,6.0,1:47.989,2022-06-12,2022,+88.596,No,,,,,,,,,,,,,,,,,,,,,,,,,,,,,,,,,,,,
Azerbaijan,8,3,Daniel Ricciardo,McLaren Mercedes,12.0,51,,4.0,1:48.276,2022-06-12,2022,+92.207,No,,,,,,,,,,,,,,,,,,,,,,,,,,,,,,,,,,,,
Azerbaijan,9,4,Lando Norris,McLaren Mercedes,11.0,51,,2.0,1:47.997,2022-06-12,2022,+92.556,No,,,,,,,,,,,,,,,,,,,,,,,,,,,,,,,,,,,,
Azerbaijan,10,31,Esteban Ocon,Alpine Renault,13.0,51,,1.0,1:48.297,2022-06-12,2022,+108.184,No,,,,,,,,,,,,,,,,,,,,,,,,,,,,,,,,,,,,
Azerbaijan,11,77,Valtteri Bottas,Alfa Romeo Ferrari,15.0,50,,0.0,1:48.179,2022-06-12,2022,+1 lap,No,,,,,,,,,,,,,,,,,,,,,,,,,,,,,,,,,,,,
Azerbaijan,12,23,Alexander Albon,Williams Mercedes,17.0,50,,0.0,1:47.966,2022-06-12,2022,+1 lap,No,,,,,,,,,,,,,,,,,,,,,,,,,,,,,,,,,,,,
Azerbaijan,13,22,Yuki Tsunoda,AlphaTauri RBPT,8.0,50,,0.0,1:47.523,2022-06-12,2022,+1 lap,No,,,,,,,,,,,,,,,,,,,,,,,,,,,,,,,,,,,,
Azerbaijan,14,47,Mick Schumacher,Haas Ferrari,20.0,50,,0.0,1:48.410,2022-06-12,2022,+1 lap,No,,,,,,,,,,,,,,,,,,,,,,,,,,,,,,,,,,,,
Azerbaijan,15,6,Nicholas Latifi,Williams Mercedes,18.0,50,,0.0,1:49.583,2022-06-12,2022,+1 lap,No,,,,,,,,,,,,,,,,,,,,,,,,,,,,,,,,,,,,
Azerbaijan,16,18,Lance Stroll,Aston Martin Aramco Mercedes,19.0,46,,0.0,1:48.038,2022-06-12,2022,DNF,No,,,,,,,,,,,,,,,,,,,,,,,,,,,,,,,,,,,,
Azerbaijan,NC,20,Kevin Magnussen,Haas Ferrari,16.0,31,,0.0,1:48.789,2022-06-12,2022,DNF,No,,,,,,,,,,,,,,,,,,,,,,,,,,,,,,,,,,,,
Azerbaijan,NC,24,Guanyu Zhou,Alfa Romeo Ferrari,14.0,23,,0.0,1:48.723,2022-06-12,2022,DNF,No,,,,,,,,,,,,,,,,,,,,,,,,,,,,,,,,,,,,
Azerbaijan,NC,16,Charles Leclerc,Ferrari,1.0,21,,0.0,1:47.531,2022-06-12,2022,DNF,No,,,,,,,,,,,,,,,,,,,,,,,,,,,,,,,,,,,,
Azerbaijan,NC,55,Carlos Sainz,Ferrari,4.0,8,,0.0,1:48.978,2022-06-12,2022,DNF,No,,,,,,,,,,,,,,,,,,,,,,,,,,,,,,,,,,,,
Canada,1,1,Max Verstappen,Red Bull Racing RBPT,1.0,70,,25.0,1:15.839,2022-06-19,2022,1:36:21.757,No,,,23.0,10.0,21.0,10.0,19.0,21.0,0.3,58.0,9.0,1012.0,29.375,24.0,9.0,7.0,113.0,113.0,116.0,0.0,4.0,14.5,météo favorable,,,,,,,,,,,,,montreal
Canada,2,55,Carlos Sainz,Ferrari,3.0,70,,19.0,1:15.749,2022-06-19,2022,+0.993,Yes,,,23.0,10.0,21.0,10.0,19.0,21.0,0.3,58.0,9.0,1012.0,29.375,24.0,9.0,7.0,113.0,113.0,116.0,0.0,4.0,14.5,météo favorable,,,,,,,,,,,,,montreal
Canada,3,44,Lewis Hamilton,Mercedes,4.0,70,,15.0,1:16.167,2022-06-19,2022,+7.006,No,,,23.0,10.0,21.0,10.0,19.0,21.0,0.3,58.0,9.0,1012.0,29.375,24.0,9.0,7.0,113.0,113.0,116.0,0.0,4.0,14.5,météo favorable,,,,,,,,,,,,,montreal
Canada,4,63,George Russell,Mercedes,8.0,70,,12.0,1:16.418,2022-06-19,2022,+12.313,No,,,23.0,10.0,21.0,10.0,19.0,21.0,0.3,58.0,9.0,1012.0,29.375,24.0,9.0,7.0,113.0,113.0,116.0,0.0,4.0,14.5,météo favorable,,,,,,,,,,,,,montreal
Canada,5,16,Charles Leclerc,Ferrari,19.0,70,,10.0,1:15.901,2022-06-19,2022,+15.168,No,,,23.0,10.0,21.0,10.0,19.0,21.0,0.3,58.0,9.0,1012.0,29.375,24.0,9.0,7.0,113.0,113.0,116.0,0.0,4.0,14.5,météo favorable,,,,,,,,,,,,,montreal
Canada,6,31,Esteban Ocon,Alpine Renault,7.0,70,,8.0,1:17.110,2022-06-19,2022,+23.890,No,,,23.0,10.0,21.0,10.0,19.0,21.0,0.3,58.0,9.0,1012.0,29.375,24.0,9.0,7.0,113.0,113.0,116.0,0.0,4.0,14.5,météo favorable,,,,,,,,,,,,,montreal
Canada,7,77,Valtteri Bottas,Alfa Romeo Ferrari,11.0,70,,6.0,1:16.927,2022-06-19,2022,+25.247,No,,,23.0,10.0,21.0,10.0,19.0,21.0,0.3,58.0,9.0,1012.0,29.375,24.0,9.0,7.0,113.0,113.0,116.0,0.0,4.0,14.5,météo favorable,,,,,,,,,,,,,montreal
Canada,8,24,Guanyu Zhou,Alfa Romeo Ferrari,10.0,70,,4.0,1:16.578,2022-06-19,2022,+26.952,No,,,23.0,10.0,21.0,10.0,19.0,21.0,0.3,58.0,9.0,1012.0,29.375,24.0,9.0,7.0,113.0,113.0,116.0,0.0,4.0,14.5,météo favorable,,,,,,,,,,,,,montreal
Canada,9,14,Fernando Alonso,Alpine Renault,2.0,70,,2.0,1:17.010,2022-06-19,2022,+29.945,No,,,23.0,10.0,21.0,10.0,19.0,21.0,0.3,58.0,9.0,1012.0,29.375,24.0,9.0,7.0,113.0,113.0,116.0,0.0,4.0,14.5,météo favorable,,,,,,,,,,,,,montreal
Canada,10,18,Lance Stroll,Aston Martin Aramco Mercedes,17.0,70,,1.0,1:17.421,2022-06-19,2022,+38.222,No,,,23.0,10.0,21.0,10.0,19.0,21.0,0.3,58.0,9.0,1012.0,29.375,24.0,9.0,7.0,113.0,113.0,116.0,0.0,4.0,14.5,météo favorable,,,,,,,,,,,,,montreal
Canada,11,3,Daniel Ricciardo,McLaren Mercedes,9.0,70,,0.0,1:17.932,2022-06-19,2022,+43.047,No,,,23.0,10.0,21.0,10.0,19.0,21.0,0.3,58.0,9.0,1012.0,29.375,24.0,9.0,7.0,113.0,113.0,116.0,0.0,4.0,14.5,météo favorable,,,,,,,,,,,,,montreal
Canada,12,5,Sebastian Vettel,Aston Martin Aramco Mercedes,16.0,70,,0.0,1:17.956,2022-06-19,2022,+44.245,No,,,23.0,10.0,21.0,10.0,19.0,21.0,0.3,58.0,9.0,1012.0,29.375,24.0,9.0,7.0,113.0,113.0,116.0,0.0,4.0,14.5,météo favorable,,,,,,,,,,,,,montreal
Canada,13,23,Alexander Albon,Williams Mercedes,12.0,70,,0.0,1:17.951,2022-06-19,2022,+44.893,No,,,23.0,10.0,21.0,10.0,19.0,21.0,0.3,58.0,9.0,1012.0,29.375,24.0,9.0,7.0,113.0,113.0,116.0,0.0,4.0,14.5,météo favorable,,,,,,,,,,,,,montreal
Canada,14,10,Pierre Gasly,AlphaTauri RBPT,15.0,70,,0.0,1:17.810,2022-06-19,2022,+45.183,No,,,23.0,10.0,21.0,10.0,19.0,21.0,0.3,58.0,9.0,1012.0,29.375,24.0,9.0,7.0,113.0,113.0,116.0,0.0,4.0,14.5,météo favorable,,,,,,,,,,,,,montreal
Canada,15,4,Lando Norris,McLaren Mercedes,14.0,70,,0.0,1:17.495,2022-06-19,2022,+52.145,No,,,23.0,10.0,21.0,10.0,19.0,21.0,0.3,58.0,9.0,1012.0,29.375,24.0,9.0,7.0,113.0,113.0,116.0,0.0,4.0,14.5,météo favorable,,,,,,,,,,,,,montreal
Canada,16,6,Nicholas Latifi,Williams Mercedes,18.0,70,,0.0,1:18.540,2022-06-19,2022,+59.978,No,,,23.0,10.0,21.0,10.0,19.0,21.0,0.3,58.0,9.0,1012.0,29.375,24.0,9.0,7.0,113.0,113.0,116.0,0.0,4.0,14.5,météo favorable,,,,,,,,,,,,,montreal
Canada,17,20,Kevin Magnussen,Haas Ferrari,5.0,70,,0.0,1:18.046,2022-06-19,2022,+68.180,No,,,23.0,10.0,21.0,10.0,19.0,21.0,0.3,58.0,9.0,1012.0,29.375,24.0,9.0,7.0,113.0,113.0,116.0,0.0,4.0,14.5,météo favorable,,,,,,,,,,,,,montreal
Canada,NC,22,Yuki Tsunoda,AlphaTauri RBPT,20.0,47,,0.0,1:18.309,2022-06-19,2022,DNF,No,,,23.0,10.0,21.0,10.0,19.0,21.0,0.3,58.0,9.0,1012.0,29.375,24.0,9.0,7.0,113.0,113.0,116.0,0.0,4.0,14.5,météo favorable,,,,,,,,,,,,,montreal
Canada,NC,47,Mick Schumacher,Haas Ferrari,6.0,18,,0.0,1:18.967,2022-06-19,2022,DNF,No,,,23.0,10.0,21.0,10.0,19.0,21.0,0.3,58.0,9.0,1012.0,29.375,24.0,9.0,7.0,113.0,113.0,116.0,0.0,4.0,14.5,météo favorable,,,,,,,,,,,,,montreal
Canada,NC,11,Sergio Perez,Red Bull Racing RBPT,13.0,7,,0.0,1:18.844,2022-06-19,2022,DNF,No,,,23.0,10.0,21.0,10.0,19.0,21.0,0.3,58.0,9.0,1012.0,29.375,24.0,9.0,7.0,113.0,113.0,116.0,0.0,4.0,14.5,météo favorable,,,,,,,,,,,,,montreal
Great Britain,1,55,Carlos Sainz,Ferrari,1.0,52,,25.0,1:30.813,2022-07-03,2022,2:17:50.311,No,,,20.0,12.0,15.0,12.0,18.0,19.0,2.3,86.0,8.0,1023.0,52.125,20.0,13.0,11.0,116.0,353.0,353.0,0.0,4.0,15.0,météo correcte,,,,,,,,,,,,,northampton
Great Britain,2,11,Sergio Perez,Red Bull Racing RBPT,4.0,52,,18.0,1:30.937,2022-07-03,2022,+3.779,No,,,20.0,12.0,15.0,12.0,18.0,19.0,2.3,86.0,8.0,1023.0,52.125,20.0,13.0,11.0,116.0,353.0,353.0,0.0,4.0,15.0,météo correcte,,,,,,,,,,,,,northampton
Great Britain,3,44,Lewis Hamilton,Mercedes,5.0,52,,16.0,1:30.510,2022-07-03,2022,+6.225,Yes,,,20.0,12.0,15.0,12.0,18.0,19.0,2.3,86.0,8.0,1023.0,52.125,20.0,13.0,11.0,116.0,353.0,353.0,0.0,4.0,15.0,météo correcte,,,,,,,,,,,,,northampton
Great Britain,4,16,Charles Leclerc,Ferrari,3.0,52,,12.0,1:31.282,2022-07-03,2022,+8.546,No,,,20.0,12.0,15.0,12.0,18.0,19.0,2.3,86.0,8.0,1023.0,52.125,20.0,13.0,11.0,116.0,353.0,353.0,0.0,4.0,15.0,météo correcte,,,,,,,,,,,,,northampton
Great Britain,5,14,Fernando Alonso,Alpine Renault,7.0,52,,10.0,1:31.609,2022-07-03,2022,+9.571,No,,,20.0,12.0,15.0,12.0,18.0,19.0,2.3,86.0,8.0,1023.0,52.125,20.0,13.0,11.0,116.0,353.0,353.0,0.0,4.0,15.0,météo correcte,,,,,,,,,,,,,northampton
Great Britain,6,4,Lando Norris,McLaren Mercedes,6.0,52,,8.0,1:31.645,2022-07-03,2022,+11.943,No,,,20.0,12.0,15.0,12.0,18.0,19.0,2.3,86.0,8.0,1023.0,52.125,20.0,13.0,11.0,116.0,353.0,353.0,0.0,4.0,15.0,météo correcte,,,,,,,,,,,,,northampton
Great Britain,7,1,Max Verstappen,Red Bull Racing RBPT,2.0,52,,6.0,1:32.354,2022-07-03,2022,+18.777,No,,,20.0,12.0,15.0,12.0,18.0,19.0,2.3,86.0,8.0,1023.0,52.125,20.0,13.0,11.0,116.0,353.0,353.0,0.0,4.0,15.0,météo correcte,,,,,,,,,,,,,northampton
Great Britain,8,47,Mick Schumacher,Haas Ferrari,19.0,52,,4.0,1:32.109,2022-07-03,2022,+18.995,No,,,20.0,12.0,15.0,12.0,18.0,19.0,2.3,86.0,8.0,1023.0,52.125,20.0,13.0,11.0,116.0,353.0,353.0,0.0,4.0,15.0,météo correcte,,,,,,,,,,,,,northampton
Great Britain,9,5,Sebastian Vettel,Aston Martin Aramco Mercedes,18.0,52,,2.0,1:32.471,2022-07-03,2022,+22.356,No,,,20.0,12.0,15.0,12.0,18.0,19.0,2.3,86.0,8.0,1023.0,52.125,20.0,13.0,11.0,116.0,353.0,353.0,0.0,4.0,15.0,météo correcte,,,,,,,,,,,,,northampton
Great Britain,10,20,Kevin Magnussen,Haas Ferrari,17.0,52,,1.0,1:32.661,2022-07-03,2022,+24.590,No,,,20.0,12.0,15.0,12.0,18.0,19.0,2.3,86.0,8.0,1023.0,52.125,20.0,13.0,11.0,116.0,353.0,353.0,0.0,4.0,15.0,météo correcte,,,,,,,,,,,,,northampton
Great Britain,11,18,Lance Stroll,Aston Martin Aramco Mercedes,20.0,52,,0.0,1:32.379,2022-07-03,2022,+26.147,No,,,20.0,12.0,15.0,12.0,18.0,19.0,2.3,86.0,8.0,1023.0,52.125,20.0,13.0,11.0,116.0,353.0,353.0,0.0,4.0,15.0,météo correcte,,,,,,,,,,,,,northampton
Great Britain,12,6,Nicholas Latifi,Williams Mercedes,10.0,52,,0.0,1:33.286,2022-07-03,2022,+32.511,No,,,20.0,12.0,15.0,12.0,18.0,19.0,2.3,86.0,8.0,1023.0,52.125,20.0,13.0,11.0,116.0,353.0,353.0,0.0,4.0,15.0,météo correcte,,,,,,,,,,,,,northampton
Great Britain,13,3,Daniel Ricciardo,McLaren Mercedes,14.0,52,,0.0,1:32.644,2022-07-03,2022,+32.817,No,,,20.0,12.0,15.0,12.0,18.0,19.0,2.3,86.0,8.0,1023.0,52.125,20.0,13.0,11.0,116.0,353.0,353.0,0.0,4.0,15.0,météo correcte,,,,,,,,,,,,,northampton
Great Britain,14,22,Yuki Tsunoda,AlphaTauri RBPT,13.0,52,,0.0,1:33.832,2022-07-03,2022,+40.910,No,,,20.0,12.0,15.0,12.0,18.0,19.0,2.3,86.0,8.0,1023.0,52.125,20.0,13.0,11.0,116.0,353.0,353.0,0.0,4.0,15.0,météo correcte,,,,,,,,,,,,,northampton
Great Britain,NC,31,Esteban Ocon,Alpine Renault,15.0,37,,0.0,1:33.537,2022-07-03,2022,DNF,No,,,20.0,12.0,15.0,12.0,18.0,19.0,2.3,86.0,8.0,1023.0,52.125,20.0,13.0,11.0,116.0,353.0,353.0,0.0,4.0,15.0,météo correcte,,,,,,,,,,,,,northampton
Great Britain,NC,10,Pierre Gasly,AlphaTauri RBPT,11.0,26,,0.0,1:34.614,2022-07-03,2022,DNF,No,,,20.0,12.0,15.0,12.0,18.0,19.0,2.3,86.0,8.0,1023.0,52.125,20.0,13.0,11.0,116.0,353.0,353.0,0.0,4.0,15.0,météo correcte,,,,,,,,,,,,,northampton
Great Britain,NC,77,Valtteri Bottas,Alfa Romeo Ferrari,12.0,20,,0.0,1:35.103,2022-07-03,2022,DNF,No,,,20.0,12.0,15.0,12.0,18.0,19.0,2.3,86.0,8.0,1023.0,52.125,20.0,13.0,11.0,116.0,353.0,353.0,0.0,4.0,15.0,météo correcte,,,,,,,,,,,,,northampton
Great Britain,NC,63,George Russell,Mercedes,8.0,0,,0.0,,2022-07-03,2022,DNF,No,,,20.0,12.0,15.0,12.0,18.0,19.0,2.3,86.0,8.0,1023.0,52.125,20.0,13.0,11.0,116.0,353.0,353.0,0.0,4.0,15.0,météo correcte,,,,,,,,,,,,,northampton
Great Britain,NC,24,Guanyu Zhou,Alfa Romeo Ferrari,9.0,0,,0.0,,2022-07-03,2022,DNF,No,,,20.0,12.0,15.0,12.0,18.0,19.0,2.3,86.0,8.0,1023.0,52.125,20.0,13.0,11.0,116.0,353.0,353.0,0.0,4.0,15.0,météo correcte,,,,,,,,,,,,,northampton
Great Britain,NC,23,Alexander Albon,Williams Mercedes,16.0,0,,0.0,,2022-07-03,2022,DNF,No,,,20.0,12.0,15.0,12.0,18.0,19.0,2.3,86.0,8.0,1023.0,52.125,20.0,13.0,11.0,116.0,353.0,353.0,0.0,4.0,15.0,météo correcte,,,,,,,,,,,,,northampton
Austria,1,16,Charles Leclerc,Ferrari,2.0,71,,25.0,1:07.583,2022-07-10,2022,1:24:24.312,No,,,21.0,9.0,14.0,10.0,11.0,18.0,1.4,97.0,8.75,1021.0,45.875,21.0,10.0,9.0,353.0,176.0,113.0,0.0,4.0,11.6,météo favorable,,,,,,,,,,,,,knittelfeld
Austria,2,1,Max Verstappen,Red Bull Racing RBPT,1.0,71,,19.0,1:07.275,2022-07-10,2022,+1.532,Yes,,,21.0,9.0,14.0,10.0,11.0,18.0,1.4,97.0,8.75,1021.0,45.875,21.0,10.0,9.0,353.0,176.0,113.0,0.0,4.0,11.6,météo favorable,,,,,,,,,,,,,knittelfeld
Austria,3,44,Lewis Hamilton,Mercedes,8.0,71,,15.0,1:09.000,2022-07-10,2022,+41.217,No,,,21.0,9.0,14.0,10.0,11.0,18.0,1.4,97.0,8.75,1021.0,45.875,21.0,10.0,9.0,353.0,176.0,113.0,0.0,4.0,11.6,météo favorable,,,,,,,,,,,,,knittelfeld
Austria,4,63,George Russell,Mercedes,4.0,71,,12.0,1:09.075,2022-07-10,2022,+58.972,No,,,21.0,9.0,14.0,10.0,11.0,18.0,1.4,97.0,8.75,1021.0,45.875,21.0,10.0,9.0,353.0,176.0,113.0,0.0,4.0,11.6,météo favorable,,,,,,,,,,,,,knittelfeld
Austria,5,31,Esteban Ocon,Alpine Renault,6.0,71,,10.0,1:09.559,2022-07-10,2022,+68.436,No,,,21.0,9.0,14.0,10.0,11.0,18.0,1.4,97.0,8.75,1021.0,45.875,21.0,10.0,9.0,353.0,176.0,113.0,0.0,4.0,11.6,météo favorable,,,,,,,,,,,,,knittelfeld
Austria,6,47,Mick Schumacher,Haas Ferrari,9.0,70,,8.0,1:09.625,2022-07-10,2022,+1 lap,No,,,21.0,9.0,14.0,10.0,11.0,18.0,1.4,97.0,8.75,1021.0,45.875,21.0,10.0,9.0,353.0,176.0,113.0,0.0,4.0,11.6,météo favorable,,,,,,,,,,,,,knittelfeld
Austria,7,4,Lando Norris,McLaren Mercedes,10.0,70,,6.0,1:09.304,2022-07-10,2022,+1 lap,No,,,21.0,9.0,14.0,10.0,11.0,18.0,1.4,97.0,8.75,1021.0,45.875,21.0,10.0,9.0,353.0,176.0,113.0,0.0,4.0,11.6,météo favorable,,,,,,,,,,,,,knittelfeld
Austria,8,20,Kevin Magnussen,Haas Ferrari,7.0,70,,4.0,1:09.938,2022-07-10,2022,+1 lap,No,,,21.0,9.0,14.0,10.0,11.0,18.0,1.4,97.0,8.75,1021.0,45.875,21.0,10.0,9.0,353.0,176.0,113.0,0.0,4.0,11.6,météo favorable,,,,,,,,,,,,,knittelfeld
Austria,9,3,Daniel Ricciardo,McLaren Mercedes,11.0,70,,2.0,1:09.924,2022-07-10,2022,+1 lap,No,,,21.0,9.0,14.0,10.0,11.0,18.0,1.4,97.0,8.75,1021.0,45.875,21.0,10.0,9.0,353.0,176.0,113.0,0.0,4.0,11.6,météo favorable,,,,,,,,,,,,,knittelfeld
Austria,10,14,Fernando Alonso,Alpine Renault,19.0,70,,1.0,1:08.558,2022-07-10,2022,+1 lap,No,,,21.0,9.0,14.0,10.0,11.0,18.0,1.4,97.0,8.75,1021.0,45.875,21.0,10.0,9.0,353.0,176.0,113.0,0.0,4.0,11.6,météo favorable,,,,,,,,,,,,,knittelfeld
Austria,11,77,Valtteri Bottas,Alfa Romeo Ferrari,20.0,70,,0.0,1:09.266,2022-07-10,2022,+1 lap,No,,,21.0,9.0,14.0,10.0,11.0,18.0,1.4,97.0,8.75,1021.0,45.875,21.0,10.0,9.0,353.0,176.0,113.0,0.0,4.0,11.6,météo favorable,,,,,,,,,,,,,knittelfeld
Austria,12,23,Alexander Albon,Williams Mercedes,15.0,70,,0.0,1:09.669,2022-07-10,2022,+1 lap,No,,,21.0,9.0,14.0,10.0,11.0,18.0,1.4,97.0,8.75,1021.0,45.875,21.0,10.0,9.0,353.0,176.0,113.0,0.0,4.0,11.6,météo favorable,,,,,,,,,,,,,knittelfeld
Austria,13,18,Lance Stroll,Aston Martin Aramco Mercedes,12.0,70,,0.0,1:10.048,2022-07-10,2022,+1 lap,No,,,21.0,9.0,14.0,10.0,11.0,18.0,1.4,97.0,8.75,1021.0,45.875,21.0,10.0,9.0,353.0,176.0,113.0,0.0,4.0,11.6,météo favorable,,,,,,,,,,,,,knittelfeld
Austria,14,24,Guanyu Zhou,Alfa Romeo Ferrari,13.0,70,,0.0,1:09.380,2022-07-10,2022,+1 lap,No,,,21.0,9.0,14.0,10.0,11.0,18.0,1.4,97.0,8.75,1021.0,45.875,21.0,10.0,9.0,353.0,176.0,113.0,0.0,4.0,11.6,météo favorable,,,,,,,,,,,,,knittelfeld
Austria,15,10,Pierre Gasly,AlphaTauri RBPT,14.0,70,,0.0,1:10.104,2022-07-10,2022,+1 lap,No,,,21.0,9.0,14.0,10.0,11.0,18.0,1.4,97.0,8.75,1021.0,45.875,21.0,10.0,9.0,353.0,176.0,113.0,0.0,4.0,11.6,météo favorable,,,,,,,,,,,,,knittelfeld
Austria,16,22,Yuki Tsunoda,AlphaTauri RBPT,16.0,70,,0.0,1:10.023,2022-07-10,2022,+1 lap,No,,,21.0,9.0,14.0,10.0,11.0,18.0,1.4,97.0,8.75,1021.0,45.875,21.0,10.0,9.0,353.0,176.0,113.0,0.0,4.0,11.6,météo favorable,,,,,,,,,,,,,knittelfeld
Austria,17,5,Sebastian Vettel,Aston Martin Aramco Mercedes,18.0,70,,0.0,1:10.001,2022-07-10,2022,+1 lap,No,,,21.0,9.0,14.0,10.0,11.0,18.0,1.4,97.0,8.75,1021.0,45.875,21.0,10.0,9.0,353.0,176.0,113.0,0.0,4.0,11.6,météo favorable,,,,,,,,,,,,,knittelfeld
Austria,NC,55,Carlos Sainz,Ferrari,3.0,56,,0.0,1:08.649,2022-07-10,2022,DNF,No,,,21.0,9.0,14.0,10.0,11.0,18.0,1.4,97.0,8.75,1021.0,45.875,21.0,10.0,9.0,353.0,176.0,113.0,0.0,4.0,11.6,météo favorable,,,,,,,,,,,,,knittelfeld
Austria,NC,6,Nicholas Latifi,Williams Mercedes,17.0,48,,0.0,1:10.890,2022-07-10,2022,DNF,No,,,21.0,9.0,14.0,10.0,11.0,18.0,1.4,97.0,8.75,1021.0,45.875,21.0,10.0,9.0,353.0,176.0,113.0,0.0,4.0,11.6,météo favorable,,,,,,,,,,,,,knittelfeld
Austria,NC,11,Sergio Perez,Red Bull Racing RBPT,5.0,24,,0.0,1:11.843,2022-07-10,2022,DNF,No,,,21.0,9.0,14.0,10.0,11.0,18.0,1.4,97.0,8.75,1021.0,45.875,21.0,10.0,9.0,353.0,176.0,113.0,0.0,4.0,11.6,météo favorable,,,,,,,,,,,,,knittelfeld
France,1,1,Max Verstappen,Red Bull Racing RBPT,2.0,53,,25.0,1:37.491,2022-07-24,2022,1:30:02.112,No,,,,,,,,,,,,,,,,,,,,,,,,,,,,,,,,,,,,
France,2,44,Lewis Hamilton,Mercedes,4.0,53,,18.0,1:37.668,2022-07-24,2022,+10.587,No,,,,,,,,,,,,,,,,,,,,,,,,,,,,,,,,,,,,
France,3,63,George Russell,Mercedes,6.0,53,,15.0,1:37.548,2022-07-24,2022,+16.495,No,,,,,,,,,,,,,,,,,,,,,,,,,,,,,,,,,,,,
France,4,11,Sergio Perez,Red Bull Racing RBPT,3.0,53,,12.0,1:37.780,2022-07-24,2022,+17.310,No,,,,,,,,,,,,,,,,,,,,,,,,,,,,,,,,,,,,
France,5,55,Carlos Sainz,Ferrari,19.0,53,,11.0,1:35.781,2022-07-24,2022,+28.872,Yes,,,,,,,,,,,,,,,,,,,,,,,,,,,,,,,,,,,,
France,6,14,Fernando Alonso,Alpine Renault,7.0,53,,8.0,1:38.160,2022-07-24,2022,+42.879,No,,,,,,,,,,,,,,,,,,,,,,,,,,,,,,,,,,,,
France,7,4,Lando Norris,McLaren Mercedes,5.0,53,,6.0,1:39.037,2022-07-24,2022,+52.026,No,,,,,,,,,,,,,,,,,,,,,,,,,,,,,,,,,,,,
France,8,31,Esteban Ocon,Alpine Renault,10.0,53,,4.0,1:38.684,2022-07-24,2022,+56.959,No,,,,,,,,,,,,,,,,,,,,,,,,,,,,,,,,,,,,
France,9,3,Daniel Ricciardo,McLaren Mercedes,9.0,53,,2.0,1:39.133,2022-07-24,2022,+60.372,No,,,,,,,,,,,,,,,,,,,,,,,,,,,,,,,,,,,,
France,10,18,Lance Stroll,Aston Martin Aramco Mercedes,15.0,53,,1.0,1:39.185,2022-07-24,2022,+62.549,No,,,,,,,,,,,,,,,,,,,,,,,,,,,,,,,,,,,,
France,11,5,Sebastian Vettel,Aston Martin Aramco Mercedes,12.0,53,,0.0,1:39.044,2022-07-24,2022,+65.448,No,,,,,,,,,,,,,,,,,,,,,,,,,,,,,,,,,,,,
France,12,10,Pierre Gasly,AlphaTauri RBPT,14.0,53,,0.0,1:38.786,2022-07-24,2022,+65.448,No,,,,,,,,,,,,,,,,,,,,,,,,,,,,,,,,,,,,
France,13,23,Alexander Albon,Williams Mercedes,13.0,53,,0.0,1:39.199,2022-07-24,2022,+68.565,No,,,,,,,,,,,,,,,,,,,,,,,,,,,,,,,,,,,,
France,14,77,Valtteri Bottas,Alfa Romeo Ferrari,11.0,53,,0.0,1:37.963,2022-07-24,2022,+76.666,No,,,,,,,,,,,,,,,,,,,,,,,,,,,,,,,,,,,,
France,15,47,Mick Schumacher,Haas Ferrari,17.0,53,,0.0,1:39.068,2022-07-24,2022,+80.394,No,,,,,,,,,,,,,,,,,,,,,,,,,,,,,,,,,,,,
France,16,24,Guanyu Zhou,Alfa Romeo Ferrari,16.0,47,,0.0,1:39.368,2022-07-24,2022,+6 laps,No,,,,,,,,,,,,,,,,,,,,,,,,,,,,,,,,,,,,
France,NC,6,Nicholas Latifi,Williams Mercedes,18.0,40,,0.0,1:39.650,2022-07-24,2022,DNF,No,,,,,,,,,,,,,,,,,,,,,,,,,,,,,,,,,,,,
France,NC,20,Kevin Magnussen,Haas Ferrari,20.0,37,,0.0,1:39.265,2022-07-24,2022,DNF,No,,,,,,,,,,,,,,,,,,,,,,,,,,,,,,,,,,,,
France,NC,16,Charles Leclerc,Ferrari,1.0,17,,0.0,1:38.088,2022-07-24,2022,DNF,No,,,,,,,,,,,,,,,,,,,,,,,,,,,,,,,,,,,,
France,NC,22,Yuki Tsunoda,AlphaTauri RBPT,8.0,17,,0.0,1:40.216,2022-07-24,2022,DNF,No,,,,,,,,,,,,,,,,,,,,,,,,,,,,,,,,,,,,
Hungary,1,1,Max Verstappen,Red Bull Racing RBPT,10.0,70,,25.0,1:22.126,2022-07-31,2022,1:39:25.912,No,,,29.0,19.0,28.0,19.0,25.0,28.0,0.0,72.0,10.0,1014.0,37.25,27.0,15.0,19.0,119.0,116.0,116.0,0.0,6.0,13.5,météo favorable,,,,,,,,,,,,,budapest
Hungary,2,44,Lewis Hamilton,Mercedes,7.0,70,,19.0,1:21.386,2022-07-31,2022,+7.834,Yes,,,29.0,19.0,28.0,19.0,25.0,28.0,0.0,72.0,10.0,1014.0,37.25,27.0,15.0,19.0,119.0,116.0,116.0,0.0,6.0,13.5,météo favorable,,,,,,,,,,,,,budapest
Hungary,3,63,George Russell,Mercedes,1.0,70,,15.0,1:22.766,2022-07-31,2022,+12.337,No,,,29.0,19.0,28.0,19.0,25.0,28.0,0.0,72.0,10.0,1014.0,37.25,27.0,15.0,19.0,119.0,116.0,116.0,0.0,6.0,13.5,météo favorable,,,,,,,,,,,,,budapest
Hungary,4,55,Carlos Sainz,Ferrari,2.0,70,,12.0,1:22.000,2022-07-31,2022,+14.579,No,,,29.0,19.0,28.0,19.0,25.0,28.0,0.0,72.0,10.0,1014.0,37.25,27.0,15.0,19.0,119.0,116.0,116.0,0.0,6.0,13.5,météo favorable,,,,,,,,,,,,,budapest
Hungary,5,11,Sergio Perez,Red Bull Racing RBPT,11.0,70,,10.0,1:21.940,2022-07-31,2022,+15.688,No,,,29.0,19.0,28.0,19.0,25.0,28.0,0.0,72.0,10.0,1014.0,37.25,27.0,15.0,19.0,119.0,116.0,116.0,0.0,6.0,13.5,météo favorable,,,,,,,,,,,,,budapest
Hungary,6,16,Charles Leclerc,Ferrari,3.0,70,,8.0,1:21.622,2022-07-31,2022,+16.047,No,,,29.0,19.0,28.0,19.0,25.0,28.0,0.0,72.0,10.0,1014.0,37.25,27.0,15.0,19.0,119.0,116.0,116.0,0.0,6.0,13.5,météo favorable,,,,,,,,,,,,,budapest
Hungary,7,4,Lando Norris,McLaren Mercedes,4.0,70,,6.0,1:23.043,2022-07-31,2022,+78.300,No,,,29.0,19.0,28.0,19.0,25.0,28.0,0.0,72.0,10.0,1014.0,37.25,27.0,15.0,19.0,119.0,116.0,116.0,0.0,6.0,13.5,météo favorable,,,,,,,,,,,,,budapest
Hungary,8,14,Fernando Alonso,Alpine Renault,6.0,69,,4.0,1:23.979,2022-07-31,2022,+1 lap,No,,,29.0,19.0,28.0,19.0,25.0,28.0,0.0,72.0,10.0,1014.0,37.25,27.0,15.0,19.0,119.0,116.0,116.0,0.0,6.0,13.5,météo favorable,,,,,,,,,,,,,budapest
Hungary,9,31,Esteban Ocon,Alpine Renault,5.0,69,,2.0,1:24.149,2022-07-31,2022,+1 lap,No,,,29.0,19.0,28.0,19.0,25.0,28.0,0.0,72.0,10.0,1014.0,37.25,27.0,15.0,19.0,119.0,116.0,116.0,0.0,6.0,13.5,météo favorable,,,,,,,,,,,,,budapest
Hungary,10,5,Sebastian Vettel,Aston Martin Aramco Mercedes,18.0,69,,1.0,1:22.824,2022-07-31,2022,+1 lap,No,,,29.0,19.0,28.0,19.0,25.0,28.0,0.0,72.0,10.0,1014.0,37.25,27.0,15.0,19.0,119.0,116.0,116.0,0.0,6.0,13.5,météo favorable,,,,,,,,,,,,,budapest
Hungary,11,18,Lance Stroll,Aston Martin Aramco Mercedes,14.0,69,,0.0,1:22.437,2022-07-31,2022,+1 lap,No,,,29.0,19.0,28.0,19.0,25.0,28.0,0.0,72.0,10.0,1014.0,37.25,27.0,15.0,19.0,119.0,116.0,116.0,0.0,6.0,13.5,météo favorable,,,,,,,,,,,,,budapest
Hungary,12,10,Pierre Gasly,AlphaTauri RBPT,20.0,69,,0.0,1:23.199,2022-07-31,2022,+1 lap,No,,,29.0,19.0,28.0,19.0,25.0,28.0,0.0,72.0,10.0,1014.0,37.25,27.0,15.0,19.0,119.0,116.0,116.0,0.0,6.0,13.5,météo favorable,,,,,,,,,,,,,budapest
Hungary,13,24,Guanyu Zhou,Alfa Romeo Ferrari,12.0,69,,0.0,1:22.029,2022-07-31,2022,+1 lap,No,,,29.0,19.0,28.0,19.0,25.0,28.0,0.0,72.0,10.0,1014.0,37.25,27.0,15.0,19.0,119.0,116.0,116.0,0.0,6.0,13.5,météo favorable,,,,,,,,,,,,,budapest
Hungary,14,47,Mick Schumacher,Haas Ferrari,15.0,69,,0.0,1:23.151,2022-07-31,2022,+1 lap,No,,,29.0,19.0,28.0,19.0,25.0,28.0,0.0,72.0,10.0,1014.0,37.25,27.0,15.0,19.0,119.0,116.0,116.0,0.0,6.0,13.5,météo favorable,,,,,,,,,,,,,budapest
Hungary,15,3,Daniel Ricciardo,McLaren Mercedes,9.0,69,,0.0,1:23.654,2022-07-31,2022,+1 lap,No,,,29.0,19.0,28.0,19.0,25.0,28.0,0.0,72.0,10.0,1014.0,37.25,27.0,15.0,19.0,119.0,116.0,116.0,0.0,6.0,13.5,météo favorable,,,,,,,,,,,,,budapest
Hungary,16,20,Kevin Magnussen,Haas Ferrari,13.0,69,,0.0,1:23.511,2022-07-31,2022,+1 lap,No,,,29.0,19.0,28.0,19.0,25.0,28.0,0.0,72.0,10.0,1014.0,37.25,27.0,15.0,19.0,119.0,116.0,116.0,0.0,6.0,13.5,météo favorable,,,,,,,,,,,,,budapest
Hungary,17,23,Alexander Albon,Williams Mercedes,17.0,69,,0.0,1:23.047,2022-07-31,2022,+1 lap,No,,,29.0,19.0,28.0,19.0,25.0,28.0,0.0,72.0,10.0,1014.0,37.25,27.0,15.0,19.0,119.0,116.0,116.0,0.0,6.0,13.5,météo favorable,,,,,,,,,,,,,budapest
Hungary,18,6,Nicholas Latifi,Williams Mercedes,19.0,69,,0.0,1:22.478,2022-07-31,2022,+1 lap,No,,,29.0,19.0,28.0,19.0,25.0,28.0,0.0,72.0,10.0,1014.0,37.25,27.0,15.0,19.0,119.0,116.0,116.0,0.0,6.0,13.5,météo favorable,,,,,,,,,,,,,budapest
Hungary,19,22,Yuki Tsunoda,AlphaTauri RBPT,16.0,68,,0.0,1:23.538,2022-07-31,2022,+2 laps,No,,,29.0,19.0,28.0,19.0,25.0,28.0,0.0,72.0,10.0,1014.0,37.25,27.0,15.0,19.0,119.0,116.0,116.0,0.0,6.0,13.5,météo favorable,,,,,,,,,,,,,budapest
Hungary,20,77,Valtteri Bottas,Alfa Romeo Ferrari,8.0,65,,0.0,1:24.002,2022-07-31,2022,DNF,No,,,29.0,19.0,28.0,19.0,25.0,28.0,0.0,72.0,10.0,1014.0,37.25,27.0,15.0,19.0,119.0,116.0,116.0,0.0,6.0,13.5,météo favorable,,,,,,,,,,,,,budapest
Belgium,1,1,Max Verstappen,Red Bull Racing RBPT,14.0,44,,26.0,1:49.354,2022-08-28,2022,1:25:52.894,Yes,,,25.0,9.0,19.0,9.0,23.0,23.0,0.0,96.0,9.0,1018.0,10.5,25.0,10.0,8.0,143.0,113.0,113.0,0.0,5.0,11.6,météo favorable,,,,,,,,,,,,,durbuy
Belgium,2,11,Sergio Perez,Red Bull Racing RBPT,2.0,44,,18.0,1:50.764,2022-08-28,2022,+17.841,No,,,25.0,9.0,19.0,9.0,23.0,23.0,0.0,96.0,9.0,1018.0,10.5,25.0,10.0,8.0,143.0,113.0,113.0,0.0,5.0,11.6,météo favorable,,,,,,,,,,,,,durbuy
Belgium,3,55,Carlos Sainz,Ferrari,1.0,44,,15.0,1:51.977,2022-08-28,2022,+26.886,No,,,25.0,9.0,19.0,9.0,23.0,23.0,0.0,96.0,9.0,1018.0,10.5,25.0,10.0,8.0,143.0,113.0,113.0,0.0,5.0,11.6,météo favorable,,,,,,,,,,,,,durbuy
Belgium,4,63,George Russell,Mercedes,5.0,44,,12.0,1:50.793,2022-08-28,2022,+29.140,No,,,25.0,9.0,19.0,9.0,23.0,23.0,0.0,96.0,9.0,1018.0,10.5,25.0,10.0,8.0,143.0,113.0,113.0,0.0,5.0,11.6,météo favorable,,,,,,,,,,,,,durbuy
Belgium,5,14,Fernando Alonso,Alpine Renault,3.0,44,,10.0,1:52.868,2022-08-28,2022,+73.256,No,,,25.0,9.0,19.0,9.0,23.0,23.0,0.0,96.0,9.0,1018.0,10.5,25.0,10.0,8.0,143.0,113.0,113.0,0.0,5.0,11.6,météo favorable,,,,,,,,,,,,,durbuy
Belgium,6,16,Charles Leclerc,Ferrari,15.0,44,,8.0,1:49.984,2022-08-28,2022,+74.936,No,,,25.0,9.0,19.0,9.0,23.0,23.0,0.0,96.0,9.0,1018.0,10.5,25.0,10.0,8.0,143.0,113.0,113.0,0.0,5.0,11.6,météo favorable,,,,,,,,,,,,,durbuy
Belgium,7,31,Esteban Ocon,Alpine Renault,16.0,44,,6.0,1:51.717,2022-08-28,2022,+75.640,No,,,25.0,9.0,19.0,9.0,23.0,23.0,0.0,96.0,9.0,1018.0,10.5,25.0,10.0,8.0,143.0,113.0,113.0,0.0,5.0,11.6,météo favorable,,,,,,,,,,,,,durbuy
Belgium,8,5,Sebastian Vettel,Aston Martin Aramco Mercedes,10.0,44,,4.0,1:52.515,2022-08-28,2022,+78.107,No,,,25.0,9.0,19.0,9.0,23.0,23.0,0.0,96.0,9.0,1018.0,10.5,25.0,10.0,8.0,143.0,113.0,113.0,0.0,5.0,11.6,météo favorable,,,,,,,,,,,,,durbuy
Belgium,9,10,Pierre Gasly,AlphaTauri RBPT,8.0,44,,2.0,1:53.002,2022-08-28,2022,+92.181,No,,,25.0,9.0,19.0,9.0,23.0,23.0,0.0,96.0,9.0,1018.0,10.5,25.0,10.0,8.0,143.0,113.0,113.0,0.0,5.0,11.6,météo favorable,,,,,,,,,,,,,durbuy
Belgium,10,23,Alexander Albon,Williams Mercedes,6.0,44,,1.0,1:53.055,2022-08-28,2022,+101.900,No,,,25.0,9.0,19.0,9.0,23.0,23.0,0.0,96.0,9.0,1018.0,10.5,25.0,10.0,8.0,143.0,113.0,113.0,0.0,5.0,11.6,météo favorable,,,,,,,,,,,,,durbuy
Belgium,11,18,Lance Stroll,Aston Martin Aramco Mercedes,9.0,44,,0.0,1:52.880,2022-08-28,2022,+103.078,No,,,25.0,9.0,19.0,9.0,23.0,23.0,0.0,96.0,9.0,1018.0,10.5,25.0,10.0,8.0,143.0,113.0,113.0,0.0,5.0,11.6,météo favorable,,,,,,,,,,,,,durbuy
Belgium,12,4,Lando Norris,McLaren Mercedes,17.0,44,,0.0,1:51.678,2022-08-28,2022,+104.739,No,,,25.0,9.0,19.0,9.0,23.0,23.0,0.0,96.0,9.0,1018.0,10.5,25.0,10.0,8.0,143.0,113.0,113.0,0.0,5.0,11.6,météo favorable,,,,,,,,,,,,,durbuy
Belgium,13,22,Yuki Tsunoda,AlphaTauri RBPT,20.0,44,,0.0,1:52.436,2022-08-28,2022,+105.217,No,,,25.0,9.0,19.0,9.0,23.0,23.0,0.0,96.0,9.0,1018.0,10.5,25.0,10.0,8.0,143.0,113.0,113.0,0.0,5.0,11.6,météo favorable,,,,,,,,,,,,,durbuy
Belgium,14,24,Guanyu Zhou,Alfa Romeo Ferrari,18.0,44,,0.0,1:52.317,2022-08-28,2022,+106.252,No,,,25.0,9.0,19.0,9.0,23.0,23.0,0.0,96.0,9.0,1018.0,10.5,25.0,10.0,8.0,143.0,113.0,113.0,0.0,5.0,11.6,météo favorable,,,,,,,,,,,,,durbuy
Belgium,15,3,Daniel Ricciardo,McLaren Mercedes,7.0,44,,0.0,1:53.080,2022-08-28,2022,+107.163,No,,,25.0,9.0,19.0,9.0,23.0,23.0,0.0,96.0,9.0,1018.0,10.5,25.0,10.0,8.0,143.0,113.0,113.0,0.0,5.0,11.6,météo favorable,,,,,,,,,,,,,durbuy
Belgium,16,20,Kevin Magnussen,Haas Ferrari,12.0,43,,0.0,1:53.332,2022-08-28,2022,+1 lap,No,,,25.0,9.0,19.0,9.0,23.0,23.0,0.0,96.0,9.0,1018.0,10.5,25.0,10.0,8.0,143.0,113.0,113.0,0.0,5.0,11.6,météo favorable,,,,,,,,,,,,,durbuy
Belgium,17,47,Mick Schumacher,Haas Ferrari,19.0,43,,0.0,1:52.646,2022-08-28,2022,+1 lap,No,,,25.0,9.0,19.0,9.0,23.0,23.0,0.0,96.0,9.0,1018.0,10.5,25.0,10.0,8.0,143.0,113.0,113.0,0.0,5.0,11.6,météo favorable,,,,,,,,,,,,,durbuy
Belgium,18,6,Nicholas Latifi,Williams Mercedes,11.0,43,,0.0,1:52.256,2022-08-28,2022,+1 lap,No,,,25.0,9.0,19.0,9.0,23.0,23.0,0.0,96.0,9.0,1018.0,10.5,25.0,10.0,8.0,143.0,113.0,113.0,0.0,5.0,11.6,météo favorable,,,,,,,,,,,,,durbuy
Belgium,NC,77,Valtteri Bottas,Alfa Romeo Ferrari,13.0,1,,0.0,,2022-08-28,2022,DNF,No,,,25.0,9.0,19.0,9.0,23.0,23.0,0.0,96.0,9.0,1018.0,10.5,25.0,10.0,8.0,143.0,113.0,113.0,0.0,5.0,11.6,météo favorable,,,,,,,,,,,,,durbuy
Belgium,NC,44,Lewis Hamilton,Mercedes,4.0,0,,0.0,,2022-08-28,2022,DNF,No,,,25.0,9.0,19.0,9.0,23.0,23.0,0.0,96.0,9.0,1018.0,10.5,25.0,10.0,8.0,143.0,113.0,113.0,0.0,5.0,11.6,météo favorable,,,,,,,,,,,,,durbuy
Netherlands,1,1,Max Verstappen,Red Bull Racing RBPT,1.0,72,,26.0,1:13.652,2022-09-04,2022,1:36:42.773,Yes,,,,,,,,,,,,,,,,,,,,,,,,,,,,,,,,,,,,
Netherlands,2,63,George Russell,Mercedes,6.0,72,,18.0,1:13.671,2022-09-04,2022,+4.071,No,,,,,,,,,,,,,,,,,,,,,,,,,,,,,,,,,,,,
Netherlands,3,16,Charles Leclerc,Ferrari,2.0,72,,15.0,1:14.413,2022-09-04,2022,+10.929,No,,,,,,,,,,,,,,,,,,,,,,,,,,,,,,,,,,,,
Netherlands,4,44,Lewis Hamilton,Mercedes,4.0,72,,12.0,1:13.854,2022-09-04,2022,+13.016,No,,,,,,,,,,,,,,,,,,,,,,,,,,,,,,,,,,,,
Netherlands,5,11,Sergio Perez,Red Bull Racing RBPT,5.0,72,,10.0,1:14.404,2022-09-04,2022,+18.168,No,,,,,,,,,,,,,,,,,,,,,,,,,,,,,,,,,,,,
Netherlands,6,14,Fernando Alonso,Alpine Renault,13.0,72,,8.0,1:14.144,2022-09-04,2022,+18.754,No,,,,,,,,,,,,,,,,,,,,,,,,,,,,,,,,,,,,
Netherlands,7,4,Lando Norris,McLaren Mercedes,7.0,72,,6.0,1:14.706,2022-09-04,2022,+19.306,No,,,,,,,,,,,,,,,,,,,,,,,,,,,,,,,,,,,,
Netherlands,8,55,Carlos Sainz,Ferrari,3.0,72,,4.0,1:14.643,2022-09-04,2022,+20.916,No,,,,,,,,,,,,,,,,,,,,,,,,,,,,,,,,,,,,
Netherlands,9,31,Esteban Ocon,Alpine Renault,12.0,72,,2.0,1:15.084,2022-09-04,2022,+21.117,No,,,,,,,,,,,,,,,,,,,,,,,,,,,,,,,,,,,,
Netherlands,10,18,Lance Stroll,Aston Martin Aramco Mercedes,10.0,72,,1.0,1:15.043,2022-09-04,2022,+22.459,No,,,,,,,,,,,,,,,,,,,,,,,,,,,,,,,,,,,,
Netherlands,11,10,Pierre Gasly,AlphaTauri RBPT,11.0,72,,0.0,1:15.165,2022-09-04,2022,+27.009,No,,,,,,,,,,,,,,,,,,,,,,,,,,,,,,,,,,,,
Netherlands,12,23,Alexander Albon,Williams Mercedes,15.0,72,,0.0,1:15.534,2022-09-04,2022,+30.390,No,,,,,,,,,,,,,,,,,,,,,,,,,,,,,,,,,,,,
Netherlands,13,47,Mick Schumacher,Haas Ferrari,8.0,72,,0.0,1:15.233,2022-09-04,2022,+32.995,No,,,,,,,,,,,,,,,,,,,,,,,,,,,,,,,,,,,,
Netherlands,14,5,Sebastian Vettel,Aston Martin Aramco Mercedes,19.0,72,,0.0,1:14.862,2022-09-04,2022,+36.007,No,,,,,,,,,,,,,,,,,,,,,,,,,,,,,,,,,,,,
Netherlands,15,20,Kevin Magnussen,Haas Ferrari,18.0,72,,0.0,1:15.369,2022-09-04,2022,+36.869,No,,,,,,,,,,,,,,,,,,,,,,,,,,,,,,,,,,,,
Netherlands,16,24,Guanyu Zhou,Alfa Romeo Ferrari,14.0,72,,0.0,1:15.940,2022-09-04,2022,+37.320,No,,,,,,,,,,,,,,,,,,,,,,,,,,,,,,,,,,,,
Netherlands,17,3,Daniel Ricciardo,McLaren Mercedes,17.0,72,,0.0,1:15.577,2022-09-04,2022,+37.764,No,,,,,,,,,,,,,,,,,,,,,,,,,,,,,,,,,,,,
Netherlands,18,6,Nicholas Latifi,Williams Mercedes,20.0,71,,0.0,1:16.066,2022-09-04,2022,+1 lap,No,,,,,,,,,,,,,,,,,,,,,,,,,,,,,,,,,,,,
Netherlands,NC,77,Valtteri Bottas,Alfa Romeo Ferrari,16.0,53,,0.0,1:16.844,2022-09-04,2022,DNF,No,,,,,,,,,,,,,,,,,,,,,,,,,,,,,,,,,,,,
Netherlands,NC,22,Yuki Tsunoda,AlphaTauri RBPT,9.0,43,,0.0,1:17.138,2022-09-04,2022,DNF,No,,,,,,,,,,,,,,,,,,,,,,,,,,,,,,,,,,,,
Italy,1,1,Max Verstappen,Red Bull Racing RBPT,7.0,53,,25.0,1:24.745,2022-09-11,2022,1:20:27.511,No,,,,,,,,,,,,,,,,,,,,,,,,,,,,,,,,,,,,
Italy,2,16,Charles Leclerc,Ferrari,1.0,53,,18.0,1:24.336,2022-09-11,2022,+2.446,No,,,,,,,,,,,,,,,,,,,,,,,,,,,,,,,,,,,,
Italy,3,63,George Russell,Mercedes,2.0,53,,15.0,1:25.288,2022-09-11,2022,+3.405,No,,,,,,,,,,,,,,,,,,,,,,,,,,,,,,,,,,,,
Italy,4,55,Carlos Sainz,Ferrari,18.0,53,,12.0,1:24.446,2022-09-11,2022,+5.061,No,,,,,,,,,,,,,,,,,,,,,,,,,,,,,,,,,,,,
Italy,5,44,Lewis Hamilton,Mercedes,19.0,53,,10.0,1:24.434,2022-09-11,2022,+5.380,No,,,,,,,,,,,,,,,,,,,,,,,,,,,,,,,,,,,,
Italy,6,11,Sergio Perez,Red Bull Racing RBPT,13.0,53,,9.0,1:24.030,2022-09-11,2022,+6.091,Yes,,,,,,,,,,,,,,,,,,,,,,,,,,,,,,,,,,,,
Italy,7,4,Lando Norris,McLaren Mercedes,3.0,53,,6.0,1:24.718,2022-09-11,2022,+6.207,No,,,,,,,,,,,,,,,,,,,,,,,,,,,,,,,,,,,,
Italy,8,10,Pierre Gasly,AlphaTauri RBPT,5.0,53,,4.0,1:26.718,2022-09-11,2022,+6.396,No,,,,,,,,,,,,,,,,,,,,,,,,,,,,,,,,,,,,
Italy,9,45,Nyck De Vries,Williams Mercedes,8.0,53,,2.0,1:26.624,2022-09-11,2022,+7.122,No,,,,,,,,,,,,,,,,,,,,,,,,,,,,,,,,,,,,
Italy,10,24,Guanyu Zhou,Alfa Romeo Ferrari,9.0,53,,1.0,1:26.361,2022-09-11,2022,+7.910,No,,,,,,,,,,,,,,,,,,,,,,,,,,,,,,,,,,,,
Italy,11,31,Esteban Ocon,Alpine Renault,14.0,53,,0.0,1:26.593,2022-09-11,2022,+8.323,No,,,,,,,,,,,,,,,,,,,,,,,,,,,,,,,,,,,,
Italy,12,47,Mick Schumacher,Haas Ferrari,17.0,53,,0.0,1:25.298,2022-09-11,2022,+8.549,No,,,,,,,,,,,,,,,,,,,,,,,,,,,,,,,,,,,,
Italy,13,77,Valtteri Bottas,Alfa Romeo Ferrari,15.0,52,,0.0,1:25.706,2022-09-11,2022,+1 lap,No,,,,,,,,,,,,,,,,,,,,,,,,,,,,,,,,,,,,
Italy,14,22,Yuki Tsunoda,AlphaTauri RBPT,20.0,52,,0.0,1:26.857,2022-09-11,2022,+1 lap,No,,,,,,,,,,,,,,,,,,,,,,,,,,,,,,,,,,,,
Italy,15,6,Nicholas Latifi,Williams Mercedes,10.0,52,,0.0,1:26.798,2022-09-11,2022,+1 lap,No,,,,,,,,,,,,,,,,,,,,,,,,,,,,,,,,,,,,
Italy,16,20,Kevin Magnussen,Haas Ferrari,16.0,52,,0.0,1:26.798,2022-09-11,2022,+1 lap,No,,,,,,,,,,,,,,,,,,,,,,,,,,,,,,,,,,,,
Italy,NC,3,Daniel Ricciardo,McLaren Mercedes,4.0,45,,0.0,1:26.603,2022-09-11,2022,DNF,No,,,,,,,,,,,,,,,,,,,,,,,,,,,,,,,,,,,,
Italy,NC,18,Lance Stroll,Aston Martin Aramco Mercedes,12.0,39,,0.0,1:27.467,2022-09-11,2022,DNF,No,,,,,,,,,,,,,,,,,,,,,,,,,,,,,,,,,,,,
Italy,NC,14,Fernando Alonso,Alpine Renault,6.0,31,,0.0,1:27.203,2022-09-11,2022,DNF,No,,,,,,,,,,,,,,,,,,,,,,,,,,,,,,,,,,,,
Italy,NC,5,Sebastian Vettel,Aston Martin Aramco Mercedes,11.0,10,,0.0,1:27.501,2022-09-11,2022,DNF,No,,,,,,,,,,,,,,,,,,,,,,,,,,,,,,,,,,,,
Singapore,1,11,Sergio Perez,Red Bull Racing RBPT,2.0,59,,25.0,1:48.165,2022-10-02,2022,2:02:20.238,No,,,,,,,,,,,,,,,,,,,,,,,,,,,,,,,,,,,,
Singapore,2,16,Charles Leclerc,Ferrari,1.0,59,,18.0,1:48.753,2022-10-02,2022,+2.595,No,,,,,,,,,,,,,,,,,,,,,,,,,,,,,,,,,,,,
Singapore,3,55,Carlos Sainz,Ferrari,4.0,59,,15.0,1:48.414,2022-10-02,2022,+10.305,No,,,,,,,,,,,,,,,,,,,,,,,,,,,,,,,,,,,,
Singapore,4,4,Lando Norris,McLaren Mercedes,6.0,59,,12.0,1:49.212,2022-10-02,2022,+21.133,No,,,,,,,,,,,,,,,,,,,,,,,,,,,,,,,,,,,,
Singapore,5,3,Daniel Ricciardo,McLaren Mercedes,16.0,59,,10.0,1:51.006,2022-10-02,2022,+53.282,No,,,,,,,,,,,,,,,,,,,,,,,,,,,,,,,,,,,,
Singapore,6,18,Lance Stroll,Aston Martin Aramco Mercedes,11.0,59,,8.0,1:50.283,2022-10-02,2022,+56.330,No,,,,,,,,,,,,,,,,,,,,,,,,,,,,,,,,,,,,
Singapore,7,1,Max Verstappen,Red Bull Racing RBPT,8.0,59,,6.0,1:49.142,2022-10-02,2022,+58.825,No,,,,,,,,,,,,,,,,,,,,,,,,,,,,,,,,,,,,
Singapore,8,5,Sebastian Vettel,Aston Martin Aramco Mercedes,13.0,59,,4.0,1:50.669,2022-10-02,2022,+60.032,No,,,,,,,,,,,,,,,,,,,,,,,,,,,,,,,,,,,,
Singapore,9,44,Lewis Hamilton,Mercedes,3.0,59,,2.0,1:50.622,2022-10-02,2022,+61.515,No,,,,,,,,,,,,,,,,,,,,,,,,,,,,,,,,,,,,
Singapore,10,10,Pierre Gasly,AlphaTauri RBPT,7.0,59,,1.0,1:50.569,2022-10-02,2022,+69.576,No,,,,,,,,,,,,,,,,,,,,,,,,,,,,,,,,,,,,
Singapore,11,77,Valtteri Bottas,Alfa Romeo Ferrari,15.0,59,,0.0,1:51.864,2022-10-02,2022,+88.844,No,,,,,,,,,,,,,,,,,,,,,,,,,,,,,,,,,,,,
Singapore,12,20,Kevin Magnussen,Haas Ferrari,9.0,59,,0.0,1:52.067,2022-10-02,2022,+92.610,No,,,,,,,,,,,,,,,,,,,,,,,,,,,,,,,,,,,,
Singapore,13,47,Mick Schumacher,Haas Ferrari,12.0,58,,0.0,1:50.290,2022-10-02,2022,+1 lap,No,,,,,,,,,,,,,,,,,,,,,,,,,,,,,,,,,,,,
Singapore,14,63,George Russell,Mercedes,20.0,57,,0.0,1:46.458,2022-10-02,2022,+2 laps,No,,,,,,,,,,,,,,,,,,,,,,,,,,,,,,,,,,,,
Singapore,NC,22,Yuki Tsunoda,AlphaTauri RBPT,10.0,34,,0.0,1:58.716,2022-10-02,2022,DNF,No,,,,,,,,,,,,,,,,,,,,,,,,,,,,,,,,,,,,
Singapore,NC,31,Esteban Ocon,Alpine Renault,17.0,26,,0.0,2:01.105,2022-10-02,2022,DNF,No,,,,,,,,,,,,,,,,,,,,,,,,,,,,,,,,,,,,
Singapore,NC,23,Alexander Albon,Williams Mercedes,18.0,25,,0.0,2:02.121,2022-10-02,2022,DNF,No,,,,,,,,,,,,,,,,,,,,,,,,,,,,,,,,,,,,
Singapore,NC,14,Fernando Alonso,Alpine Renault,5.0,20,,0.0,2:00.463,2022-10-02,2022,DNF,No,,,,,,,,,,,,,,,,,,,,,,,,,,,,,,,,,,,,
Singapore,NC,6,Nicholas Latifi,Williams Mercedes,19.0,7,,0.0,2:05.585,2022-10-02,2022,DNF,No,,,,,,,,,,,,,,,,,,,,,,,,,,,,,,,,,,,,
Singapore,NC,24,Guanyu Zhou,Alfa Romeo Ferrari,14.0,6,,0.0,2:05.556,2022-10-02,2022,DNF,No,,,,,,,,,,,,,,,,,,,,,,,,,,,,,,,,,,,,
Japan,1,1,Max Verstappen,Red Bull Racing RBPT,1.0,28,,25.0,1:44.911,2022-10-08,2022,3:01:44.004,No,,,24.0,15.0,10.0,15.0,24.0,21.0,0.6,91.0,10.0,1022.0,32.25,25.0,15.0,15.0,116.0,113.0,116.0,0.0,6.0,11.6,météo favorable,,,,,,,,,,,,,nagoya
Japan,2,11,Sergio Perez,Red Bull Racing RBPT,4.0,28,,18.0,1:46.120,2022-10-08,2022,+27.066,No,,,24.0,15.0,10.0,15.0,24.0,21.0,0.6,91.0,10.0,1022.0,32.25,25.0,15.0,15.0,116.0,113.0,116.0,0.0,6.0,11.6,météo favorable,,,,,,,,,,,,,nagoya
Japan,3,16,Charles Leclerc,Ferrari,2.0,28,,15.0,1:44.489,2022-10-08,2022,+31.763,No,,,24.0,15.0,10.0,15.0,24.0,21.0,0.6,91.0,10.0,1022.0,32.25,25.0,15.0,15.0,116.0,113.0,116.0,0.0,6.0,11.6,météo favorable,,,,,,,,,,,,,nagoya
Japan,4,31,Esteban Ocon,Alpine Renault,5.0,28,,12.0,1:46.559,2022-10-08,2022,+39.685,No,,,24.0,15.0,10.0,15.0,24.0,21.0,0.6,91.0,10.0,1022.0,32.25,25.0,15.0,15.0,116.0,113.0,116.0,0.0,6.0,11.6,météo favorable,,,,,,,,,,,,,nagoya
Japan,5,44,Lewis Hamilton,Mercedes,6.0,28,,10.0,1:45.530,2022-10-08,2022,+40.326,No,,,24.0,15.0,10.0,15.0,24.0,21.0,0.6,91.0,10.0,1022.0,32.25,25.0,15.0,15.0,116.0,113.0,116.0,0.0,6.0,11.6,météo favorable,,,,,,,,,,,,,nagoya
Japan,6,5,Sebastian Vettel,Aston Martin Aramco Mercedes,9.0,28,,8.0,1:46.964,2022-10-08,2022,+46.358,No,,,24.0,15.0,10.0,15.0,24.0,21.0,0.6,91.0,10.0,1022.0,32.25,25.0,15.0,15.0,116.0,113.0,116.0,0.0,6.0,11.6,météo favorable,,,,,,,,,,,,,nagoya
Japan,7,14,Fernando Alonso,Alpine Renault,7.0,28,,6.0,1:44.412,2022-10-08,2022,+46.369,No,,,24.0,15.0,10.0,15.0,24.0,21.0,0.6,91.0,10.0,1022.0,32.25,25.0,15.0,15.0,116.0,113.0,116.0,0.0,6.0,11.6,météo favorable,,,,,,,,,,,,,nagoya
Japan,8,63,George Russell,Mercedes,8.0,28,,4.0,1:47.004,2022-10-08,2022,+47.661,No,,,24.0,15.0,10.0,15.0,24.0,21.0,0.6,91.0,10.0,1022.0,32.25,25.0,15.0,15.0,116.0,113.0,116.0,0.0,6.0,11.6,météo favorable,,,,,,,,,,,,,nagoya
Japan,9,6,Nicholas Latifi,Williams Mercedes,19.0,28,,2.0,1:48.371,2022-10-08,2022,+70.143,No,,,24.0,15.0,10.0,15.0,24.0,21.0,0.6,91.0,10.0,1022.0,32.25,25.0,15.0,15.0,116.0,113.0,116.0,0.0,6.0,11.6,météo favorable,,,,,,,,,,,,,nagoya
Japan,10,4,Lando Norris,McLaren Mercedes,10.0,28,,1.0,1:48.175,2022-10-08,2022,+70.782,No,,,24.0,15.0,10.0,15.0,24.0,21.0,0.6,91.0,10.0,1022.0,32.25,25.0,15.0,15.0,116.0,113.0,116.0,0.0,6.0,11.6,météo favorable,,,,,,,,,,,,,nagoya
Japan,11,3,Daniel Ricciardo,McLaren Mercedes,11.0,28,,0.0,1:47.843,2022-10-08,2022,+72.877,No,,,24.0,15.0,10.0,15.0,24.0,21.0,0.6,91.0,10.0,1022.0,32.25,25.0,15.0,15.0,116.0,113.0,116.0,0.0,6.0,11.6,météo favorable,,,,,,,,,,,,,nagoya
Japan,12,18,Lance Stroll,Aston Martin Aramco Mercedes,18.0,28,,0.0,1:45.205,2022-10-08,2022,+73.904,No,,,24.0,15.0,10.0,15.0,24.0,21.0,0.6,91.0,10.0,1022.0,32.25,25.0,15.0,15.0,116.0,113.0,116.0,0.0,6.0,11.6,météo favorable,,,,,,,,,,,,,nagoya
Japan,13,22,Yuki Tsunoda,AlphaTauri RBPT,13.0,28,,0.0,1:45.893,2022-10-08,2022,+75.599,No,,,24.0,15.0,10.0,15.0,24.0,21.0,0.6,91.0,10.0,1022.0,32.25,25.0,15.0,15.0,116.0,113.0,116.0,0.0,6.0,11.6,météo favorable,,,,,,,,,,,,,nagoya
Japan,14,20,Kevin Magnussen,Haas Ferrari,17.0,28,,0.0,1:48.072,2022-10-08,2022,+86.016,No,,,24.0,15.0,10.0,15.0,24.0,21.0,0.6,91.0,10.0,1022.0,32.25,25.0,15.0,15.0,116.0,113.0,116.0,0.0,6.0,11.6,météo favorable,,,,,,,,,,,,,nagoya
Japan,15,77,Valtteri Bottas,Alfa Romeo Ferrari,12.0,28,,0.0,1:47.820,2022-10-08,2022,+86.496,No,,,24.0,15.0,10.0,15.0,24.0,21.0,0.6,91.0,10.0,1022.0,32.25,25.0,15.0,15.0,116.0,113.0,116.0,0.0,6.0,11.6,météo favorable,,,,,,,,,,,,,nagoya
Japan,16,24,Guanyu Zhou,Alfa Romeo Ferrari,14.0,28,,0.0,1:44.411,2022-10-08,2022,+87.043,No,,,24.0,15.0,10.0,15.0,24.0,21.0,0.6,91.0,10.0,1022.0,32.25,25.0,15.0,15.0,116.0,113.0,116.0,0.0,6.0,11.6,météo favorable,,,,,,,,,,,,,nagoya
Japan,17,47,Mick Schumacher,Haas Ferrari,15.0,28,,0.0,1:46.545,2022-10-08,2022,+92.523,No,,,24.0,15.0,10.0,15.0,24.0,21.0,0.6,91.0,10.0,1022.0,32.25,25.0,15.0,15.0,116.0,113.0,116.0,0.0,6.0,11.6,météo favorable,,,,,,,,,,,,,nagoya
Japan,18,10,Pierre Gasly,AlphaTauri RBPT,20.0,28,,0.0,1:45.387,2022-10-08,2022,+108.091,No,,,24.0,15.0,10.0,15.0,24.0,21.0,0.6,91.0,10.0,1022.0,32.25,25.0,15.0,15.0,116.0,113.0,116.0,0.0,6.0,11.6,météo favorable,,,,,,,,,,,,,nagoya
Japan,NC,55,Carlos Sainz,Ferrari,3.0,0,,0.0,,2022-10-08,2022,DNF,No,,,24.0,15.0,10.0,15.0,24.0,21.0,0.6,91.0,10.0,1022.0,32.25,25.0,15.0,15.0,116.0,113.0,116.0,0.0,6.0,11.6,météo favorable,,,,,,,,,,,,,nagoya
Japan,NC,23,Alexander Albon,Williams Mercedes,16.0,0,,0.0,,2022-10-08,2022,DNF,No,,,24.0,15.0,10.0,15.0,24.0,21.0,0.6,91.0,10.0,1022.0,32.25,25.0,15.0,15.0,116.0,113.0,116.0,0.0,6.0,11.6,météo favorable,,,,,,,,,,,,,nagoya
United States,1,1,Max Verstappen,Red Bull Racing RBPT,2.0,56,,25.0,1:39.541,2022-10-23,2022,1:42:11.687,No,,,,,,,,,,,,,,,,,,,,,,,,,,,,,,,,,,,,
United States,2,44,Lewis Hamilton,Mercedes,3.0,56,,18.0,1:39.830,2022-10-23,2022,+5.023,No,,,,,,,,,,,,,,,,,,,,,,,,,,,,,,,,,,,,
United States,3,16,Charles Leclerc,Ferrari,12.0,56,,15.0,1:39.731,2022-10-23,2022,+7.501,No,,,,,,,,,,,,,,,,,,,,,,,,,,,,,,,,,,,,
United States,4,11,Sergio Perez,Red Bull Racing RBPT,9.0,56,,12.0,1:39.563,2022-10-23,2022,+8.293,No,,,,,,,,,,,,,,,,,,,,,,,,,,,,,,,,,,,,
United States,5,63,George Russell,Mercedes,4.0,56,,11.0,1:38.788,2022-10-23,2022,+44.815,Yes,,,,,,,,,,,,,,,,,,,,,,,,,,,,,,,,,,,,
United States,6,4,Lando Norris,McLaren Mercedes,6.0,56,,8.0,1:41.322,2022-10-23,2022,+53.785,No,,,,,,,,,,,,,,,,,,,,,,,,,,,,,,,,,,,,
United States,7,14,Fernando Alonso,Alpine Renault,14.0,56,,6.0,1:41.804,2022-10-23,2022,+55.078,No,,,,,,,,,,,,,,,,,,,,,,,,,,,,,,,,,,,,
United States,8,5,Sebastian Vettel,Aston Martin Aramco Mercedes,10.0,56,,4.0,1:41.538,2022-10-23,2022,+65.354,No,,,,,,,,,,,,,,,,,,,,,,,,,,,,,,,,,,,,
United States,9,20,Kevin Magnussen,Haas Ferrari,13.0,56,,2.0,1:42.546,2022-10-23,2022,+65.834,No,,,,,,,,,,,,,,,,,,,,,,,,,,,,,,,,,,,,
United States,10,22,Yuki Tsunoda,AlphaTauri RBPT,19.0,56,,1.0,1:42.206,2022-10-23,2022,+70.919,No,,,,,,,,,,,,,,,,,,,,,,,,,,,,,,,,,,,,
United States,11,31,Esteban Ocon,Alpine Renault,20.0,56,,0.0,1:41.243,2022-10-23,2022,+72.875,No,,,,,,,,,,,,,,,,,,,,,,,,,,,,,,,,,,,,
United States,12,24,Guanyu Zhou,Alfa Romeo Ferrari,18.0,56,,0.0,1:42.394,2022-10-23,2022,+76.164,No,,,,,,,,,,,,,,,,,,,,,,,,,,,,,,,,,,,,
United States,13,23,Alexander Albon,Williams Mercedes,8.0,56,,0.0,1:42.471,2022-10-23,2022,+80.057,No,,,,,,,,,,,,,,,,,,,,,,,,,,,,,,,,,,,,
United States,14,10,Pierre Gasly,AlphaTauri RBPT,11.0,56,,0.0,1:41.674,2022-10-23,2022,+81.763,No,,,,,,,,,,,,,,,,,,,,,,,,,,,,,,,,,,,,
United States,15,47,Mick Schumacher,Haas Ferrari,16.0,56,,0.0,1:42.320,2022-10-23,2022,+84.490,No,,,,,,,,,,,,,,,,,,,,,,,,,,,,,,,,,,,,
United States,16,3,Daniel Ricciardo,McLaren Mercedes,15.0,56,,0.0,1:42.420,2022-10-23,2022,+90.487,No,,,,,,,,,,,,,,,,,,,,,,,,,,,,,,,,,,,,
United States,17,6,Nicholas Latifi,Williams Mercedes,17.0,56,,0.0,1:43.485,2022-10-23,2022,+103.588,No,,,,,,,,,,,,,,,,,,,,,,,,,,,,,,,,,,,,
United States,NC,18,Lance Stroll,Aston Martin Aramco Mercedes,5.0,21,,0.0,1:43.080,2022-10-23,2022,DNF,No,,,,,,,,,,,,,,,,,,,,,,,,,,,,,,,,,,,,
United States,NC,77,Valtteri Bottas,Alfa Romeo Ferrari,7.0,16,,0.0,1:43.391,2022-10-23,2022,DNF,No,,,,,,,,,,,,,,,,,,,,,,,,,,,,,,,,,,,,
United States,NC,55,Carlos Sainz,Ferrari,1.0,1,,0.0,,2022-10-23,2022,DNF,No,,,,,,,,,,,,,,,,,,,,,,,,,,,,,,,,,,,,
Mexico,1,1,Max Verstappen,Red Bull Racing RBPT,1.0,71,,25.0,1:22.046,2022-10-30,2022,1:38:36.729,No,,,,,,,,,,,,,,,,,,,,,,,,,,,,,,,,,,,,
Mexico,2,44,Lewis Hamilton,Mercedes,3.0,71,,18.0,1:22.062,2022-10-30,2022,+15.186,No,,,,,,,,,,,,,,,,,,,,,,,,,,,,,,,,,,,,
Mexico,3,11,Sergio Perez,Red Bull Racing RBPT,4.0,71,,15.0,1:21.775,2022-10-30,2022,+18.097,No,,,,,,,,,,,,,,,,,,,,,,,,,,,,,,,,,,,,
Mexico,4,63,George Russell,Mercedes,2.0,71,,13.0,1:20.153,2022-10-30,2022,+49.431,Yes,,,,,,,,,,,,,,,,,,,,,,,,,,,,,,,,,,,,
Mexico,5,55,Carlos Sainz,Ferrari,5.0,71,,10.0,1:22.199,2022-10-30,2022,+58.123,No,,,,,,,,,,,,,,,,,,,,,,,,,,,,,,,,,,,,
Mexico,6,16,Charles Leclerc,Ferrari,7.0,71,,8.0,1:22.603,2022-10-30,2022,+68.774,No,,,,,,,,,,,,,,,,,,,,,,,,,,,,,,,,,,,,
Mexico,7,3,Daniel Ricciardo,McLaren Mercedes,11.0,70,,6.0,1:22.022,2022-10-30,2022,+1 lap,No,,,,,,,,,,,,,,,,,,,,,,,,,,,,,,,,,,,,
Mexico,8,31,Esteban Ocon,Alpine Renault,10.0,70,,4.0,1:23.279,2022-10-30,2022,+1 lap,No,,,,,,,,,,,,,,,,,,,,,,,,,,,,,,,,,,,,
Mexico,9,4,Lando Norris,McLaren Mercedes,8.0,70,,2.0,1:23.402,2022-10-30,2022,+1 lap,No,,,,,,,,,,,,,,,,,,,,,,,,,,,,,,,,,,,,
Mexico,10,77,Valtteri Bottas,Alfa Romeo Ferrari,6.0,70,,1.0,1:23.363,2022-10-30,2022,+1 lap,No,,,,,,,,,,,,,,,,,,,,,,,,,,,,,,,,,,,,
Mexico,11,10,Pierre Gasly,AlphaTauri RBPT,14.0,70,,0.0,1:22.277,2022-10-30,2022,+1 lap,No,,,,,,,,,,,,,,,,,,,,,,,,,,,,,,,,,,,,
Mexico,12,23,Alexander Albon,Williams Mercedes,17.0,70,,0.0,1:22.914,2022-10-30,2022,+1 lap,No,,,,,,,,,,,,,,,,,,,,,,,,,,,,,,,,,,,,
Mexico,13,24,Guanyu Zhou,Alfa Romeo Ferrari,12.0,70,,0.0,1:22.260,2022-10-30,2022,+1 lap,No,,,,,,,,,,,,,,,,,,,,,,,,,,,,,,,,,,,,
Mexico,14,5,Sebastian Vettel,Aston Martin Aramco Mercedes,16.0,70,,0.0,1:23.086,2022-10-30,2022,+1 lap,No,,,,,,,,,,,,,,,,,,,,,,,,,,,,,,,,,,,,
Mexico,15,18,Lance Stroll,Aston Martin Aramco Mercedes,20.0,70,,0.0,1:22.463,2022-10-30,2022,+1 lap,No,,,,,,,,,,,,,,,,,,,,,,,,,,,,,,,,,,,,
Mexico,16,47,Mick Schumacher,Haas Ferrari,15.0,70,,0.0,1:23.641,2022-10-30,2022,+1 lap,No,,,,,,,,,,,,,,,,,,,,,,,,,,,,,,,,,,,,
Mexico,17,20,Kevin Magnussen,Haas Ferrari,19.0,70,,0.0,1:23.300,2022-10-30,2022,+1 lap,No,,,,,,,,,,,,,,,,,,,,,,,,,,,,,,,,,,,,
Mexico,18,6,Nicholas Latifi,Williams Mercedes,18.0,69,,0.0,1:23.709,2022-10-30,2022,+2 laps,No,,,,,,,,,,,,,,,,,,,,,,,,,,,,,,,,,,,,
Mexico,19,14,Fernando Alonso,Alpine Renault,9.0,63,,0.0,1:22.866,2022-10-30,2022,DNF,No,,,,,,,,,,,,,,,,,,,,,,,,,,,,,,,,,,,,
Mexico,NC,22,Yuki Tsunoda,AlphaTauri RBPT,13.0,50,,0.0,1:23.403,2022-10-30,2022,DNF,No,,,,,,,,,,,,,,,,,,,,,,,,,,,,,,,,,,,,
Brazil,1,63,George Russell,Mercedes,1.0,71,,26.0,1:13.785,2022-11-13,2022,1:38:34.044,Yes,,,,,,,,,,,,,,,,,,,,,,,,,,,,,,,,,,,,
Brazil,2,44,Lewis Hamilton,Mercedes,2.0,71,,18.0,1:13.942,2022-11-13,2022,+1.529,No,,,,,,,,,,,,,,,,,,,,,,,,,,,,,,,,,,,,
Brazil,3,55,Carlos Sainz,Ferrari,7.0,71,,15.0,1:13.953,2022-11-13,2022,+4.051,No,,,,,,,,,,,,,,,,,,,,,,,,,,,,,,,,,,,,
Brazil,4,16,Charles Leclerc,Ferrari,5.0,71,,12.0,1:14.253,2022-11-13,2022,+8.441,No,,,,,,,,,,,,,,,,,,,,,,,,,,,,,,,,,,,,
Brazil,5,14,Fernando Alonso,Alpine Renault,17.0,71,,10.0,1:14.164,2022-11-13,2022,+9.561,No,,,,,,,,,,,,,,,,,,,,,,,,,,,,,,,,,,,,
Brazil,6,1,Max Verstappen,Red Bull Racing RBPT,3.0,71,,8.0,1:14.195,2022-11-13,2022,+10.056,No,,,,,,,,,,,,,,,,,,,,,,,,,,,,,,,,,,,,
Brazil,7,11,Sergio Perez,Red Bull Racing RBPT,4.0,71,,6.0,1:14.283,2022-11-13,2022,+14.080,No,,,,,,,,,,,,,,,,,,,,,,,,,,,,,,,,,,,,
Brazil,8,31,Esteban Ocon,Alpine Renault,16.0,71,,4.0,1:15.093,2022-11-13,2022,+18.690,No,,,,,,,,,,,,,,,,,,,,,,,,,,,,,,,,,,,,
Brazil,9,77,Valtteri Bottas,Alfa Romeo Ferrari,14.0,71,,2.0,1:15.511,2022-11-13,2022,+22.552,No,,,,,,,,,,,,,,,,,,,,,,,,,,,,,,,,,,,,
Brazil,10,18,Lance Stroll,Aston Martin Aramco Mercedes,15.0,71,,1.0,1:14.831,2022-11-13,2022,+23.552,No,,,,,,,,,,,,,,,,,,,,,,,,,,,,,,,,,,,,
Brazil,11,5,Sebastian Vettel,Aston Martin Aramco Mercedes,9.0,71,,0.0,1:15.549,2022-11-13,2022,+26.183,No,,,,,,,,,,,,,,,,,,,,,,,,,,,,,,,,,,,,
Brazil,12,24,Guanyu Zhou,Alfa Romeo Ferrari,13.0,71,,0.0,1:15.802,2022-11-13,2022,+29.325,No,,,,,,,,,,,,,,,,,,,,,,,,,,,,,,,,,,,,
Brazil,13,47,Mick Schumacher,Haas Ferrari,12.0,71,,0.0,1:15.251,2022-11-13,2022,+29.899,No,,,,,,,,,,,,,,,,,,,,,,,,,,,,,,,,,,,,
Brazil,14,10,Pierre Gasly,AlphaTauri RBPT,10.0,71,,0.0,1:15.327,2022-11-13,2022,+31.867,No,,,,,,,,,,,,,,,,,,,,,,,,,,,,,,,,,,,,
Brazil,15,23,Alexander Albon,Williams Mercedes,19.0,71,,0.0,1:15.613,2022-11-13,2022,+36.016,No,,,,,,,,,,,,,,,,,,,,,,,,,,,,,,,,,,,,
Brazil,16,6,Nicholas Latifi,Williams Mercedes,18.0,71,,0.0,1:15.327,2022-11-13,2022,+37.038,No,,,,,,,,,,,,,,,,,,,,,,,,,,,,,,,,,,,,
Brazil,17,22,Yuki Tsunoda,AlphaTauri RBPT,20.0,71,,0.0,1:15.508,2022-11-13,2022,+1 lap,No,,,,,,,,,,,,,,,,,,,,,,,,,,,,,,,,,,,,
Brazil,NC,4,Lando Norris,McLaren Mercedes,6.0,50,,0.0,1:15.855,2022-11-13,2022,DNF,No,,,,,,,,,,,,,,,,,,,,,,,,,,,,,,,,,,,,
Brazil,NC,20,Kevin Magnussen,Haas Ferrari,8.0,0,,0.0,,2022-11-13,2022,DNF,No,,,,,,,,,,,,,,,,,,,,,,,,,,,,,,,,,,,,
Brazil,NC,3,Daniel Ricciardo,McLaren Mercedes,11.0,0,,0.0,,2022-11-13,2022,DNF,No,,,,,,,,,,,,,,,,,,,,,,,,,,,,,,,,,,,,
Abu Dhabi,1,1,Max Verstappen,Red Bull Racing RBPT,1.0,58,,25.0,1:29.392,2022-11-20,2022,1:27:45.914,No,,,,,,,,,,,,,,,,,,,,,,,,,,,,,,,,,,,,
Abu Dhabi,2,16,Charles Leclerc,Ferrari,3.0,58,,18.0,1:29.719,2022-11-20,2022,+8.771,No,,,,,,,,,,,,,,,,,,,,,,,,,,,,,,,,,,,,
Abu Dhabi,3,11,Sergio Perez,Red Bull Racing RBPT,2.0,58,,15.0,1:28.972,2022-11-20,2022,+10.093,No,,,,,,,,,,,,,,,,,,,,,,,,,,,,,,,,,,,,
Abu Dhabi,4,55,Carlos Sainz,Ferrari,4.0,58,,12.0,1:28.879,2022-11-20,2022,+24.892,No,,,,,,,,,,,,,,,,,,,,,,,,,,,,,,,,,,,,
Abu Dhabi,5,63,George Russell,Mercedes,6.0,58,,10.0,1:28.836,2022-11-20,2022,+35.888,No,,,,,,,,,,,,,,,,,,,,,,,,,,,,,,,,,,,,
Abu Dhabi,6,4,Lando Norris,McLaren Mercedes,7.0,58,,9.0,1:28.391,2022-11-20,2022,+56.234,Yes,,,,,,,,,,,,,,,,,,,,,,,,,,,,,,,,,,,,
Abu Dhabi,7,31,Esteban Ocon,Alpine Renault,8.0,58,,6.0,1:29.333,2022-11-20,2022,+57.240,No,,,,,,,,,,,,,,,,,,,,,,,,,,,,,,,,,,,,
Abu Dhabi,8,18,Lance Stroll,Aston Martin Aramco Mercedes,14.0,58,,4.0,1:29.620,2022-11-20,2022,+76.931,No,,,,,,,,,,,,,,,,,,,,,,,,,,,,,,,,,,,,
Abu Dhabi,9,3,Daniel Ricciardo,McLaren Mercedes,13.0,58,,2.0,1:30.785,2022-11-20,2022,+83.268,No,,,,,,,,,,,,,,,,,,,,,,,,,,,,,,,,,,,,
Abu Dhabi,10,5,Sebastian Vettel,Aston Martin Aramco Mercedes,9.0,58,,1.0,1:30.312,2022-11-20,2022,+83.898,No,,,,,,,,,,,,,,,,,,,,,,,,,,,,,,,,,,,,
Abu Dhabi,11,22,Yuki Tsunoda,AlphaTauri RBPT,11.0,58,,0.0,1:29.489,2022-11-20,2022,+89.371,No,,,,,,,,,,,,,,,,,,,,,,,,,,,,,,,,,,,,
Abu Dhabi,12,24,Guanyu Zhou,Alfa Romeo Ferrari,15.0,57,,0.0,1:29.600,2022-11-20,2022,+1 lap,No,,,,,,,,,,,,,,,,,,,,,,,,,,,,,,,,,,,,
Abu Dhabi,13,23,Alexander Albon,Williams Mercedes,19.0,57,,0.0,1:29.939,2022-11-20,2022,+1 lap,No,,,,,,,,,,,,,,,,,,,,,,,,,,,,,,,,,,,,
Abu Dhabi,14,10,Pierre Gasly,AlphaTauri RBPT,17.0,57,,0.0,1:31.081,2022-11-20,2022,+1 lap,No,,,,,,,,,,,,,,,,,,,,,,,,,,,,,,,,,,,,
Abu Dhabi,15,77,Valtteri Bottas,Alfa Romeo Ferrari,18.0,57,,0.0,1:30.352,2022-11-20,2022,+1 lap,No,,,,,,,,,,,,,,,,,,,,,,,,,,,,,,,,,,,,
Abu Dhabi,16,47,Mick Schumacher,Haas Ferrari,12.0,57,,0.0,1:29.833,2022-11-20,2022,+1 lap,No,,,,,,,,,,,,,,,,,,,,,,,,,,,,,,,,,,,,
Abu Dhabi,17,20,Kevin Magnussen,Haas Ferrari,16.0,57,,0.0,1:31.158,2022-11-20,2022,+1 lap,No,,,,,,,,,,,,,,,,,,,,,,,,,,,,,,,,,,,,
Abu Dhabi,18,44,Lewis Hamilton,Mercedes,5.0,55,,0.0,1:29.788,2022-11-20,2022,DNF,No,,,,,,,,,,,,,,,,,,,,,,,,,,,,,,,,,,,,
Abu Dhabi,19,6,Nicholas Latifi,Williams Mercedes,20.0,55,,0.0,1:30.309,2022-11-20,2022,DNF,No,,,,,,,,,,,,,,,,,,,,,,,,,,,,,,,,,,,,
Abu Dhabi,NC,14,Fernando Alonso,Alpine Renault,10.0,27,,0.0,1:30.579,2022-11-20,2022,DNF,No,,,,,,,,,,,,,,,,,,,,,,,,,,,,,,,,,,,,
Bahrain,1,1,Max Verstappen,Red Bull Racing Honda RBPT,1.0,57,,25.0,,2023-03-05,2023,1:33:56.736,,No,1:36.236,26.0,21.0,16.0,21.0,23.0,26.0,0.0,65.0,10.0,1021.0,3.75,26.0,15.0,21.0,113.0,113.0,113.0,0.0,6.0,11.6,météo idéale,,,,,,,,,,,,,manama
Bahrain,2,11,Sergio Perez,Red Bull Racing Honda RBPT,2.0,57,,18.0,,2023-03-05,2023,+11.987,,No,1:36.344,26.0,21.0,16.0,21.0,23.0,26.0,0.0,65.0,10.0,1021.0,3.75,26.0,15.0,21.0,113.0,113.0,113.0,0.0,6.0,11.6,météo idéale,,,,,,,,,,,,,manama
Bahrain,3,14,Fernando Alonso,Aston Martin Aramco Mercedes,5.0,57,,15.0,,2023-03-05,2023,+38.637,,No,1:36.156,26.0,21.0,16.0,21.0,23.0,26.0,0.0,65.0,10.0,1021.0,3.75,26.0,15.0,21.0,113.0,113.0,113.0,0.0,6.0,11.6,météo idéale,,,,,,,,,,,,,manama
Bahrain,4,55,Carlos Sainz,Ferrari,4.0,57,,12.0,,2023-03-05,2023,+48.052,,No,1:37.130,26.0,21.0,16.0,21.0,23.0,26.0,0.0,65.0,10.0,1021.0,3.75,26.0,15.0,21.0,113.0,113.0,113.0,0.0,6.0,11.6,météo idéale,,,,,,,,,,,,,manama
Bahrain,5,44,Lewis Hamilton,Mercedes,7.0,57,,10.0,,2023-03-05,2023,+50.977,,No,1:36.546,26.0,21.0,16.0,21.0,23.0,26.0,0.0,65.0,10.0,1021.0,3.75,26.0,15.0,21.0,113.0,113.0,113.0,0.0,6.0,11.6,météo idéale,,,,,,,,,,,,,manama
Bahrain,6,18,Lance Stroll,Aston Martin Aramco Mercedes,8.0,57,,8.0,,2023-03-05,2023,+54.502,,No,1:36.546,26.0,21.0,16.0,21.0,23.0,26.0,0.0,65.0,10.0,1021.0,3.75,26.0,15.0,21.0,113.0,113.0,113.0,0.0,6.0,11.6,météo idéale,,,,,,,,,,,,,manama
Bahrain,7,63,George Russell,Mercedes,6.0,57,,6.0,,2023-03-05,2023,+55.873,,No,1:37.221,26.0,21.0,16.0,21.0,23.0,26.0,0.0,65.0,10.0,1021.0,3.75,26.0,15.0,21.0,113.0,113.0,113.0,0.0,6.0,11.6,météo idéale,,,,,,,,,,,,,manama
Bahrain,8,77,Valtteri Bottas,Alfa Romeo Ferrari,12.0,57,,4.0,,2023-03-05,2023,+72.647,,No,1:37.379,26.0,21.0,16.0,21.0,23.0,26.0,0.0,65.0,10.0,1021.0,3.75,26.0,15.0,21.0,113.0,113.0,113.0,0.0,6.0,11.6,météo idéale,,,,,,,,,,,,,manama
Bahrain,9,10,Pierre Gasly,Alpine Renault,20.0,57,,2.0,,2023-03-05,2023,+73.753,,No,1:35.068,26.0,21.0,16.0,21.0,23.0,26.0,0.0,65.0,10.0,1021.0,3.75,26.0,15.0,21.0,113.0,113.0,113.0,0.0,6.0,11.6,météo idéale,,,,,,,,,,,,,manama
Bahrain,10,23,Alexander Albon,Williams Mercedes,15.0,57,,1.0,,2023-03-05,2023,+89.774,,No,1:37.144,26.0,21.0,16.0,21.0,23.0,26.0,0.0,65.0,10.0,1021.0,3.75,26.0,15.0,21.0,113.0,113.0,113.0,0.0,6.0,11.6,météo idéale,,,,,,,,,,,,,manama
Bahrain,11,22,Yuki Tsunoda,AlphaTauri Honda RBPT,14.0,57,,0.0,,2023-03-05,2023,+90.870,,No,1:36.637,26.0,21.0,16.0,21.0,23.0,26.0,0.0,65.0,10.0,1021.0,3.75,26.0,15.0,21.0,113.0,113.0,113.0,0.0,6.0,11.6,météo idéale,,,,,,,,,,,,,manama
Bahrain,12,2,Logan Sargeant,Williams Mercedes,16.0,56,,0.0,,2023-03-05,2023,+1 lap,,No,1:36.037,26.0,21.0,16.0,21.0,23.0,26.0,0.0,65.0,10.0,1021.0,3.75,26.0,15.0,21.0,113.0,113.0,113.0,0.0,6.0,11.6,météo idéale,,,,,,,,,,,,,manama
Bahrain,13,20,Kevin Magnussen,Haas Ferrari,17.0,56,,0.0,,2023-03-05,2023,+1 lap,,No,1:36.471,26.0,21.0,16.0,21.0,23.0,26.0,0.0,65.0,10.0,1021.0,3.75,26.0,15.0,21.0,113.0,113.0,113.0,0.0,6.0,11.6,météo idéale,,,,,,,,,,,,,manama
Bahrain,14,21,Nyck De Vries,AlphaTauri Honda RBPT,19.0,56,,0.0,,2023-03-05,2023,+1 lap,,No,1:37.709,26.0,21.0,16.0,21.0,23.0,26.0,0.0,65.0,10.0,1021.0,3.75,26.0,15.0,21.0,113.0,113.0,113.0,0.0,6.0,11.6,météo idéale,,,,,,,,,,,,,manama
Bahrain,15,27,Nico Hulkenberg,Haas Ferrari,10.0,56,,0.0,,2023-03-05,2023,+1 lap,,No,1:36.616,26.0,21.0,16.0,21.0,23.0,26.0,0.0,65.0,10.0,1021.0,3.75,26.0,15.0,21.0,113.0,113.0,113.0,0.0,6.0,11.6,météo idéale,,,,,,,,,,,,,manama
Bahrain,16,24,Guanyu Zhou,Alfa Romeo Ferrari,13.0,56,,0.0,,2023-03-05,2023,+1 lap,,Yes,1:33.996,26.0,21.0,16.0,21.0,23.0,26.0,0.0,65.0,10.0,1021.0,3.75,26.0,15.0,21.0,113.0,113.0,113.0,0.0,6.0,11.6,météo idéale,,,,,,,,,,,,,manama
Bahrain,17,4,Lando Norris,McLaren Mercedes,11.0,55,,0.0,,2023-03-05,2023,+2 laps,,No,1:35.822,26.0,21.0,16.0,21.0,23.0,26.0,0.0,65.0,10.0,1021.0,3.75,26.0,15.0,21.0,113.0,113.0,113.0,0.0,6.0,11.6,météo idéale,,,,,,,,,,,,,manama
Bahrain,NC,31,Esteban Ocon,Alpine Renault,9.0,41,,0.0,,2023-03-05,2023,DNF,,No,1:36.797,26.0,21.0,16.0,21.0,23.0,26.0,0.0,65.0,10.0,1021.0,3.75,26.0,15.0,21.0,113.0,113.0,113.0,0.0,6.0,11.6,météo idéale,,,,,,,,,,,,,manama
Bahrain,NC,16,Charles Leclerc,Ferrari,3.0,39,,0.0,,2023-03-05,2023,DNF,,No,1:37.170,26.0,21.0,16.0,21.0,23.0,26.0,0.0,65.0,10.0,1021.0,3.75,26.0,15.0,21.0,113.0,113.0,113.0,0.0,6.0,11.6,météo idéale,,,,,,,,,,,,,manama
Bahrain,NC,81,Oscar Piastri,McLaren Mercedes,18.0,13,,0.0,,2023-03-05,2023,DNF,,No,1:40.691,26.0,21.0,16.0,21.0,23.0,26.0,0.0,65.0,10.0,1021.0,3.75,26.0,15.0,21.0,113.0,113.0,113.0,0.0,6.0,11.6,météo idéale,,,,,,,,,,,,,manama
Saudi Arabia,1,11,Sergio Perez,Red Bull Racing Honda RBPT,1.0,50,,25.0,,2023-05-19,2023,1:21:14.894,,No,1:32.188,,,,,,,,,,,,,,,,,,,,,,,,,,,,,,,,,,
Saudi Arabia,2,1,Max Verstappen,Red Bull Racing Honda RBPT,15.0,50,,19.0,,2023-05-19,2023,+5.335,,Yes,1:31.906,,,,,,,,,,,,,,,,,,,,,,,,,,,,,,,,,,
Saudi Arabia,3,14,Fernando Alonso,Aston Martin Aramco Mercedes,2.0,50,,15.0,,2023-05-19,2023,+20.728,,No,1:32.240,,,,,,,,,,,,,,,,,,,,,,,,,,,,,,,,,,
Saudi Arabia,4,63,George Russell,Mercedes,3.0,50,,12.0,,2023-05-19,2023,+25.866,,No,1:32.433,,,,,,,,,,,,,,,,,,,,,,,,,,,,,,,,,,
Saudi Arabia,5,44,Lewis Hamilton,Mercedes,7.0,50,,10.0,,2023-05-19,2023,+31.065,,No,1:32.941,,,,,,,,,,,,,,,,,,,,,,,,,,,,,,,,,,
Saudi Arabia,6,55,Carlos Sainz,Ferrari,4.0,50,,8.0,,2023-05-19,2023,+35.876,,No,1:32.822,,,,,,,,,,,,,,,,,,,,,,,,,,,,,,,,,,
Saudi Arabia,7,16,Charles Leclerc,Ferrari,12.0,50,,6.0,,2023-05-19,2023,+43.162,,No,1:33.056,,,,,,,,,,,,,,,,,,,,,,,,,,,,,,,,,,
Saudi Arabia,8,31,Esteban Ocon,Alpine Renault,6.0,50,,4.0,,2023-05-19,2023,+52.832,,No,1:33.222,,,,,,,,,,,,,,,,,,,,,,,,,,,,,,,,,,
Saudi Arabia,9,10,Pierre Gasly,Alpine Renault,9.0,50,,2.0,,2023-05-19,2023,+54.747,,No,1:33.392,,,,,,,,,,,,,,,,,,,,,,,,,,,,,,,,,,
Saudi Arabia,10,20,Kevin Magnussen,Haas Ferrari,13.0,50,,1.0,,2023-05-19,2023,+64.826,,No,1:33.374,,,,,,,,,,,,,,,,,,,,,,,,,,,,,,,,,,
Saudi Arabia,11,22,Yuki Tsunoda,AlphaTauri Honda RBPT,16.0,50,,0.0,,2023-05-19,2023,+67.494,,No,1:33.931,,,,,,,,,,,,,,,,,,,,,,,,,,,,,,,,,,
Saudi Arabia,12,27,Nico Hulkenberg,Haas Ferrari,10.0,50,,0.0,,2023-05-19,2023,+70.588,,No,1:33.780,,,,,,,,,,,,,,,,,,,,,,,,,,,,,,,,,,
Saudi Arabia,13,24,Guanyu Zhou,Alfa Romeo Ferrari,11.0,50,,0.0,,2023-05-19,2023,+76.060,,No,1:33.894,,,,,,,,,,,,,,,,,,,,,,,,,,,,,,,,,,
Saudi Arabia,14,21,Nyck De Vries,AlphaTauri Honda RBPT,18.0,50,,0.0,,2023-05-19,2023,+77.478,,No,1:33.609,,,,,,,,,,,,,,,,,,,,,,,,,,,,,,,,,,
Saudi Arabia,15,81,Oscar Piastri,McLaren Mercedes,8.0,50,,0.0,,2023-05-19,2023,+85.021,,No,1:34.287,,,,,,,,,,,,,,,,,,,,,,,,,,,,,,,,,,
Saudi Arabia,16,2,Logan Sargeant,Williams Mercedes,20.0,50,,0.0,,2023-05-19,2023,+86.293,,No,1:34.469,,,,,,,,,,,,,,,,,,,,,,,,,,,,,,,,,,
Saudi Arabia,17,4,Lando Norris,McLaren Mercedes,19.0,50,,0.0,,2023-05-19,2023,+86.445,,No,1:34.122,,,,,,,,,,,,,,,,,,,,,,,,,,,,,,,,,,
Saudi Arabia,18,77,Valtteri Bottas,Alfa Romeo Ferrari,14.0,49,,0.0,,2023-05-19,2023,+1 lap,,No,1:34.384,,,,,,,,,,,,,,,,,,,,,,,,,,,,,,,,,,
Saudi Arabia,NC,23,Alexander Albon,Williams Mercedes,17.0,27,,0.0,,2023-05-19,2023,DNF,,No,1:35.567,,,,,,,,,,,,,,,,,,,,,,,,,,,,,,,,,,
Saudi Arabia,NC,18,Lance Stroll,Aston Martin Aramco Mercedes,5.0,16,,0.0,,2023-05-19,2023,DNF,,No,1:35.140,,,,,,,,,,,,,,,,,,,,,,,,,,,,,,,,,,
Australia,1,1,Max Verstappen,Red Bull Racing Honda RBPT,1.0,58,,25.0,,2023-04-01,2023,2:32:28.371,,No,1:20.342,15.0,13.0,23.0,13.0,15.0,15.0,0.4,66.0,10.0,1021.0,70.5,15.0,8.0,12.0,176.0,122.0,113.0,0.0,3.0,7.3,météo défavorable,,,,,,,,,,,,,melbourne
Australia,2,44,Lewis Hamilton,Mercedes,3.0,58,,18.0,,2023-04-01,2023,+0.179,,No,1:20.613,15.0,13.0,23.0,13.0,15.0,15.0,0.4,66.0,10.0,1021.0,70.5,15.0,8.0,12.0,176.0,122.0,113.0,0.0,3.0,7.3,météo défavorable,,,,,,,,,,,,,melbourne
Australia,3,14,Fernando Alonso,Aston Martin Aramco Mercedes,4.0,58,,15.0,,2023-04-01,2023,+0.769,,No,1:20.476,15.0,13.0,23.0,13.0,15.0,15.0,0.4,66.0,10.0,1021.0,70.5,15.0,8.0,12.0,176.0,122.0,113.0,0.0,3.0,7.3,météo défavorable,,,,,,,,,,,,,melbourne
Australia,4,18,Lance Stroll,Aston Martin Aramco Mercedes,6.0,58,,12.0,,2023-04-01,2023,+3.082,,No,1:20.934,15.0,13.0,23.0,13.0,15.0,15.0,0.4,66.0,10.0,1021.0,70.5,15.0,8.0,12.0,176.0,122.0,113.0,0.0,3.0,7.3,météo défavorable,,,,,,,,,,,,,melbourne
Australia,5,11,Sergio Perez,Red Bull Racing Honda RBPT,20.0,58,,11.0,,2023-04-01,2023,+3.320,,Yes,1:20.235,15.0,13.0,23.0,13.0,15.0,15.0,0.4,66.0,10.0,1021.0,70.5,15.0,8.0,12.0,176.0,122.0,113.0,0.0,3.0,7.3,météo défavorable,,,,,,,,,,,,,melbourne
Australia,6,4,Lando Norris,McLaren Mercedes,13.0,58,,8.0,,2023-04-01,2023,+3.701,,No,1:21.173,15.0,13.0,23.0,13.0,15.0,15.0,0.4,66.0,10.0,1021.0,70.5,15.0,8.0,12.0,176.0,122.0,113.0,0.0,3.0,7.3,météo défavorable,,,,,,,,,,,,,melbourne
Australia,7,27,Nico Hulkenberg,Haas Ferrari,10.0,58,,6.0,,2023-04-01,2023,+4.939,,No,1:21.124,15.0,13.0,23.0,13.0,15.0,15.0,0.4,66.0,10.0,1021.0,70.5,15.0,8.0,12.0,176.0,122.0,113.0,0.0,3.0,7.3,météo défavorable,,,,,,,,,,,,,melbourne
Australia,8,81,Oscar Piastri,McLaren Mercedes,16.0,58,,4.0,,2023-04-01,2023,+5.382,,No,1:21.335,15.0,13.0,23.0,13.0,15.0,15.0,0.4,66.0,10.0,1021.0,70.5,15.0,8.0,12.0,176.0,122.0,113.0,0.0,3.0,7.3,météo défavorable,,,,,,,,,,,,,melbourne
Australia,9,24,Guanyu Zhou,Alfa Romeo Ferrari,17.0,58,,2.0,,2023-04-01,2023,+5.713,,No,1:21.819,15.0,13.0,23.0,13.0,15.0,15.0,0.4,66.0,10.0,1021.0,70.5,15.0,8.0,12.0,176.0,122.0,113.0,0.0,3.0,7.3,météo défavorable,,,,,,,,,,,,,melbourne
Australia,10,22,Yuki Tsunoda,AlphaTauri Honda RBPT,12.0,58,,1.0,,2023-04-01,2023,+6.052,,No,1:21.789,15.0,13.0,23.0,13.0,15.0,15.0,0.4,66.0,10.0,1021.0,70.5,15.0,8.0,12.0,176.0,122.0,113.0,0.0,3.0,7.3,météo défavorable,,,,,,,,,,,,,melbourne
Australia,11,77,Valtteri Bottas,Alfa Romeo Ferrari,19.0,58,,0.0,,2023-04-01,2023,+6.513,,No,1:22.233,15.0,13.0,23.0,13.0,15.0,15.0,0.4,66.0,10.0,1021.0,70.5,15.0,8.0,12.0,176.0,122.0,113.0,0.0,3.0,7.3,météo défavorable,,,,,,,,,,,,,melbourne
Australia,12,55,Carlos Sainz,Ferrari,5.0,58,,0.0,,2023-04-01,2023,+6.594,,No,1:20.467,15.0,13.0,23.0,13.0,15.0,15.0,0.4,66.0,10.0,1021.0,70.5,15.0,8.0,12.0,176.0,122.0,113.0,0.0,3.0,7.3,météo défavorable,,,,,,,,,,,,,melbourne
Australia,13,10,Pierre Gasly,Alpine Renault,9.0,56,,0.0,,2023-04-01,2023,DNF,,No,1:20.995,15.0,13.0,23.0,13.0,15.0,15.0,0.4,66.0,10.0,1021.0,70.5,15.0,8.0,12.0,176.0,122.0,113.0,0.0,3.0,7.3,météo défavorable,,,,,,,,,,,,,melbourne
Australia,14,31,Esteban Ocon,Alpine Renault,11.0,56,,0.0,,2023-04-01,2023,DNF,,No,1:21.203,15.0,13.0,23.0,13.0,15.0,15.0,0.4,66.0,10.0,1021.0,70.5,15.0,8.0,12.0,176.0,122.0,113.0,0.0,3.0,7.3,météo défavorable,,,,,,,,,,,,,melbourne
Australia,15,21,Nyck De Vries,AlphaTauri Honda RBPT,15.0,56,,0.0,,2023-04-01,2023,DNF,,No,1:21.183,15.0,13.0,23.0,13.0,15.0,15.0,0.4,66.0,10.0,1021.0,70.5,15.0,8.0,12.0,176.0,122.0,113.0,0.0,3.0,7.3,météo défavorable,,,,,,,,,,,,,melbourne
Australia,16,2,Logan Sargeant,Williams Mercedes,18.0,56,,0.0,,2023-04-01,2023,DNF,,No,1:21.456,15.0,13.0,23.0,13.0,15.0,15.0,0.4,66.0,10.0,1021.0,70.5,15.0,8.0,12.0,176.0,122.0,113.0,0.0,3.0,7.3,météo défavorable,,,,,,,,,,,,,melbourne
Australia,17,20,Kevin Magnussen,Haas Ferrari,14.0,52,,0.0,,2023-04-01,2023,DNF,,No,1:21.685,15.0,13.0,23.0,13.0,15.0,15.0,0.4,66.0,10.0,1021.0,70.5,15.0,8.0,12.0,176.0,122.0,113.0,0.0,3.0,7.3,météo défavorable,,,,,,,,,,,,,melbourne
Australia,NC,63,George Russell,Mercedes,2.0,17,,0.0,,2023-04-01,2023,DNF,,No,1:22.680,15.0,13.0,23.0,13.0,15.0,15.0,0.4,66.0,10.0,1021.0,70.5,15.0,8.0,12.0,176.0,122.0,113.0,0.0,3.0,7.3,météo défavorable,,,,,,,,,,,,,melbourne
Australia,NC,23,Alexander Albon,Williams Mercedes,8.0,6,,0.0,,2023-04-01,2023,DNF,,No,1:23.349,15.0,13.0,23.0,13.0,15.0,15.0,0.4,66.0,10.0,1021.0,70.5,15.0,8.0,12.0,176.0,122.0,113.0,0.0,3.0,7.3,météo défavorable,,,,,,,,,,,,,melbourne
Australia,NC,16,Charles Leclerc,Ferrari,7.0,0,,0.0,,2023-04-01,2023,DNF,,No,,15.0,13.0,23.0,13.0,15.0,15.0,0.4,66.0,10.0,1021.0,70.5,15.0,8.0,12.0,176.0,122.0,113.0,0.0,3.0,7.3,météo défavorable,,,,,,,,,,,,,melbourne
Azerbaijan,1,11,Sergio Perez,Red Bull Racing Honda RBPT,3.0,51,,25.0,,2023-04-30,2023,1:32:42.436,,No,1:44.589,,,,,,,,,,,,,,,,,,,,,,,,,,,,,,,,,,
Azerbaijan,2,1,Max Verstappen,Red Bull Racing Honda RBPT,2.0,51,,18.0,,2023-04-30,2023,+2.137,,No,1:44.232,,,,,,,,,,,,,,,,,,,,,,,,,,,,,,,,,,
Azerbaijan,3,16,Charles Leclerc,Ferrari,1.0,51,,15.0,,2023-04-30,2023,+21.217,,No,1:44.561,,,,,,,,,,,,,,,,,,,,,,,,,,,,,,,,,,
Azerbaijan,4,14,Fernando Alonso,Aston Martin Aramco Mercedes,6.0,51,,12.0,,2023-04-30,2023,+22.024,,No,1:44.241,,,,,,,,,,,,,,,,,,,,,,,,,,,,,,,,,,
Azerbaijan,5,55,Carlos Sainz,Ferrari,4.0,51,,10.0,,2023-04-30,2023,+45.491,,No,1:45.175,,,,,,,,,,,,,,,,,,,,,,,,,,,,,,,,,,
Azerbaijan,6,44,Lewis Hamilton,Mercedes,5.0,51,,8.0,,2023-04-30,2023,+46.145,,No,1:45.346,,,,,,,,,,,,,,,,,,,,,,,,,,,,,,,,,,
Azerbaijan,7,18,Lance Stroll,Aston Martin Aramco Mercedes,9.0,51,,6.0,,2023-04-30,2023,+51.617,,No,1:45.627,,,,,,,,,,,,,,,,,,,,,,,,,,,,,,,,,,
Azerbaijan,8,63,George Russell,Mercedes,11.0,51,,5.0,,2023-04-30,2023,+74.240,,Yes,1:43.370,,,,,,,,,,,,,,,,,,,,,,,,,,,,,,,,,,
Azerbaijan,9,4,Lando Norris,McLaren Mercedes,7.0,51,,2.0,,2023-04-30,2023,+80.376,,No,1:45.738,,,,,,,,,,,,,,,,,,,,,,,,,,,,,,,,,,
Azerbaijan,10,22,Yuki Tsunoda,AlphaTauri Honda RBPT,8.0,51,,1.0,,2023-04-30,2023,+83.862,,No,1:45.727,,,,,,,,,,,,,,,,,,,,,,,,,,,,,,,,,,
Azerbaijan,11,81,Oscar Piastri,McLaren Mercedes,10.0,51,,0.0,,2023-04-30,2023,+86.501,,No,1:45.631,,,,,,,,,,,,,,,,,,,,,,,,,,,,,,,,,,
Azerbaijan,12,23,Alexander Albon,Williams Mercedes,12.0,51,,0.0,,2023-04-30,2023,+88.623,,No,1:45.925,,,,,,,,,,,,,,,,,,,,,,,,,,,,,,,,,,
Azerbaijan,13,20,Kevin Magnussen,Haas Ferrari,16.0,51,,0.0,,2023-04-30,2023,+89.729,,No,1:45.850,,,,,,,,,,,,,,,,,,,,,,,,,,,,,,,,,,
Azerbaijan,14,10,Pierre Gasly,Alpine Renault,17.0,51,,0.0,,2023-04-30,2023,+91.332,,No,1:45.540,,,,,,,,,,,,,,,,,,,,,,,,,,,,,,,,,,
Azerbaijan,15,31,Esteban Ocon,Alpine Renault,19.0,51,,0.0,,2023-04-30,2023,+97.794,,No,1:45.908,,,,,,,,,,,,,,,,,,,,,,,,,,,,,,,,,,
Azerbaijan,16,2,Logan Sargeant,Williams Mercedes,14.0,51,,0.0,,2023-04-30,2023,+100.943,,No,1:46.501,,,,,,,,,,,,,,,,,,,,,,,,,,,,,,,,,,
Azerbaijan,17,27,Nico Hulkenberg,Haas Ferrari,20.0,50,,0.0,,2023-04-30,2023,+1 lap,,No,1:46.731,,,,,,,,,,,,,,,,,,,,,,,,,,,,,,,,,,
Azerbaijan,18,77,Valtteri Bottas,Alfa Romeo Ferrari,13.0,50,,0.0,,2023-04-30,2023,+1 lap,,No,1:46.304,,,,,,,,,,,,,,,,,,,,,,,,,,,,,,,,,,
Azerbaijan,NC,24,Guanyu Zhou,Alfa Romeo Ferrari,15.0,36,,0.0,,2023-04-30,2023,DNF,,No,1:47.553,,,,,,,,,,,,,,,,,,,,,,,,,,,,,,,,,,
Azerbaijan,NC,21,Nyck De Vries,AlphaTauri Honda RBPT,18.0,9,,0.0,,2023-04-30,2023,DNF,,No,1:48.781,,,,,,,,,,,,,,,,,,,,,,,,,,,,,,,,,,
Miami,1,1,Max Verstappen,Red Bull Racing Honda RBPT,9.0,57,,26.0,,2023-05-07,2023,1:27:38.241,,Yes,1:29.708,,,,,,,,,,,,,,,,,,,,,,,,,,,,,,,,,,
Miami,2,11,Sergio Perez,Red Bull Racing Honda RBPT,1.0,57,,18.0,,2023-05-07,2023,+5.384,,No,1:30.560,,,,,,,,,,,,,,,,,,,,,,,,,,,,,,,,,,
Miami,3,14,Fernando Alonso,Aston Martin Aramco Mercedes,2.0,57,,15.0,,2023-05-07,2023,+26.305,,No,1:30.519,,,,,,,,,,,,,,,,,,,,,,,,,,,,,,,,,,
Miami,4,63,George Russell,Mercedes,6.0,57,,12.0,,2023-05-07,2023,+33.229,,No,1:31.015,,,,,,,,,,,,,,,,,,,,,,,,,,,,,,,,,,
Miami,5,55,Carlos Sainz,Ferrari,3.0,57,,10.0,,2023-05-07,2023,+42.511,,No,1:31.362,,,,,,,,,,,,,,,,,,,,,,,,,,,,,,,,,,
Miami,6,44,Lewis Hamilton,Mercedes,13.0,57,,8.0,,2023-05-07,2023,+51.249,,No,1:30.669,,,,,,,,,,,,,,,,,,,,,,,,,,,,,,,,,,
Miami,7,16,Charles Leclerc,Ferrari,7.0,57,,6.0,,2023-05-07,2023,+52.988,,No,1:31.434,,,,,,,,,,,,,,,,,,,,,,,,,,,,,,,,,,
Miami,8,10,Pierre Gasly,Alpine Renault,5.0,57,,4.0,,2023-05-07,2023,+55.670,,No,1:31.971,,,,,,,,,,,,,,,,,,,,,,,,,,,,,,,,,,
Miami,9,31,Esteban Ocon,Alpine Renault,8.0,57,,2.0,,2023-05-07,2023,+58.123,,No,1:31.143,,,,,,,,,,,,,,,,,,,,,,,,,,,,,,,,,,
Miami,10,20,Kevin Magnussen,Haas Ferrari,4.0,57,,1.0,,2023-05-07,2023,+62.945,,No,1:31.691,,,,,,,,,,,,,,,,,,,,,,,,,,,,,,,,,,
Miami,11,22,Yuki Tsunoda,AlphaTauri Honda RBPT,17.0,57,,0.0,,2023-05-07,2023,+64.309,,No,1:31.038,,,,,,,,,,,,,,,,,,,,,,,,,,,,,,,,,,
Miami,12,18,Lance Stroll,Aston Martin Aramco Mercedes,18.0,57,,0.0,,2023-05-07,2023,+64.754,,No,1:30.862,,,,,,,,,,,,,,,,,,,,,,,,,,,,,,,,,,
Miami,13,77,Valtteri Bottas,Alfa Romeo Ferrari,10.0,57,,0.0,,2023-05-07,2023,+71.637,,No,1:31.838,,,,,,,,,,,,,,,,,,,,,,,,,,,,,,,,,,
Miami,14,23,Alexander Albon,Williams Mercedes,11.0,57,,0.0,,2023-05-07,2023,+72.861,,No,1:31.852,,,,,,,,,,,,,,,,,,,,,,,,,,,,,,,,,,
Miami,15,27,Nico Hulkenberg,Haas Ferrari,12.0,57,,0.0,,2023-05-07,2023,+74.950,,No,1:30.901,,,,,,,,,,,,,,,,,,,,,,,,,,,,,,,,,,
Miami,16,24,Guanyu Zhou,Alfa Romeo Ferrari,14.0,57,,0.0,,2023-05-07,2023,+78.440,,No,1:31.736,,,,,,,,,,,,,,,,,,,,,,,,,,,,,,,,,,
Miami,17,4,Lando Norris,McLaren Mercedes,16.0,57,,0.0,,2023-05-07,2023,+87.717,,No,1:32.401,,,,,,,,,,,,,,,,,,,,,,,,,,,,,,,,,,
Miami,18,21,Nyck De Vries,AlphaTauri Honda RBPT,15.0,57,,0.0,,2023-05-07,2023,+88.949,,No,1:31.562,,,,,,,,,,,,,,,,,,,,,,,,,,,,,,,,,,
Miami,19,81,Oscar Piastri,McLaren Mercedes,19.0,56,,0.0,,2023-05-07,2023,+1 lap,,No,1:32.006,,,,,,,,,,,,,,,,,,,,,,,,,,,,,,,,,,
Miami,20,2,Logan Sargeant,Williams Mercedes,20.0,56,,0.0,,2023-05-07,2023,+1 lap,,No,1:32.384,,,,,,,,,,,,,,,,,,,,,,,,,,,,,,,,,,
Monaco,1,1,Max Verstappen,Red Bull Racing Honda RBPT,1.0,78,,25.0,,2023-05-28,2023,1:48:51.980,,No,1:16.604,,,,,,,,,,,,,,,,,,,,,,,,,,,,,,,,,,
Monaco,2,14,Fernando Alonso,Aston Martin Aramco Mercedes,2.0,78,,18.0,,2023-05-28,2023,+27.921,,No,1:16.674,,,,,,,,,,,,,,,,,,,,,,,,,,,,,,,,,,
Monaco,3,31,Esteban Ocon,Alpine Renault,3.0,78,,15.0,,2023-05-28,2023,+36.990,,No,1:16.528,,,,,,,,,,,,,,,,,,,,,,,,,,,,,,,,,,
Monaco,4,44,Lewis Hamilton,Mercedes,5.0,78,,13.0,,2023-05-28,2023,+39.062,,Yes,1:15.650,,,,,,,,,,,,,,,,,,,,,,,,,,,,,,,,,,
Monaco,5,63,George Russell,Mercedes,8.0,78,,10.0,,2023-05-28,2023,+56.284,,No,1:16.798,,,,,,,,,,,,,,,,,,,,,,,,,,,,,,,,,,
Monaco,6,16,Charles Leclerc,Ferrari,6.0,78,,8.0,,2023-05-28,2023,+61.890,,No,1:15.773,,,,,,,,,,,,,,,,,,,,,,,,,,,,,,,,,,
Monaco,7,10,Pierre Gasly,Alpine Renault,7.0,78,,6.0,,2023-05-28,2023,+62.362,,No,1:15.831,,,,,,,,,,,,,,,,,,,,,,,,,,,,,,,,,,
Monaco,8,55,Carlos Sainz,Ferrari,4.0,78,,4.0,,2023-05-28,2023,+63.391,,No,1:16.449,,,,,,,,,,,,,,,,,,,,,,,,,,,,,,,,,,
Monaco,9,4,Lando Norris,McLaren Mercedes,10.0,77,,2.0,,2023-05-28,2023,+1 lap,,No,1:17.844,,,,,,,,,,,,,,,,,,,,,,,,,,,,,,,,,,
Monaco,10,81,Oscar Piastri,McLaren Mercedes,11.0,77,,1.0,,2023-05-28,2023,+1 lap,,No,1:17.513,,,,,,,,,,,,,,,,,,,,,,,,,,,,,,,,,,
Monaco,11,77,Valtteri Bottas,Alfa Romeo Ferrari,15.0,77,,0.0,,2023-05-28,2023,+1 lap,,No,1:17.824,,,,,,,,,,,,,,,,,,,,,,,,,,,,,,,,,,
Monaco,12,21,Nyck De Vries,AlphaTauri Honda RBPT,12.0,77,,0.0,,2023-05-28,2023,+1 lap,,No,1:17.561,,,,,,,,,,,,,,,,,,,,,,,,,,,,,,,,,,
Monaco,13,24,Guanyu Zhou,Alfa Romeo Ferrari,19.0,77,,0.0,,2023-05-28,2023,+1 lap,,No,1:16.926,,,,,,,,,,,,,,,,,,,,,,,,,,,,,,,,,,
Monaco,14,23,Alexander Albon,Williams Mercedes,13.0,77,,0.0,,2023-05-28,2023,+1 lap,,No,1:16.672,,,,,,,,,,,,,,,,,,,,,,,,,,,,,,,,,,
Monaco,15,22,Yuki Tsunoda,AlphaTauri Honda RBPT,9.0,76,,0.0,,2023-05-28,2023,+2 laps,,No,1:17.680,,,,,,,,,,,,,,,,,,,,,,,,,,,,,,,,,,
Monaco,16,11,Sergio Perez,Red Bull Racing Honda RBPT,20.0,76,,0.0,,2023-05-28,2023,+2 laps,,No,1:16.269,,,,,,,,,,,,,,,,,,,,,,,,,,,,,,,,,,
Monaco,17,27,Nico Hulkenberg,Haas Ferrari,18.0,76,,0.0,,2023-05-28,2023,+2 laps,,No,1:16.991,,,,,,,,,,,,,,,,,,,,,,,,,,,,,,,,,,
Monaco,18,2,Logan Sargeant,Williams Mercedes,16.0,76,,0.0,,2023-05-28,2023,+2 laps,,No,1:17.302,,,,,,,,,,,,,,,,,,,,,,,,,,,,,,,,,,
Monaco,19,20,Kevin Magnussen,Haas Ferrari,17.0,70,,0.0,,2023-05-28,2023,DNF,,No,1:18.351,,,,,,,,,,,,,,,,,,,,,,,,,,,,,,,,,,
Monaco,NC,18,Lance Stroll,Aston Martin Aramco Mercedes,14.0,53,,0.0,,2023-05-28,2023,DNF,,No,1:17.769,,,,,,,,,,,,,,,,,,,,,,,,,,,,,,,,,,
Spain,1,1,Max Verstappen,Red Bull Racing Honda RBPT,1.0,66,,26.0,,2023-06-04,2023,1:27:57.940,,Yes,1:16.330,22.0,19.0,13.0,19.0,21.0,22.0,0.2,79.0,10.0,1016.0,38.375,25.0,16.0,19.0,116.0,176.0,116.0,0.0,6.0,12.5,météo favorable,,,,,,,,,,,,,barcelona
Spain,2,44,Lewis Hamilton,Mercedes,4.0,66,,18.0,,2023-06-04,2023,+24.090,,No,1:16.676,22.0,19.0,13.0,19.0,21.0,22.0,0.2,79.0,10.0,1016.0,38.375,25.0,16.0,19.0,116.0,176.0,116.0,0.0,6.0,12.5,météo favorable,,,,,,,,,,,,,barcelona
Spain,3,63,George Russell,Mercedes,12.0,66,,15.0,,2023-06-04,2023,+32.389,,No,1:17.875,22.0,19.0,13.0,19.0,21.0,22.0,0.2,79.0,10.0,1016.0,38.375,25.0,16.0,19.0,116.0,176.0,116.0,0.0,6.0,12.5,météo favorable,,,,,,,,,,,,,barcelona
Spain,4,11,Sergio Perez,Red Bull Racing Honda RBPT,11.0,66,,12.0,,2023-06-04,2023,+35.812,,No,1:16.666,22.0,19.0,13.0,19.0,21.0,22.0,0.2,79.0,10.0,1016.0,38.375,25.0,16.0,19.0,116.0,176.0,116.0,0.0,6.0,12.5,météo favorable,,,,,,,,,,,,,barcelona
Spain,5,55,Carlos Sainz,Ferrari,2.0,66,,10.0,,2023-06-04,2023,+45.698,,No,1:18.403,22.0,19.0,13.0,19.0,21.0,22.0,0.2,79.0,10.0,1016.0,38.375,25.0,16.0,19.0,116.0,176.0,116.0,0.0,6.0,12.5,météo favorable,,,,,,,,,,,,,barcelona
Spain,6,18,Lance Stroll,Aston Martin Aramco Mercedes,5.0,66,,8.0,,2023-06-04,2023,+63.320,,No,1:18.722,22.0,19.0,13.0,19.0,21.0,22.0,0.2,79.0,10.0,1016.0,38.375,25.0,16.0,19.0,116.0,176.0,116.0,0.0,6.0,12.5,météo favorable,,,,,,,,,,,,,barcelona
Spain,7,14,Fernando Alonso,Aston Martin Aramco Mercedes,8.0,66,,6.0,,2023-06-04,2023,+64.127,,No,1:18.083,22.0,19.0,13.0,19.0,21.0,22.0,0.2,79.0,10.0,1016.0,38.375,25.0,16.0,19.0,116.0,176.0,116.0,0.0,6.0,12.5,météo favorable,,,,,,,,,,,,,barcelona
Spain,8,31,Esteban Ocon,Alpine Renault,6.0,66,,4.0,,2023-06-04,2023,+69.242,,No,1:18.946,22.0,19.0,13.0,19.0,21.0,22.0,0.2,79.0,10.0,1016.0,38.375,25.0,16.0,19.0,116.0,176.0,116.0,0.0,6.0,12.5,météo favorable,,,,,,,,,,,,,barcelona
Spain,9,24,Guanyu Zhou,Alfa Romeo Ferrari,13.0,66,,2.0,,2023-06-04,2023,+71.878,,No,1:18.753,22.0,19.0,13.0,19.0,21.0,22.0,0.2,79.0,10.0,1016.0,38.375,25.0,16.0,19.0,116.0,176.0,116.0,0.0,6.0,12.5,météo favorable,,,,,,,,,,,,,barcelona
Spain,10,10,Pierre Gasly,Alpine Renault,10.0,66,,1.0,,2023-06-04,2023,+73.530,,No,1:18.375,22.0,19.0,13.0,19.0,21.0,22.0,0.2,79.0,10.0,1016.0,38.375,25.0,16.0,19.0,116.0,176.0,116.0,0.0,6.0,12.5,météo favorable,,,,,,,,,,,,,barcelona
Spain,11,16,Charles Leclerc,Ferrari,19.0,66,,0.0,,2023-06-04,2023,+74.419,,No,1:18.357,22.0,19.0,13.0,19.0,21.0,22.0,0.2,79.0,10.0,1016.0,38.375,25.0,16.0,19.0,116.0,176.0,116.0,0.0,6.0,12.5,météo favorable,,,,,,,,,,,,,barcelona
Spain,12,22,Yuki Tsunoda,AlphaTauri Honda RBPT,15.0,66,,0.0,,2023-06-04,2023,+75.416,,No,1:18.904,22.0,19.0,13.0,19.0,21.0,22.0,0.2,79.0,10.0,1016.0,38.375,25.0,16.0,19.0,116.0,176.0,116.0,0.0,6.0,12.5,météo favorable,,,,,,,,,,,,,barcelona
Spain,13,81,Oscar Piastri,McLaren Mercedes,9.0,65,,0.0,,2023-06-04,2023,+1 lap,,No,1:18.679,22.0,19.0,13.0,19.0,21.0,22.0,0.2,79.0,10.0,1016.0,38.375,25.0,16.0,19.0,116.0,176.0,116.0,0.0,6.0,12.5,météo favorable,,,,,,,,,,,,,barcelona
Spain,14,21,Nyck De Vries,AlphaTauri Honda RBPT,14.0,65,,0.0,,2023-06-04,2023,+1 lap,,No,1:18.594,22.0,19.0,13.0,19.0,21.0,22.0,0.2,79.0,10.0,1016.0,38.375,25.0,16.0,19.0,116.0,176.0,116.0,0.0,6.0,12.5,météo favorable,,,,,,,,,,,,,barcelona
Spain,15,27,Nico Hulkenberg,Haas Ferrari,7.0,65,,0.0,,2023-06-04,2023,+1 lap,,No,1:18.776,22.0,19.0,13.0,19.0,21.0,22.0,0.2,79.0,10.0,1016.0,38.375,25.0,16.0,19.0,116.0,176.0,116.0,0.0,6.0,12.5,météo favorable,,,,,,,,,,,,,barcelona
Spain,16,23,Alexander Albon,Williams Mercedes,18.0,65,,0.0,,2023-06-04,2023,+1 lap,,No,1:19.133,22.0,19.0,13.0,19.0,21.0,22.0,0.2,79.0,10.0,1016.0,38.375,25.0,16.0,19.0,116.0,176.0,116.0,0.0,6.0,12.5,météo favorable,,,,,,,,,,,,,barcelona
Spain,17,4,Lando Norris,McLaren Mercedes,3.0,65,,0.0,,2023-06-04,2023,+1 lap,,No,1:17.182,22.0,19.0,13.0,19.0,21.0,22.0,0.2,79.0,10.0,1016.0,38.375,25.0,16.0,19.0,116.0,176.0,116.0,0.0,6.0,12.5,météo favorable,,,,,,,,,,,,,barcelona
Spain,18,20,Kevin Magnussen,Haas Ferrari,17.0,65,,0.0,,2023-06-04,2023,+1 lap,,No,1:18.069,22.0,19.0,13.0,19.0,21.0,22.0,0.2,79.0,10.0,1016.0,38.375,25.0,16.0,19.0,116.0,176.0,116.0,0.0,6.0,12.5,météo favorable,,,,,,,,,,,,,barcelona
Spain,19,77,Valtteri Bottas,Alfa Romeo Ferrari,16.0,65,,0.0,,2023-06-04,2023,+1 lap,,No,1:18.242,22.0,19.0,13.0,19.0,21.0,22.0,0.2,79.0,10.0,1016.0,38.375,25.0,16.0,19.0,116.0,176.0,116.0,0.0,6.0,12.5,météo favorable,,,,,,,,,,,,,barcelona
Spain,20,2,Logan Sargeant,Williams Mercedes,20.0,65,,0.0,,2023-06-04,2023,+1 lap,,No,1:19.247,22.0,19.0,13.0,19.0,21.0,22.0,0.2,79.0,10.0,1016.0,38.375,25.0,16.0,19.0,116.0,176.0,116.0,0.0,6.0,12.5,météo favorable,,,,,,,,,,,,,barcelona
Canada,1,1,Max Verstappen,Red Bull Racing Honda RBPT,1.0,70,,25.0,,2023-06-18,2023,1:33:58.348,,No,1:15.594,16.0,12.0,18.0,12.0,14.0,15.0,0.1,95.0,10.0,1017.0,96.5,16.0,12.0,10.0,122.0,122.0,122.0,0.0,3.0,9.6,météo défavorable,,,,,,,,,,,,,montreal
Canada,2,14,Fernando Alonso,Aston Martin Aramco Mercedes,2.0,70,,18.0,,2023-06-18,2023,+9.570,,No,1:15.779,16.0,12.0,18.0,12.0,14.0,15.0,0.1,95.0,10.0,1017.0,96.5,16.0,12.0,10.0,122.0,122.0,122.0,0.0,3.0,9.6,météo défavorable,,,,,,,,,,,,,montreal
Canada,3,44,Lewis Hamilton,Mercedes,3.0,70,,15.0,,2023-06-18,2023,+14.168,,No,1:15.396,16.0,12.0,18.0,12.0,14.0,15.0,0.1,95.0,10.0,1017.0,96.5,16.0,12.0,10.0,122.0,122.0,122.0,0.0,3.0,9.6,météo défavorable,,,,,,,,,,,,,montreal
Canada,4,16,Charles Leclerc,Ferrari,10.0,70,,12.0,,2023-06-18,2023,+18.648,,No,1:15.907,16.0,12.0,18.0,12.0,14.0,15.0,0.1,95.0,10.0,1017.0,96.5,16.0,12.0,10.0,122.0,122.0,122.0,0.0,3.0,9.6,météo défavorable,,,,,,,,,,,,,montreal
Canada,5,55,Carlos Sainz,Ferrari,11.0,70,,10.0,,2023-06-18,2023,+21.540,,No,1:15.911,16.0,12.0,18.0,12.0,14.0,15.0,0.1,95.0,10.0,1017.0,96.5,16.0,12.0,10.0,122.0,122.0,122.0,0.0,3.0,9.6,météo défavorable,,,,,,,,,,,,,montreal
Canada,6,11,Sergio Perez,Red Bull Racing Honda RBPT,12.0,70,,9.0,,2023-06-18,2023,+51.028,,Yes,1:14.481,16.0,12.0,18.0,12.0,14.0,15.0,0.1,95.0,10.0,1017.0,96.5,16.0,12.0,10.0,122.0,122.0,122.0,0.0,3.0,9.6,météo défavorable,,,,,,,,,,,,,montreal
Canada,7,23,Alexander Albon,Williams Mercedes,9.0,70,,6.0,,2023-06-18,2023,+60.813,,No,1:16.917,16.0,12.0,18.0,12.0,14.0,15.0,0.1,95.0,10.0,1017.0,96.5,16.0,12.0,10.0,122.0,122.0,122.0,0.0,3.0,9.6,météo défavorable,,,,,,,,,,,,,montreal
Canada,8,31,Esteban Ocon,Alpine Renault,6.0,70,,4.0,,2023-06-18,2023,+61.692,,No,1:16.782,16.0,12.0,18.0,12.0,14.0,15.0,0.1,95.0,10.0,1017.0,96.5,16.0,12.0,10.0,122.0,122.0,122.0,0.0,3.0,9.6,météo défavorable,,,,,,,,,,,,,montreal
Canada,9,18,Lance Stroll,Aston Martin Aramco Mercedes,16.0,70,,2.0,,2023-06-18,2023,+64.402,,No,1:16.564,16.0,12.0,18.0,12.0,14.0,15.0,0.1,95.0,10.0,1017.0,96.5,16.0,12.0,10.0,122.0,122.0,122.0,0.0,3.0,9.6,météo défavorable,,,,,,,,,,,,,montreal
Canada,10,77,Valtteri Bottas,Alfa Romeo Ferrari,14.0,70,,1.0,,2023-06-18,2023,+64.432,,No,1:16.625,16.0,12.0,18.0,12.0,14.0,15.0,0.1,95.0,10.0,1017.0,96.5,16.0,12.0,10.0,122.0,122.0,122.0,0.0,3.0,9.6,météo défavorable,,,,,,,,,,,,,montreal
Canada,11,81,Oscar Piastri,McLaren Mercedes,8.0,70,,0.0,,2023-06-18,2023,+65.101,,No,1:16.598,16.0,12.0,18.0,12.0,14.0,15.0,0.1,95.0,10.0,1017.0,96.5,16.0,12.0,10.0,122.0,122.0,122.0,0.0,3.0,9.6,météo défavorable,,,,,,,,,,,,,montreal
Canada,12,10,Pierre Gasly,Alpine Renault,15.0,70,,0.0,,2023-06-18,2023,+65.249,,No,1:16.425,16.0,12.0,18.0,12.0,14.0,15.0,0.1,95.0,10.0,1017.0,96.5,16.0,12.0,10.0,122.0,122.0,122.0,0.0,3.0,9.6,météo défavorable,,,,,,,,,,,,,montreal
Canada,13,4,Lando Norris,McLaren Mercedes,7.0,70,,0.0,,2023-06-18,2023,+68.363,,No,1:16.374,16.0,12.0,18.0,12.0,14.0,15.0,0.1,95.0,10.0,1017.0,96.5,16.0,12.0,10.0,122.0,122.0,122.0,0.0,3.0,9.6,météo défavorable,,,,,,,,,,,,,montreal
Canada,14,22,Yuki Tsunoda,AlphaTauri Honda RBPT,19.0,70,,0.0,,2023-06-18,2023,+73.423,,No,1:16.666,16.0,12.0,18.0,12.0,14.0,15.0,0.1,95.0,10.0,1017.0,96.5,16.0,12.0,10.0,122.0,122.0,122.0,0.0,3.0,9.6,météo défavorable,,,,,,,,,,,,,montreal
Canada,15,27,Nico Hulkenberg,Haas Ferrari,5.0,69,,0.0,,2023-06-18,2023,+1 lap,,No,1:17.232,16.0,12.0,18.0,12.0,14.0,15.0,0.1,95.0,10.0,1017.0,96.5,16.0,12.0,10.0,122.0,122.0,122.0,0.0,3.0,9.6,météo défavorable,,,,,,,,,,,,,montreal
Canada,16,24,Guanyu Zhou,Alfa Romeo Ferrari,20.0,69,,0.0,,2023-06-18,2023,+1 lap,,No,1:17.090,16.0,12.0,18.0,12.0,14.0,15.0,0.1,95.0,10.0,1017.0,96.5,16.0,12.0,10.0,122.0,122.0,122.0,0.0,3.0,9.6,météo défavorable,,,,,,,,,,,,,montreal
Canada,17,20,Kevin Magnussen,Haas Ferrari,13.0,69,,0.0,,2023-06-18,2023,+1 lap,,No,1:16.126,16.0,12.0,18.0,12.0,14.0,15.0,0.1,95.0,10.0,1017.0,96.5,16.0,12.0,10.0,122.0,122.0,122.0,0.0,3.0,9.6,météo défavorable,,,,,,,,,,,,,montreal
Canada,18,21,Nyck De Vries,AlphaTauri Honda RBPT,17.0,69,,0.0,,2023-06-18,2023,+1 lap,,No,1:16.656,16.0,12.0,18.0,12.0,14.0,15.0,0.1,95.0,10.0,1017.0,96.5,16.0,12.0,10.0,122.0,122.0,122.0,0.0,3.0,9.6,météo défavorable,,,,,,,,,,,,,montreal
Canada,NC,63,George Russell,Mercedes,4.0,53,,0.0,,2023-06-18,2023,DNF,,No,1:17.097,16.0,12.0,18.0,12.0,14.0,15.0,0.1,95.0,10.0,1017.0,96.5,16.0,12.0,10.0,122.0,122.0,122.0,0.0,3.0,9.6,météo défavorable,,,,,,,,,,,,,montreal
Canada,NC,2,Logan Sargeant,Williams Mercedes,18.0,6,,0.0,,2023-06-18,2023,DNF,,No,1:18.437,16.0,12.0,18.0,12.0,14.0,15.0,0.1,95.0,10.0,1017.0,96.5,16.0,12.0,10.0,122.0,122.0,122.0,0.0,3.0,9.6,météo défavorable,,,,,,,,,,,,,montreal
Austria,1,1,Max Verstappen,Red Bull Racing Honda RBPT,1.0,71,,26.0,,2023-07-02,2023,1:25:33.607,,Yes,1:07.012,21.0,13.0,8.0,13.0,21.0,17.0,0.5,98.0,8.0,1016.0,72.5,21.0,14.0,13.0,266.0,176.0,116.0,0.0,3.0,14.7,météo défavorable,,,,,,,,,,,,,knittelfeld
Austria,2,16,Charles Leclerc,Ferrari,2.0,71,,18.0,,2023-07-02,2023,+5.155,,No,1:08.820,21.0,13.0,8.0,13.0,21.0,17.0,0.5,98.0,8.0,1016.0,72.5,21.0,14.0,13.0,266.0,176.0,116.0,0.0,3.0,14.7,météo défavorable,,,,,,,,,,,,,knittelfeld
Austria,3,11,Sergio Perez,Red Bull Racing Honda RBPT,15.0,71,,15.0,,2023-07-02,2023,+17.188,,No,1:08.111,21.0,13.0,8.0,13.0,21.0,17.0,0.5,98.0,8.0,1016.0,72.5,21.0,14.0,13.0,266.0,176.0,116.0,0.0,3.0,14.7,météo défavorable,,,,,,,,,,,,,knittelfeld
Austria,4,4,Lando Norris,McLaren Mercedes,4.0,71,,12.0,,2023-07-02,2023,+26.327,,No,1:08.739,21.0,13.0,8.0,13.0,21.0,17.0,0.5,98.0,8.0,1016.0,72.5,21.0,14.0,13.0,266.0,176.0,116.0,0.0,3.0,14.7,météo défavorable,,,,,,,,,,,,,knittelfeld
Austria,5,14,Fernando Alonso,Aston Martin Aramco Mercedes,7.0,71,,10.0,,2023-07-02,2023,+30.317,,No,1:09.108,21.0,13.0,8.0,13.0,21.0,17.0,0.5,98.0,8.0,1016.0,72.5,21.0,14.0,13.0,266.0,176.0,116.0,0.0,3.0,14.7,météo défavorable,,,,,,,,,,,,,knittelfeld
Austria,6,55,Carlos Sainz,Ferrari,3.0,71,,8.0,,2023-07-02,2023,+31.377,,No,1:08.880,21.0,13.0,8.0,13.0,21.0,17.0,0.5,98.0,8.0,1016.0,72.5,21.0,14.0,13.0,266.0,176.0,116.0,0.0,3.0,14.7,météo défavorable,,,,,,,,,,,,,knittelfeld
Austria,7,63,George Russell,Mercedes,11.0,71,,6.0,,2023-07-02,2023,+48.403,,No,1:09.283,21.0,13.0,8.0,13.0,21.0,17.0,0.5,98.0,8.0,1016.0,72.5,21.0,14.0,13.0,266.0,176.0,116.0,0.0,3.0,14.7,météo défavorable,,,,,,,,,,,,,knittelfeld
Austria,8,44,Lewis Hamilton,Mercedes,5.0,71,,4.0,,2023-07-02,2023,+49.196,,No,1:09.160,21.0,13.0,8.0,13.0,21.0,17.0,0.5,98.0,8.0,1016.0,72.5,21.0,14.0,13.0,266.0,176.0,116.0,0.0,3.0,14.7,météo défavorable,,,,,,,,,,,,,knittelfeld
Austria,9,18,Lance Stroll,Aston Martin Aramco Mercedes,6.0,71,,2.0,,2023-07-02,2023,+59.043,,No,1:08.463,21.0,13.0,8.0,13.0,21.0,17.0,0.5,98.0,8.0,1016.0,72.5,21.0,14.0,13.0,266.0,176.0,116.0,0.0,3.0,14.7,météo défavorable,,,,,,,,,,,,,knittelfeld
Austria,10,10,Pierre Gasly,Alpine Renault,9.0,71,,1.0,,2023-07-02,2023,+67.667,,No,1:09.046,21.0,13.0,8.0,13.0,21.0,17.0,0.5,98.0,8.0,1016.0,72.5,21.0,14.0,13.0,266.0,176.0,116.0,0.0,3.0,14.7,météo défavorable,,,,,,,,,,,,,knittelfeld
Austria,11,23,Alexander Albon,Williams Mercedes,10.0,71,,0.0,,2023-07-02,2023,+79.767,,No,1:09.560,21.0,13.0,8.0,13.0,21.0,17.0,0.5,98.0,8.0,1016.0,72.5,21.0,14.0,13.0,266.0,176.0,116.0,0.0,3.0,14.7,météo défavorable,,,,,,,,,,,,,knittelfeld
Austria,12,24,Guanyu Zhou,Alfa Romeo Ferrari,17.0,70,,0.0,,2023-07-02,2023,+1 lap,,No,1:09.786,21.0,13.0,8.0,13.0,21.0,17.0,0.5,98.0,8.0,1016.0,72.5,21.0,14.0,13.0,266.0,176.0,116.0,0.0,3.0,14.7,météo défavorable,,,,,,,,,,,,,knittelfeld
Austria,13,2,Logan Sargeant,Williams Mercedes,18.0,70,,0.0,,2023-07-02,2023,+1 lap,,No,1:09.611,21.0,13.0,8.0,13.0,21.0,17.0,0.5,98.0,8.0,1016.0,72.5,21.0,14.0,13.0,266.0,176.0,116.0,0.0,3.0,14.7,météo défavorable,,,,,,,,,,,,,knittelfeld
Austria,14,31,Esteban Ocon,Alpine Renault,12.0,70,,0.0,,2023-07-02,2023,+1 lap,,No,1:09.797,21.0,13.0,8.0,13.0,21.0,17.0,0.5,98.0,8.0,1016.0,72.5,21.0,14.0,13.0,266.0,176.0,116.0,0.0,3.0,14.7,météo défavorable,,,,,,,,,,,,,knittelfeld
Austria,15,77,Valtteri Bottas,Alfa Romeo Ferrari,14.0,70,,0.0,,2023-07-02,2023,+1 lap,,No,1:09.940,21.0,13.0,8.0,13.0,21.0,17.0,0.5,98.0,8.0,1016.0,72.5,21.0,14.0,13.0,266.0,176.0,116.0,0.0,3.0,14.7,météo défavorable,,,,,,,,,,,,,knittelfeld
Austria,16,81,Oscar Piastri,McLaren Mercedes,13.0,70,,0.0,,2023-07-02,2023,+1 lap,,No,1:09.862,21.0,13.0,8.0,13.0,21.0,17.0,0.5,98.0,8.0,1016.0,72.5,21.0,14.0,13.0,266.0,176.0,116.0,0.0,3.0,14.7,météo défavorable,,,,,,,,,,,,,knittelfeld
Austria,17,21,Nyck De Vries,AlphaTauri Honda RBPT,20.0,70,,0.0,,2023-07-02,2023,+1 lap,,No,1:09.852,21.0,13.0,8.0,13.0,21.0,17.0,0.5,98.0,8.0,1016.0,72.5,21.0,14.0,13.0,266.0,176.0,116.0,0.0,3.0,14.7,météo défavorable,,,,,,,,,,,,,knittelfeld
Austria,18,20,Kevin Magnussen,Haas Ferrari,19.0,70,,0.0,,2023-07-02,2023,+1 lap,,No,1:10.176,21.0,13.0,8.0,13.0,21.0,17.0,0.5,98.0,8.0,1016.0,72.5,21.0,14.0,13.0,266.0,176.0,116.0,0.0,3.0,14.7,météo défavorable,,,,,,,,,,,,,knittelfeld
Austria,19,22,Yuki Tsunoda,AlphaTauri Honda RBPT,16.0,70,,0.0,,2023-07-02,2023,+1 lap,,No,1:09.620,21.0,13.0,8.0,13.0,21.0,17.0,0.5,98.0,8.0,1016.0,72.5,21.0,14.0,13.0,266.0,176.0,116.0,0.0,3.0,14.7,météo défavorable,,,,,,,,,,,,,knittelfeld
Austria,NC,27,Nico Hulkenberg,Haas Ferrari,8.0,12,,0.0,,2023-07-02,2023,DNF,,No,1:11.066,21.0,13.0,8.0,13.0,21.0,17.0,0.5,98.0,8.0,1016.0,72.5,21.0,14.0,13.0,266.0,176.0,116.0,0.0,3.0,14.7,météo défavorable,,,,,,,,,,,,,knittelfeld
Great Britain,1,1,Max Verstappen,Red Bull Racing Honda RBPT,1.0,52,,26.0,,2023-07-09,2023,1:25:16.938,,Yes,1:30.275,22.0,14.0,21.0,14.0,22.0,21.0,0.2,80.0,9.875,1019.0,49.75,24.0,15.0,14.0,119.0,119.0,113.0,0.0,5.0,15.0,météo correcte,,,,,,,,,,,,,northampton
Great Britain,2,4,Lando Norris,McLaren Mercedes,2.0,52,,18.0,,2023-07-09,2023,+3.798,,No,1:30.543,22.0,14.0,21.0,14.0,22.0,21.0,0.2,80.0,9.875,1019.0,49.75,24.0,15.0,14.0,119.0,119.0,113.0,0.0,5.0,15.0,météo correcte,,,,,,,,,,,,,northampton
Great Britain,3,44,Lewis Hamilton,Mercedes,7.0,52,,15.0,,2023-07-09,2023,+6.783,,No,1:30.545,22.0,14.0,21.0,14.0,22.0,21.0,0.2,80.0,9.875,1019.0,49.75,24.0,15.0,14.0,119.0,119.0,113.0,0.0,5.0,15.0,météo correcte,,,,,,,,,,,,,northampton
Great Britain,4,81,Oscar Piastri,McLaren Mercedes,3.0,52,,12.0,,2023-07-09,2023,+7.776,,No,1:30.850,22.0,14.0,21.0,14.0,22.0,21.0,0.2,80.0,9.875,1019.0,49.75,24.0,15.0,14.0,119.0,119.0,113.0,0.0,5.0,15.0,météo correcte,,,,,,,,,,,,,northampton
Great Britain,5,63,George Russell,Mercedes,6.0,52,,10.0,,2023-07-09,2023,+11.206,,No,1:31.124,22.0,14.0,21.0,14.0,22.0,21.0,0.2,80.0,9.875,1019.0,49.75,24.0,15.0,14.0,119.0,119.0,113.0,0.0,5.0,15.0,météo correcte,,,,,,,,,,,,,northampton
Great Britain,6,11,Sergio Perez,Red Bull Racing Honda RBPT,15.0,52,,8.0,,2023-07-09,2023,+12.882,,No,1:30.914,22.0,14.0,21.0,14.0,22.0,21.0,0.2,80.0,9.875,1019.0,49.75,24.0,15.0,14.0,119.0,119.0,113.0,0.0,5.0,15.0,météo correcte,,,,,,,,,,,,,northampton
Great Britain,7,14,Fernando Alonso,Aston Martin Aramco Mercedes,9.0,52,,6.0,,2023-07-09,2023,+17.193,,No,1:31.338,22.0,14.0,21.0,14.0,22.0,21.0,0.2,80.0,9.875,1019.0,49.75,24.0,15.0,14.0,119.0,119.0,113.0,0.0,5.0,15.0,météo correcte,,,,,,,,,,,,,northampton
Great Britain,8,23,Alexander Albon,Williams Mercedes,8.0,52,,4.0,,2023-07-09,2023,+17.878,,No,1:31.273,22.0,14.0,21.0,14.0,22.0,21.0,0.2,80.0,9.875,1019.0,49.75,24.0,15.0,14.0,119.0,119.0,113.0,0.0,5.0,15.0,météo correcte,,,,,,,,,,,,,northampton
Great Britain,9,16,Charles Leclerc,Ferrari,4.0,52,,2.0,,2023-07-09,2023,+18.689,,No,1:31.255,22.0,14.0,21.0,14.0,22.0,21.0,0.2,80.0,9.875,1019.0,49.75,24.0,15.0,14.0,119.0,119.0,113.0,0.0,5.0,15.0,météo correcte,,,,,,,,,,,,,northampton
Great Britain,10,55,Carlos Sainz,Ferrari,5.0,52,,1.0,,2023-07-09,2023,+19.448,,No,1:31.366,22.0,14.0,21.0,14.0,22.0,21.0,0.2,80.0,9.875,1019.0,49.75,24.0,15.0,14.0,119.0,119.0,113.0,0.0,5.0,15.0,météo correcte,,,,,,,,,,,,,northampton
Great Britain,11,2,Logan Sargeant,Williams Mercedes,14.0,52,,0.0,,2023-07-09,2023,+23.632,,No,1:31.699,22.0,14.0,21.0,14.0,22.0,21.0,0.2,80.0,9.875,1019.0,49.75,24.0,15.0,14.0,119.0,119.0,113.0,0.0,5.0,15.0,météo correcte,,,,,,,,,,,,,northampton
Great Britain,12,77,Valtteri Bottas,Alfa Romeo Ferrari,20.0,52,,0.0,,2023-07-09,2023,+25.830,,No,1:31.852,22.0,14.0,21.0,14.0,22.0,21.0,0.2,80.0,9.875,1019.0,49.75,24.0,15.0,14.0,119.0,119.0,113.0,0.0,5.0,15.0,météo correcte,,,,,,,,,,,,,northampton
Great Britain,13,27,Nico Hulkenberg,Haas Ferrari,11.0,52,,0.0,,2023-07-09,2023,+26.663,,No,1:31.776,22.0,14.0,21.0,14.0,22.0,21.0,0.2,80.0,9.875,1019.0,49.75,24.0,15.0,14.0,119.0,119.0,113.0,0.0,5.0,15.0,météo correcte,,,,,,,,,,,,,northampton
Great Britain,14,18,Lance Stroll,Aston Martin Aramco Mercedes,12.0,52,,0.0,,2023-07-09,2023,+27.483,,No,1:31.508,22.0,14.0,21.0,14.0,22.0,21.0,0.2,80.0,9.875,1019.0,49.75,24.0,15.0,14.0,119.0,119.0,113.0,0.0,5.0,15.0,météo correcte,,,,,,,,,,,,,northampton
Great Britain,15,24,Guanyu Zhou,Alfa Romeo Ferrari,17.0,52,,0.0,,2023-07-09,2023,+29.820,,No,1:31.769,22.0,14.0,21.0,14.0,22.0,21.0,0.2,80.0,9.875,1019.0,49.75,24.0,15.0,14.0,119.0,119.0,113.0,0.0,5.0,15.0,météo correcte,,,,,,,,,,,,,northampton
Great Britain,16,22,Yuki Tsunoda,AlphaTauri Honda RBPT,16.0,52,,0.0,,2023-07-09,2023,+31.225,,No,1:32.084,22.0,14.0,21.0,14.0,22.0,21.0,0.2,80.0,9.875,1019.0,49.75,24.0,15.0,14.0,119.0,119.0,113.0,0.0,5.0,15.0,météo correcte,,,,,,,,,,,,,northampton
Great Britain,17,21,Nyck De Vries,AlphaTauri Honda RBPT,18.0,52,,0.0,,2023-07-09,2023,+33.128,,No,1:32.353,22.0,14.0,21.0,14.0,22.0,21.0,0.2,80.0,9.875,1019.0,49.75,24.0,15.0,14.0,119.0,119.0,113.0,0.0,5.0,15.0,météo correcte,,,,,,,,,,,,,northampton
Great Britain,18,10,Pierre Gasly,Alpine Renault,10.0,46,,0.0,,2023-07-09,2023,DNF,,No,1:31.539,22.0,14.0,21.0,14.0,22.0,21.0,0.2,80.0,9.875,1019.0,49.75,24.0,15.0,14.0,119.0,119.0,113.0,0.0,5.0,15.0,météo correcte,,,,,,,,,,,,,northampton
Great Britain,NC,20,Kevin Magnussen,Haas Ferrari,19.0,31,,0.0,,2023-07-09,2023,DNF,,No,1:33.356,22.0,14.0,21.0,14.0,22.0,21.0,0.2,80.0,9.875,1019.0,49.75,24.0,15.0,14.0,119.0,119.0,113.0,0.0,5.0,15.0,météo correcte,,,,,,,,,,,,,northampton
Great Britain,NC,31,Esteban Ocon,Alpine Renault,13.0,9,,0.0,,2023-07-09,2023,DNF,,No,1:33.941,22.0,14.0,21.0,14.0,22.0,21.0,0.2,80.0,9.875,1019.0,49.75,24.0,15.0,14.0,119.0,119.0,113.0,0.0,5.0,15.0,météo correcte,,,,,,,,,,,,,northampton
Hungary,1,1,Max Verstappen,Red Bull Racing Honda RBPT,2.0,70,,26.0,,2023-07-23,2023,1:38:08.634,,Yes,1:20.504,33.0,18.0,13.0,18.0,31.0,30.0,1.0,75.0,9.875,1017.0,14.375,33.0,16.0,18.0,113.0,113.0,113.0,0.0,5.0,14.5,météo idéale,,,,,,,,,,,,,budapest
Hungary,2,4,Lando Norris,McLaren Mercedes,3.0,70,,18.0,,2023-07-23,2023,+33.731,,No,1:22.178,33.0,18.0,13.0,18.0,31.0,30.0,1.0,75.0,9.875,1017.0,14.375,33.0,16.0,18.0,113.0,113.0,113.0,0.0,5.0,14.5,météo idéale,,,,,,,,,,,,,budapest
Hungary,3,11,Sergio Perez,Red Bull Racing Honda RBPT,9.0,70,,15.0,,2023-07-23,2023,+37.603,,No,1:22.295,33.0,18.0,13.0,18.0,31.0,30.0,1.0,75.0,9.875,1017.0,14.375,33.0,16.0,18.0,113.0,113.0,113.0,0.0,5.0,14.5,météo idéale,,,,,,,,,,,,,budapest
Hungary,4,44,Lewis Hamilton,Mercedes,1.0,70,,12.0,,2023-07-23,2023,+39.134,,No,1:21.601,33.0,18.0,13.0,18.0,31.0,30.0,1.0,75.0,9.875,1017.0,14.375,33.0,16.0,18.0,113.0,113.0,113.0,0.0,5.0,14.5,météo idéale,,,,,,,,,,,,,budapest
Hungary,5,81,Oscar Piastri,McLaren Mercedes,4.0,70,,10.0,,2023-07-23,2023,+62.572,,No,1:22.736,33.0,18.0,13.0,18.0,31.0,30.0,1.0,75.0,9.875,1017.0,14.375,33.0,16.0,18.0,113.0,113.0,113.0,0.0,5.0,14.5,météo idéale,,,,,,,,,,,,,budapest
Hungary,6,63,George Russell,Mercedes,18.0,70,,8.0,,2023-07-23,2023,+65.825,,No,1:22.158,33.0,18.0,13.0,18.0,31.0,30.0,1.0,75.0,9.875,1017.0,14.375,33.0,16.0,18.0,113.0,113.0,113.0,0.0,5.0,14.5,météo idéale,,,,,,,,,,,,,budapest
Hungary,7,16,Charles Leclerc,Ferrari,6.0,70,,6.0,,2023-07-23,2023,+70.317,,No,1:22.469,33.0,18.0,13.0,18.0,31.0,30.0,1.0,75.0,9.875,1017.0,14.375,33.0,16.0,18.0,113.0,113.0,113.0,0.0,5.0,14.5,météo idéale,,,,,,,,,,,,,budapest
Hungary,8,55,Carlos Sainz,Ferrari,11.0,70,,4.0,,2023-07-23,2023,+71.073,,No,1:22.584,33.0,18.0,13.0,18.0,31.0,30.0,1.0,75.0,9.875,1017.0,14.375,33.0,16.0,18.0,113.0,113.0,113.0,0.0,5.0,14.5,météo idéale,,,,,,,,,,,,,budapest
Hungary,9,14,Fernando Alonso,Aston Martin Aramco Mercedes,8.0,70,,2.0,,2023-07-23,2023,+75.709,,No,1:22.745,33.0,18.0,13.0,18.0,31.0,30.0,1.0,75.0,9.875,1017.0,14.375,33.0,16.0,18.0,113.0,113.0,113.0,0.0,5.0,14.5,météo idéale,,,,,,,,,,,,,budapest
Hungary,10,18,Lance Stroll,Aston Martin Aramco Mercedes,14.0,69,,1.0,,2023-07-23,2023,+1 lap,,No,1:23.425,33.0,18.0,13.0,18.0,31.0,30.0,1.0,75.0,9.875,1017.0,14.375,33.0,16.0,18.0,113.0,113.0,113.0,0.0,5.0,14.5,météo idéale,,,,,,,,,,,,,budapest
Hungary,11,23,Alexander Albon,Williams Mercedes,16.0,69,,0.0,,2023-07-23,2023,+1 lap,,No,1:24.051,33.0,18.0,13.0,18.0,31.0,30.0,1.0,75.0,9.875,1017.0,14.375,33.0,16.0,18.0,113.0,113.0,113.0,0.0,5.0,14.5,météo idéale,,,,,,,,,,,,,budapest
Hungary,12,77,Valtteri Bottas,Alfa Romeo Ferrari,7.0,69,,0.0,,2023-07-23,2023,+1 lap,,No,1:23.651,33.0,18.0,13.0,18.0,31.0,30.0,1.0,75.0,9.875,1017.0,14.375,33.0,16.0,18.0,113.0,113.0,113.0,0.0,5.0,14.5,météo idéale,,,,,,,,,,,,,budapest
Hungary,13,3,Daniel Ricciardo,AlphaTauri Honda RBPT,13.0,69,,0.0,,2023-07-23,2023,+1 lap,,No,1:23.934,33.0,18.0,13.0,18.0,31.0,30.0,1.0,75.0,9.875,1017.0,14.375,33.0,16.0,18.0,113.0,113.0,113.0,0.0,5.0,14.5,météo idéale,,,,,,,,,,,,,budapest
Hungary,14,27,Nico Hulkenberg,Haas Ferrari,10.0,69,,0.0,,2023-07-23,2023,+1 lap,,No,1:23.573,33.0,18.0,13.0,18.0,31.0,30.0,1.0,75.0,9.875,1017.0,14.375,33.0,16.0,18.0,113.0,113.0,113.0,0.0,5.0,14.5,météo idéale,,,,,,,,,,,,,budapest
Hungary,15,22,Yuki Tsunoda,AlphaTauri Honda RBPT,17.0,69,,0.0,,2023-07-23,2023,+1 lap,,No,1:23.269,33.0,18.0,13.0,18.0,31.0,30.0,1.0,75.0,9.875,1017.0,14.375,33.0,16.0,18.0,113.0,113.0,113.0,0.0,5.0,14.5,météo idéale,,,,,,,,,,,,,budapest
Hungary,16,24,Guanyu Zhou,Alfa Romeo Ferrari,5.0,69,,0.0,,2023-07-23,2023,+1 lap,,No,1:23.743,33.0,18.0,13.0,18.0,31.0,30.0,1.0,75.0,9.875,1017.0,14.375,33.0,16.0,18.0,113.0,113.0,113.0,0.0,5.0,14.5,météo idéale,,,,,,,,,,,,,budapest
Hungary,17,20,Kevin Magnussen,Haas Ferrari,19.0,69,,0.0,,2023-07-23,2023,+1 lap,,No,1:23.864,33.0,18.0,13.0,18.0,31.0,30.0,1.0,75.0,9.875,1017.0,14.375,33.0,16.0,18.0,113.0,113.0,113.0,0.0,5.0,14.5,météo idéale,,,,,,,,,,,,,budapest
Hungary,18,2,Logan Sargeant,Williams Mercedes,20.0,67,,0.0,,2023-07-23,2023,DNF,,No,1:23.496,33.0,18.0,13.0,18.0,31.0,30.0,1.0,75.0,9.875,1017.0,14.375,33.0,16.0,18.0,113.0,113.0,113.0,0.0,5.0,14.5,météo idéale,,,,,,,,,,,,,budapest
Hungary,NC,31,Esteban Ocon,Alpine Renault,12.0,2,,0.0,,2023-07-23,2023,DNF,,No,,33.0,18.0,13.0,18.0,31.0,30.0,1.0,75.0,9.875,1017.0,14.375,33.0,16.0,18.0,113.0,113.0,113.0,0.0,5.0,14.5,météo idéale,,,,,,,,,,,,,budapest
Hungary,NC,10,Pierre Gasly,Alpine Renault,15.0,1,,0.0,,2023-07-23,2023,DNF,,No,,33.0,18.0,13.0,18.0,31.0,30.0,1.0,75.0,9.875,1017.0,14.375,33.0,16.0,18.0,113.0,113.0,113.0,0.0,5.0,14.5,météo idéale,,,,,,,,,,,,,budapest
Belgium,1,1,Max Verstappen,Red Bull Racing Honda RBPT,6.0,44,,25.0,,2023-07-30,2023,1:22:30.450,,No,1:48.922,20.0,12.0,27.0,12.0,18.0,19.0,0.1,90.0,10.0,1015.0,64.125,20.0,12.0,10.0,116.0,176.0,119.0,0.0,4.0,10.5,météo correcte,,,,,,,,,,,,,durbuy
Belgium,2,11,Sergio Perez,Red Bull Racing Honda RBPT,2.0,44,,18.0,,2023-07-30,2023,+22.305,,No,1:50.308,20.0,12.0,27.0,12.0,18.0,19.0,0.1,90.0,10.0,1015.0,64.125,20.0,12.0,10.0,116.0,176.0,119.0,0.0,4.0,10.5,météo correcte,,,,,,,,,,,,,durbuy
Belgium,3,16,Charles Leclerc,Ferrari,1.0,44,,15.0,,2023-07-30,2023,+32.259,,No,1:50.436,20.0,12.0,27.0,12.0,18.0,19.0,0.1,90.0,10.0,1015.0,64.125,20.0,12.0,10.0,116.0,176.0,119.0,0.0,4.0,10.5,météo correcte,,,,,,,,,,,,,durbuy
Belgium,4,44,Lewis Hamilton,Mercedes,3.0,44,,13.0,,2023-07-30,2023,+49.671,,Yes,1:47.305,20.0,12.0,27.0,12.0,18.0,19.0,0.1,90.0,10.0,1015.0,64.125,20.0,12.0,10.0,116.0,176.0,119.0,0.0,4.0,10.5,météo correcte,,,,,,,,,,,,,durbuy
Belgium,5,14,Fernando Alonso,Aston Martin Aramco Mercedes,9.0,44,,10.0,,2023-07-30,2023,+56.184,,No,1:50.938,20.0,12.0,27.0,12.0,18.0,19.0,0.1,90.0,10.0,1015.0,64.125,20.0,12.0,10.0,116.0,176.0,119.0,0.0,4.0,10.5,météo correcte,,,,,,,,,,,,,durbuy
Belgium,6,63,George Russell,Mercedes,8.0,44,,8.0,,2023-07-30,2023,+63.101,,No,1:50.603,20.0,12.0,27.0,12.0,18.0,19.0,0.1,90.0,10.0,1015.0,64.125,20.0,12.0,10.0,116.0,176.0,119.0,0.0,4.0,10.5,météo correcte,,,,,,,,,,,,,durbuy
Belgium,7,4,Lando Norris,McLaren Mercedes,7.0,44,,6.0,,2023-07-30,2023,+73.719,,No,1:51.682,20.0,12.0,27.0,12.0,18.0,19.0,0.1,90.0,10.0,1015.0,64.125,20.0,12.0,10.0,116.0,176.0,119.0,0.0,4.0,10.5,météo correcte,,,,,,,,,,,,,durbuy
Belgium,8,31,Esteban Ocon,Alpine Renault,14.0,44,,4.0,,2023-07-30,2023,+74.719,,No,1:50.439,20.0,12.0,27.0,12.0,18.0,19.0,0.1,90.0,10.0,1015.0,64.125,20.0,12.0,10.0,116.0,176.0,119.0,0.0,4.0,10.5,météo correcte,,,,,,,,,,,,,durbuy
Belgium,9,18,Lance Stroll,Aston Martin Aramco Mercedes,10.0,44,,2.0,,2023-07-30,2023,+79.340,,No,1:51.297,20.0,12.0,27.0,12.0,18.0,19.0,0.1,90.0,10.0,1015.0,64.125,20.0,12.0,10.0,116.0,176.0,119.0,0.0,4.0,10.5,météo correcte,,,,,,,,,,,,,durbuy
Belgium,10,22,Yuki Tsunoda,AlphaTauri Honda RBPT,11.0,44,,1.0,,2023-07-30,2023,+80.221,,No,1:51.394,20.0,12.0,27.0,12.0,18.0,19.0,0.1,90.0,10.0,1015.0,64.125,20.0,12.0,10.0,116.0,176.0,119.0,0.0,4.0,10.5,météo correcte,,,,,,,,,,,,,durbuy
Belgium,11,10,Pierre Gasly,Alpine Renault,12.0,44,,0.0,,2023-07-30,2023,+83.084,,No,1:50.911,20.0,12.0,27.0,12.0,18.0,19.0,0.1,90.0,10.0,1015.0,64.125,20.0,12.0,10.0,116.0,176.0,119.0,0.0,4.0,10.5,météo correcte,,,,,,,,,,,,,durbuy
Belgium,12,77,Valtteri Bottas,Alfa Romeo Ferrari,13.0,44,,0.0,,2023-07-30,2023,+85.191,,No,1:50.515,20.0,12.0,27.0,12.0,18.0,19.0,0.1,90.0,10.0,1015.0,64.125,20.0,12.0,10.0,116.0,176.0,119.0,0.0,4.0,10.5,météo correcte,,,,,,,,,,,,,durbuy
Belgium,13,24,Guanyu Zhou,Alfa Romeo Ferrari,17.0,44,,0.0,,2023-07-30,2023,+95.441,,No,1:50.188,20.0,12.0,27.0,12.0,18.0,19.0,0.1,90.0,10.0,1015.0,64.125,20.0,12.0,10.0,116.0,176.0,119.0,0.0,4.0,10.5,météo correcte,,,,,,,,,,,,,durbuy
Belgium,14,23,Alexander Albon,Williams Mercedes,15.0,44,,0.0,,2023-07-30,2023,+96.184,,No,1:49.841,20.0,12.0,27.0,12.0,18.0,19.0,0.1,90.0,10.0,1015.0,64.125,20.0,12.0,10.0,116.0,176.0,119.0,0.0,4.0,10.5,météo correcte,,,,,,,,,,,,,durbuy
Belgium,15,20,Kevin Magnussen,Haas Ferrari,16.0,44,,0.0,,2023-07-30,2023,+101.754,,No,1:50.993,20.0,12.0,27.0,12.0,18.0,19.0,0.1,90.0,10.0,1015.0,64.125,20.0,12.0,10.0,116.0,176.0,119.0,0.0,4.0,10.5,météo correcte,,,,,,,,,,,,,durbuy
Belgium,16,3,Daniel Ricciardo,AlphaTauri Honda RBPT,19.0,44,,0.0,,2023-07-30,2023,+103.071,,No,1:50.994,20.0,12.0,27.0,12.0,18.0,19.0,0.1,90.0,10.0,1015.0,64.125,20.0,12.0,10.0,116.0,176.0,119.0,0.0,4.0,10.5,météo correcte,,,,,,,,,,,,,durbuy
Belgium,17,2,Logan Sargeant,Williams Mercedes,18.0,44,,0.0,,2023-07-30,2023,+104.476,,No,1:50.486,20.0,12.0,27.0,12.0,18.0,19.0,0.1,90.0,10.0,1015.0,64.125,20.0,12.0,10.0,116.0,176.0,119.0,0.0,4.0,10.5,météo correcte,,,,,,,,,,,,,durbuy
Belgium,18,27,Nico Hulkenberg,Haas Ferrari,20.0,44,,0.0,,2023-07-30,2023,+110.450,,No,1:49.907,20.0,12.0,27.0,12.0,18.0,19.0,0.1,90.0,10.0,1015.0,64.125,20.0,12.0,10.0,116.0,176.0,119.0,0.0,4.0,10.5,météo correcte,,,,,,,,,,,,,durbuy
Belgium,NC,55,Carlos Sainz,Ferrari,4.0,23,,0.0,,2023-07-30,2023,DNF,,No,1:53.138,20.0,12.0,27.0,12.0,18.0,19.0,0.1,90.0,10.0,1015.0,64.125,20.0,12.0,10.0,116.0,176.0,119.0,0.0,4.0,10.5,météo correcte,,,,,,,,,,,,,durbuy
Belgium,NC,81,Oscar Piastri,McLaren Mercedes,5.0,0,,0.0,,2023-07-30,2023,DNF,,No,,20.0,12.0,27.0,12.0,18.0,19.0,0.1,90.0,10.0,1015.0,64.125,20.0,12.0,10.0,116.0,176.0,119.0,0.0,4.0,10.5,météo correcte,,,,,,,,,,,,,durbuy
Netherlands,1,1,Max Verstappen,Red Bull Racing Honda RBPT,1.0,72,,25.0,,2023-08-27,2023,2:24:04.411,,No,1:13.889,,,,,,,,,,,,,,,,,,,,,,,,,,,,,,,,,,
Netherlands,2,14,Fernando Alonso,Aston Martin Aramco Mercedes,5.0,72,,19.0,,2023-08-27,2023,+3.744,,Yes,1:13.837,,,,,,,,,,,,,,,,,,,,,,,,,,,,,,,,,,
Netherlands,3,10,Pierre Gasly,Alpine Renault,12.0,72,,15.0,,2023-08-27,2023,+7.058,,No,1:14.441,,,,,,,,,,,,,,,,,,,,,,,,,,,,,,,,,,
Netherlands,4,11,Sergio Perez,Red Bull Racing Honda RBPT,7.0,72,,12.0,,2023-08-27,2023,+10.068,,No,1:14.231,,,,,,,,,,,,,,,,,,,,,,,,,,,,,,,,,,
Netherlands,5,55,Carlos Sainz,Ferrari,6.0,72,,10.0,,2023-08-27,2023,+12.541,,No,1:14.934,,,,,,,,,,,,,,,,,,,,,,,,,,,,,,,,,,
Netherlands,6,44,Lewis Hamilton,Mercedes,13.0,72,,8.0,,2023-08-27,2023,+13.209,,No,1:13.904,,,,,,,,,,,,,,,,,,,,,,,,,,,,,,,,,,
Netherlands,7,4,Lando Norris,McLaren Mercedes,2.0,72,,6.0,,2023-08-27,2023,+13.232,,No,1:14.390,,,,,,,,,,,,,,,,,,,,,,,,,,,,,,,,,,
Netherlands,8,23,Alexander Albon,Williams Mercedes,4.0,72,,4.0,,2023-08-27,2023,+15.155,,No,1:14.468,,,,,,,,,,,,,,,,,,,,,,,,,,,,,,,,,,
Netherlands,9,81,Oscar Piastri,McLaren Mercedes,8.0,72,,2.0,,2023-08-27,2023,+16.580,,No,1:14.299,,,,,,,,,,,,,,,,,,,,,,,,,,,,,,,,,,
Netherlands,10,31,Esteban Ocon,Alpine Renault,16.0,72,,1.0,,2023-08-27,2023,+18.346,,No,1:14.570,,,,,,,,,,,,,,,,,,,,,,,,,,,,,,,,,,
Netherlands,11,18,Lance Stroll,Aston Martin Aramco Mercedes,11.0,72,,0.0,,2023-08-27,2023,+20.087,,No,1:15.171,,,,,,,,,,,,,,,,,,,,,,,,,,,,,,,,,,
Netherlands,12,27,Nico Hulkenberg,Haas Ferrari,14.0,72,,0.0,,2023-08-27,2023,+20.840,,No,1:14.472,,,,,,,,,,,,,,,,,,,,,,,,,,,,,,,,,,
Netherlands,13,40,Liam Lawson,AlphaTauri Honda RBPT,19.0,72,,0.0,,2023-08-27,2023,+26.147,,No,1:14.820,,,,,,,,,,,,,,,,,,,,,,,,,,,,,,,,,,
Netherlands,14,77,Valtteri Bottas,Alfa Romeo Ferrari,18.0,72,,0.0,,2023-08-27,2023,+27.388,,No,1:14.698,,,,,,,,,,,,,,,,,,,,,,,,,,,,,,,,,,
Netherlands,15,22,Yuki Tsunoda,AlphaTauri Honda RBPT,17.0,72,,0.0,,2023-08-27,2023,+29.893,,No,1:16.253,,,,,,,,,,,,,,,,,,,,,,,,,,,,,,,,,,
Netherlands,16,20,Kevin Magnussen,Haas Ferrari,20.0,72,,0.0,,2023-08-27,2023,+31.410,,No,1:15.489,,,,,,,,,,,,,,,,,,,,,,,,,,,,,,,,,,
Netherlands,17,63,George Russell,Mercedes,3.0,72,,0.0,,2023-08-27,2023,+55.754,,No,1:15.124,,,,,,,,,,,,,,,,,,,,,,,,,,,,,,,,,,
Netherlands,NC,24,Guanyu Zhou,Alfa Romeo Ferrari,15.0,62,,0.0,,2023-08-27,2023,DNF,,No,1:15.417,,,,,,,,,,,,,,,,,,,,,,,,,,,,,,,,,,
Netherlands,NC,16,Charles Leclerc,Ferrari,9.0,41,,0.0,,2023-08-27,2023,DNF,,No,1:17.277,,,,,,,,,,,,,,,,,,,,,,,,,,,,,,,,,,
Netherlands,NC,2,Logan Sargeant,Williams Mercedes,10.0,14,,0.0,,2023-08-27,2023,DNF,,No,1:17.399,,,,,,,,,,,,,,,,,,,,,,,,,,,,,,,,,,
Italy,1,1,Max Verstappen,Red Bull Racing Honda RBPT,2.0,51,,25.0,,2023-09-03,2023,1:13:41.143,,No,1:25.240,,,,,,,,,,,,,,,,,,,,,,,,,,,,,,,,,,
Italy,2,11,Sergio Perez,Red Bull Racing Honda RBPT,5.0,51,,18.0,,2023-09-03,2023,+6.064,,No,1:25.522,,,,,,,,,,,,,,,,,,,,,,,,,,,,,,,,,,
Italy,3,55,Carlos Sainz,Ferrari,1.0,51,,15.0,,2023-09-03,2023,+11.193,,No,1:25.501,,,,,,,,,,,,,,,,,,,,,,,,,,,,,,,,,,
Italy,4,16,Charles Leclerc,Ferrari,3.0,51,,12.0,,2023-09-03,2023,+11.377,,No,1:25.580,,,,,,,,,,,,,,,,,,,,,,,,,,,,,,,,,,
Italy,5,63,George Russell,Mercedes,4.0,51,,10.0,,2023-09-03,2023,+23.028,,No,1:25.847,,,,,,,,,,,,,,,,,,,,,,,,,,,,,,,,,,
Italy,6,44,Lewis Hamilton,Mercedes,8.0,51,,8.0,,2023-09-03,2023,+42.679,,No,1:25.582,,,,,,,,,,,,,,,,,,,,,,,,,,,,,,,,,,
Italy,7,23,Alexander Albon,Williams Mercedes,6.0,51,,6.0,,2023-09-03,2023,+45.106,,No,1:26.389,,,,,,,,,,,,,,,,,,,,,,,,,,,,,,,,,,
Italy,8,4,Lando Norris,McLaren Mercedes,9.0,51,,4.0,,2023-09-03,2023,+45.449,,No,1:26.144,,,,,,,,,,,,,,,,,,,,,,,,,,,,,,,,,,
Italy,9,14,Fernando Alonso,Aston Martin Aramco Mercedes,10.0,51,,2.0,,2023-09-03,2023,+46.294,,No,1:26.105,,,,,,,,,,,,,,,,,,,,,,,,,,,,,,,,,,
Italy,10,77,Valtteri Bottas,Alfa Romeo Ferrari,14.0,51,,1.0,,2023-09-03,2023,+64.056,,No,1:25.988,,,,,,,,,,,,,,,,,,,,,,,,,,,,,,,,,,
Italy,11,40,Liam Lawson,AlphaTauri Honda RBPT,12.0,51,,0.0,,2023-09-03,2023,+70.638,,No,1:25.842,,,,,,,,,,,,,,,,,,,,,,,,,,,,,,,,,,
Italy,12,81,Oscar Piastri,McLaren Mercedes,7.0,51,,0.0,,2023-09-03,2023,+73.074,,Yes,1:25.072,,,,,,,,,,,,,,,,,,,,,,,,,,,,,,,,,,
Italy,13,2,Logan Sargeant,Williams Mercedes,15.0,51,,0.0,,2023-09-03,2023,+78.557,,No,1:26.840,,,,,,,,,,,,,,,,,,,,,,,,,,,,,,,,,,
Italy,14,24,Guanyu Zhou,Alfa Romeo Ferrari,16.0,51,,0.0,,2023-09-03,2023,+80.164,,No,1:25.983,,,,,,,,,,,,,,,,,,,,,,,,,,,,,,,,,,
Italy,15,10,Pierre Gasly,Alpine Renault,17.0,51,,0.0,,2023-09-03,2023,+82.510,,No,1:25.758,,,,,,,,,,,,,,,,,,,,,,,,,,,,,,,,,,
Italy,16,18,Lance Stroll,Aston Martin Aramco Mercedes,20.0,51,,0.0,,2023-09-03,2023,+87.266,,No,1:26.617,,,,,,,,,,,,,,,,,,,,,,,,,,,,,,,,,,
Italy,17,27,Nico Hulkenberg,Haas Ferrari,13.0,50,,0.0,,2023-09-03,2023,+1 lap,,No,1:25.894,,,,,,,,,,,,,,,,,,,,,,,,,,,,,,,,,,
Italy,18,20,Kevin Magnussen,Haas Ferrari,19.0,50,,0.0,,2023-09-03,2023,+1 lap,,No,1:26.278,,,,,,,,,,,,,,,,,,,,,,,,,,,,,,,,,,
Italy,NC,31,Esteban Ocon,Alpine Renault,18.0,39,,0.0,,2023-09-03,2023,DNF,,No,1:26.963,,,,,,,,,,,,,,,,,,,,,,,,,,,,,,,,,,
Italy,NC,22,Yuki Tsunoda,AlphaTauri Honda RBPT,11.0,0,,0.0,,2023-09-03,2023,DNS,,No,,,,,,,,,,,,,,,,,,,,,,,,,,,,,,,,,,,
Singapore,1,55,Carlos Sainz,Ferrari,1.0,62,,25.0,,2023-09-17,2023,1:46:37.418,,No,1:37.666,,,,,,,,,,,,,,,,,,,,,,,,,,,,,,,,,,
Singapore,2,4,Lando Norris,McLaren Mercedes,4.0,62,,18.0,,2023-09-17,2023,+0.812,,No,1:38.046,,,,,,,,,,,,,,,,,,,,,,,,,,,,,,,,,,
Singapore,3,44,Lewis Hamilton,Mercedes,5.0,62,,16.0,,2023-09-17,2023,+1.269,,Yes,1:35.867,,,,,,,,,,,,,,,,,,,,,,,,,,,,,,,,,,
Singapore,4,16,Charles Leclerc,Ferrari,3.0,62,,12.0,,2023-09-17,2023,+21.177,,No,1:38.275,,,,,,,,,,,,,,,,,,,,,,,,,,,,,,,,,,
Singapore,5,1,Max Verstappen,Red Bull Racing Honda RBPT,11.0,62,,10.0,,2023-09-17,2023,+21.441,,No,1:36.575,,,,,,,,,,,,,,,,,,,,,,,,,,,,,,,,,,
Singapore,6,10,Pierre Gasly,Alpine Renault,12.0,62,,8.0,,2023-09-17,2023,+38.441,,No,1:38.277,,,,,,,,,,,,,,,,,,,,,,,,,,,,,,,,,,
Singapore,7,81,Oscar Piastri,McLaren Mercedes,17.0,62,,6.0,,2023-09-17,2023,+41.479,,No,1:38.492,,,,,,,,,,,,,,,,,,,,,,,,,,,,,,,,,,
Singapore,8,11,Sergio Perez,Red Bull Racing Honda RBPT,13.0,62,,4.0,,2023-09-17,2023,+54.534,,No,1:37.108,,,,,,,,,,,,,,,,,,,,,,,,,,,,,,,,,,
Singapore,9,40,Liam Lawson,AlphaTauri Honda RBPT,10.0,62,,2.0,,2023-09-17,2023,+65.918,,No,1:39.028,,,,,,,,,,,,,,,,,,,,,,,,,,,,,,,,,,
Singapore,10,20,Kevin Magnussen,Haas Ferrari,6.0,62,,1.0,,2023-09-17,2023,+72.116,,No,1:38.107,,,,,,,,,,,,,,,,,,,,,,,,,,,,,,,,,,
Singapore,11,23,Alexander Albon,Williams Mercedes,14.0,62,,0.0,,2023-09-17,2023,+73.417,,No,1:37.342,,,,,,,,,,,,,,,,,,,,,,,,,,,,,,,,,,
Singapore,12,24,Guanyu Zhou,Alfa Romeo Ferrari,19.0,62,,0.0,,2023-09-17,2023,+83.649,,No,1:39.316,,,,,,,,,,,,,,,,,,,,,,,,,,,,,,,,,,
Singapore,13,27,Nico Hulkenberg,Haas Ferrari,9.0,62,,0.0,,2023-09-17,2023,+85.201,,No,1:39.923,,,,,,,,,,,,,,,,,,,,,,,,,,,,,,,,,,
Singapore,14,2,Logan Sargeant,Williams Mercedes,18.0,62,,0.0,,2023-09-17,2023,+86.889,,No,1:38.531,,,,,,,,,,,,,,,,,,,,,,,,,,,,,,,,,,
Singapore,15,14,Fernando Alonso,Aston Martin Aramco Mercedes,7.0,62,,0.0,,2023-09-17,2023,+87.603,,No,1:36.456,,,,,,,,,,,,,,,,,,,,,,,,,,,,,,,,,,
Singapore,16,63,George Russell,Mercedes,2.0,61,,0.0,,2023-09-17,2023,DNF,,No,1:36.273,,,,,,,,,,,,,,,,,,,,,,,,,,,,,,,,,,
Singapore,NC,77,Valtteri Bottas,Alfa Romeo Ferrari,16.0,51,,0.0,,2023-09-17,2023,DNF,,No,1:38.075,,,,,,,,,,,,,,,,,,,,,,,,,,,,,,,,,,
Singapore,NC,31,Esteban Ocon,Alpine Renault,8.0,42,,0.0,,2023-09-17,2023,DNF,,No,1:39.930,,,,,,,,,,,,,,,,,,,,,,,,,,,,,,,,,,
Singapore,NC,22,Yuki Tsunoda,AlphaTauri Honda RBPT,15.0,0,,0.0,,2023-09-17,2023,DNF,,No,,,,,,,,,,,,,,,,,,,,,,,,,,,,,,,,,,,
Singapore,NC,18,Lance Stroll,Aston Martin Aramco Mercedes,20.0,0,,0.0,,2023-09-17,2023,DNS,,No,,,,,,,,,,,,,,,,,,,,,,,,,,,,,,,,,,,
Japan,1,1,Max Verstappen,Red Bull Racing Honda RBPT,1.0,53,,26.0,,2023-09-23,2023,1:30:58.421,,Yes,1:34.183,29.0,21.0,13.0,21.0,28.0,25.0,0.0,74.0,10.0,1015.0,24.5,30.0,18.0,21.0,116.0,113.0,113.0,0.0,6.0,11.6,météo idéale,,,,,,,,,,,,,nagoya
Japan,2,4,Lando Norris,McLaren Mercedes,3.0,53,,18.0,,2023-09-23,2023,+19.387,,No,1:35.247,29.0,21.0,13.0,21.0,28.0,25.0,0.0,74.0,10.0,1015.0,24.5,30.0,18.0,21.0,116.0,113.0,113.0,0.0,6.0,11.6,météo idéale,,,,,,,,,,,,,nagoya
Japan,3,81,Oscar Piastri,McLaren Mercedes,2.0,53,,15.0,,2023-09-23,2023,+36.494,,No,1:36.328,29.0,21.0,13.0,21.0,28.0,25.0,0.0,74.0,10.0,1015.0,24.5,30.0,18.0,21.0,116.0,113.0,113.0,0.0,6.0,11.6,météo idéale,,,,,,,,,,,,,nagoya
Japan,4,16,Charles Leclerc,Ferrari,4.0,53,,12.0,,2023-09-23,2023,+43.998,,No,1:36.362,29.0,21.0,13.0,21.0,28.0,25.0,0.0,74.0,10.0,1015.0,24.5,30.0,18.0,21.0,116.0,113.0,113.0,0.0,6.0,11.6,météo idéale,,,,,,,,,,,,,nagoya
Japan,5,44,Lewis Hamilton,Mercedes,7.0,53,,10.0,,2023-09-23,2023,+49.376,,No,1:35.611,29.0,21.0,13.0,21.0,28.0,25.0,0.0,74.0,10.0,1015.0,24.5,30.0,18.0,21.0,116.0,113.0,113.0,0.0,6.0,11.6,météo idéale,,,,,,,,,,,,,nagoya
Japan,6,55,Carlos Sainz,Ferrari,6.0,53,,8.0,,2023-09-23,2023,+50.221,,No,1:36.187,29.0,21.0,13.0,21.0,28.0,25.0,0.0,74.0,10.0,1015.0,24.5,30.0,18.0,21.0,116.0,113.0,113.0,0.0,6.0,11.6,météo idéale,,,,,,,,,,,,,nagoya
Japan,7,63,George Russell,Mercedes,8.0,53,,6.0,,2023-09-23,2023,+57.659,,No,1:37.653,29.0,21.0,13.0,21.0,28.0,25.0,0.0,74.0,10.0,1015.0,24.5,30.0,18.0,21.0,116.0,113.0,113.0,0.0,6.0,11.6,météo idéale,,,,,,,,,,,,,nagoya
Japan,8,14,Fernando Alonso,Aston Martin Aramco Mercedes,10.0,53,,4.0,,2023-09-23,2023,+74.725,,No,1:37.203,29.0,21.0,13.0,21.0,28.0,25.0,0.0,74.0,10.0,1015.0,24.5,30.0,18.0,21.0,116.0,113.0,113.0,0.0,6.0,11.6,météo idéale,,,,,,,,,,,,,nagoya
Japan,9,31,Esteban Ocon,Alpine Renault,14.0,53,,2.0,,2023-09-23,2023,+79.678,,No,1:37.398,29.0,21.0,13.0,21.0,28.0,25.0,0.0,74.0,10.0,1015.0,24.5,30.0,18.0,21.0,116.0,113.0,113.0,0.0,6.0,11.6,météo idéale,,,,,,,,,,,,,nagoya
Japan,10,10,Pierre Gasly,Alpine Renault,12.0,53,,1.0,,2023-09-23,2023,+83.155,,No,1:36.371,29.0,21.0,13.0,21.0,28.0,25.0,0.0,74.0,10.0,1015.0,24.5,30.0,18.0,21.0,116.0,113.0,113.0,0.0,6.0,11.6,météo idéale,,,,,,,,,,,,,nagoya
Japan,11,40,Liam Lawson,AlphaTauri Honda RBPT,11.0,52,,0.0,,2023-09-23,2023,+1 lap,,No,1:38.267,29.0,21.0,13.0,21.0,28.0,25.0,0.0,74.0,10.0,1015.0,24.5,30.0,18.0,21.0,116.0,113.0,113.0,0.0,6.0,11.6,météo idéale,,,,,,,,,,,,,nagoya
Japan,12,22,Yuki Tsunoda,AlphaTauri Honda RBPT,9.0,52,,0.0,,2023-09-23,2023,+1 lap,,No,1:37.768,29.0,21.0,13.0,21.0,28.0,25.0,0.0,74.0,10.0,1015.0,24.5,30.0,18.0,21.0,116.0,113.0,113.0,0.0,6.0,11.6,météo idéale,,,,,,,,,,,,,nagoya
Japan,13,24,Guanyu Zhou,Alfa Romeo Ferrari,19.0,52,,0.0,,2023-09-23,2023,+1 lap,,No,1:37.791,29.0,21.0,13.0,21.0,28.0,25.0,0.0,74.0,10.0,1015.0,24.5,30.0,18.0,21.0,116.0,113.0,113.0,0.0,6.0,11.6,météo idéale,,,,,,,,,,,,,nagoya
Japan,14,27,Nico Hulkenberg,Haas Ferrari,18.0,52,,0.0,,2023-09-23,2023,+1 lap,,No,1:37.250,29.0,21.0,13.0,21.0,28.0,25.0,0.0,74.0,10.0,1015.0,24.5,30.0,18.0,21.0,116.0,113.0,113.0,0.0,6.0,11.6,météo idéale,,,,,,,,,,,,,nagoya
Japan,15,20,Kevin Magnussen,Haas Ferrari,15.0,52,,0.0,,2023-09-23,2023,+1 lap,,No,1:37.842,29.0,21.0,13.0,21.0,28.0,25.0,0.0,74.0,10.0,1015.0,24.5,30.0,18.0,21.0,116.0,113.0,113.0,0.0,6.0,11.6,météo idéale,,,,,,,,,,,,,nagoya
Japan,NC,23,Alexander Albon,Williams Mercedes,13.0,26,,0.0,,2023-09-23,2023,DNF,,No,1:39.185,29.0,21.0,13.0,21.0,28.0,25.0,0.0,74.0,10.0,1015.0,24.5,30.0,18.0,21.0,116.0,113.0,113.0,0.0,6.0,11.6,météo idéale,,,,,,,,,,,,,nagoya
Japan,NC,2,Logan Sargeant,Williams Mercedes,20.0,22,,0.0,,2023-09-23,2023,DNF,,No,1:38.848,29.0,21.0,13.0,21.0,28.0,25.0,0.0,74.0,10.0,1015.0,24.5,30.0,18.0,21.0,116.0,113.0,113.0,0.0,6.0,11.6,météo idéale,,,,,,,,,,,,,nagoya
Japan,NC,18,Lance Stroll,Aston Martin Aramco Mercedes,17.0,20,,0.0,,2023-09-23,2023,DNF,,No,1:39.050,29.0,21.0,13.0,21.0,28.0,25.0,0.0,74.0,10.0,1015.0,24.5,30.0,18.0,21.0,116.0,113.0,113.0,0.0,6.0,11.6,météo idéale,,,,,,,,,,,,,nagoya
Japan,NC,11,Sergio Perez,Red Bull Racing Honda RBPT,5.0,15,,0.0,,2023-09-23,2023,DNF,,No,1:39.704,29.0,21.0,13.0,21.0,28.0,25.0,0.0,74.0,10.0,1015.0,24.5,30.0,18.0,21.0,116.0,113.0,113.0,0.0,6.0,11.6,météo idéale,,,,,,,,,,,,,nagoya
Japan,NC,77,Valtteri Bottas,Alfa Romeo Ferrari,16.0,7,,0.0,,2023-09-23,2023,DNF,,No,2:02.755,29.0,21.0,13.0,21.0,28.0,25.0,0.0,74.0,10.0,1015.0,24.5,30.0,18.0,21.0,116.0,113.0,113.0,0.0,6.0,11.6,météo idéale,,,,,,,,,,,,,nagoya
Qatar,1,1,Max Verstappen,Red Bull Racing Honda RBPT,1.0,57,,26.0,,2023-10-08,2023,1:27:39.168,,Yes,1:24.319,38.0,30.0,15.0,30.0,38.0,33.0,0.0,72.0,10.0,1010.0,0.0,40.0,24.0,30.0,113.0,113.0,113.0,0.0,8.0,11.6,météo correcte,,,,,,,,,,,,,doha
Qatar,2,81,Oscar Piastri,McLaren Mercedes,6.0,57,,18.0,,2023-10-08,2023,+4.833,,No,1:24.921,38.0,30.0,15.0,30.0,38.0,33.0,0.0,72.0,10.0,1010.0,0.0,40.0,24.0,30.0,113.0,113.0,113.0,0.0,8.0,11.6,météo correcte,,,,,,,,,,,,,doha
Qatar,3,4,Lando Norris,McLaren Mercedes,10.0,57,,15.0,,2023-10-08,2023,+5.969,,No,1:24.842,38.0,30.0,15.0,30.0,38.0,33.0,0.0,72.0,10.0,1010.0,0.0,40.0,24.0,30.0,113.0,113.0,113.0,0.0,8.0,11.6,météo correcte,,,,,,,,,,,,,doha
Qatar,4,63,George Russell,Mercedes,2.0,57,,12.0,,2023-10-08,2023,+34.119,,No,1:25.770,38.0,30.0,15.0,30.0,38.0,33.0,0.0,72.0,10.0,1010.0,0.0,40.0,24.0,30.0,113.0,113.0,113.0,0.0,8.0,11.6,météo correcte,,,,,,,,,,,,,doha
Qatar,5,16,Charles Leclerc,Ferrari,5.0,57,,10.0,,2023-10-08,2023,+38.976,,No,1:24.992,38.0,30.0,15.0,30.0,38.0,33.0,0.0,72.0,10.0,1010.0,0.0,40.0,24.0,30.0,113.0,113.0,113.0,0.0,8.0,11.6,météo correcte,,,,,,,,,,,,,doha
Qatar,6,14,Fernando Alonso,Aston Martin Aramco Mercedes,4.0,57,,8.0,,2023-10-08,2023,+49.032,,No,1:26.045,38.0,30.0,15.0,30.0,38.0,33.0,0.0,72.0,10.0,1010.0,0.0,40.0,24.0,30.0,113.0,113.0,113.0,0.0,8.0,11.6,météo correcte,,,,,,,,,,,,,doha
Qatar,7,31,Esteban Ocon,Alpine Renault,8.0,57,,6.0,,2023-10-08,2023,+62.390,,No,1:26.450,38.0,30.0,15.0,30.0,38.0,33.0,0.0,72.0,10.0,1010.0,0.0,40.0,24.0,30.0,113.0,113.0,113.0,0.0,8.0,11.6,météo correcte,,,,,,,,,,,,,doha
Qatar,8,77,Valtteri Bottas,Alfa Romeo Ferrari,9.0,57,,4.0,,2023-10-08,2023,+66.563,,No,1:26.652,38.0,30.0,15.0,30.0,38.0,33.0,0.0,72.0,10.0,1010.0,0.0,40.0,24.0,30.0,113.0,113.0,113.0,0.0,8.0,11.6,météo correcte,,,,,,,,,,,,,doha
Qatar,9,24,Guanyu Zhou,Alfa Romeo Ferrari,19.0,57,,2.0,,2023-10-08,2023,+76.127,,No,1:26.323,38.0,30.0,15.0,30.0,38.0,33.0,0.0,72.0,10.0,1010.0,0.0,40.0,24.0,30.0,113.0,113.0,113.0,0.0,8.0,11.6,météo correcte,,,,,,,,,,,,,doha
Qatar,10,11,Sergio Perez,Red Bull Racing Honda RBPT,20.0,57,,1.0,,2023-10-08,2023,+80.181,,No,1:26.220,38.0,30.0,15.0,30.0,38.0,33.0,0.0,72.0,10.0,1010.0,0.0,40.0,24.0,30.0,113.0,113.0,113.0,0.0,8.0,11.6,météo correcte,,,,,,,,,,,,,doha
Qatar,11,18,Lance Stroll,Aston Martin Aramco Mercedes,16.0,57,,0.0,,2023-10-08,2023,+81.652,,No,1:26.352,38.0,30.0,15.0,30.0,38.0,33.0,0.0,72.0,10.0,1010.0,0.0,40.0,24.0,30.0,113.0,113.0,113.0,0.0,8.0,11.6,météo correcte,,,,,,,,,,,,,doha
Qatar,12,10,Pierre Gasly,Alpine Renault,7.0,57,,0.0,,2023-10-08,2023,+82.300,,No,1:26.310,38.0,30.0,15.0,30.0,38.0,33.0,0.0,72.0,10.0,1010.0,0.0,40.0,24.0,30.0,113.0,113.0,113.0,0.0,8.0,11.6,météo correcte,,,,,,,,,,,,,doha
Qatar,13,23,Alexander Albon,Williams Mercedes,13.0,57,,0.0,,2023-10-08,2023,+91.014,,No,1:26.666,38.0,30.0,15.0,30.0,38.0,33.0,0.0,72.0,10.0,1010.0,0.0,40.0,24.0,30.0,113.0,113.0,113.0,0.0,8.0,11.6,météo correcte,,,,,,,,,,,,,doha
Qatar,14,20,Kevin Magnussen,Haas Ferrari,18.0,56,,0.0,,2023-10-08,2023,+1 lap,,No,1:27.067,38.0,30.0,15.0,30.0,38.0,33.0,0.0,72.0,10.0,1010.0,0.0,40.0,24.0,30.0,113.0,113.0,113.0,0.0,8.0,11.6,météo correcte,,,,,,,,,,,,,doha
Qatar,15,22,Yuki Tsunoda,AlphaTauri Honda RBPT,11.0,56,,0.0,,2023-10-08,2023,+1 lap,,No,1:27.174,38.0,30.0,15.0,30.0,38.0,33.0,0.0,72.0,10.0,1010.0,0.0,40.0,24.0,30.0,113.0,113.0,113.0,0.0,8.0,11.6,météo correcte,,,,,,,,,,,,,doha
Qatar,16,27,Nico Hulkenberg,Haas Ferrari,14.0,56,,0.0,,2023-10-08,2023,+1 lap,,No,1:26.499,38.0,30.0,15.0,30.0,38.0,33.0,0.0,72.0,10.0,1010.0,0.0,40.0,24.0,30.0,113.0,113.0,113.0,0.0,8.0,11.6,météo correcte,,,,,,,,,,,,,doha
Qatar,17,40,Liam Lawson,AlphaTauri Honda RBPT,17.0,56,,0.0,,2023-10-08,2023,+1 lap,,No,1:27.113,38.0,30.0,15.0,30.0,38.0,33.0,0.0,72.0,10.0,1010.0,0.0,40.0,24.0,30.0,113.0,113.0,113.0,0.0,8.0,11.6,météo correcte,,,,,,,,,,,,,doha
Qatar,NC,2,Logan Sargeant,Williams Mercedes,15.0,40,,0.0,,2023-10-08,2023,DNF,,No,1:27.983,38.0,30.0,15.0,30.0,38.0,33.0,0.0,72.0,10.0,1010.0,0.0,40.0,24.0,30.0,113.0,113.0,113.0,0.0,8.0,11.6,météo correcte,,,,,,,,,,,,,doha
Qatar,NC,44,Lewis Hamilton,Mercedes,3.0,0,,0.0,,2023-10-08,2023,DNF,,No,,38.0,30.0,15.0,30.0,38.0,33.0,0.0,72.0,10.0,1010.0,0.0,40.0,24.0,30.0,113.0,113.0,113.0,0.0,8.0,11.6,météo correcte,,,,,,,,,,,,,doha
Qatar,NC,55,Carlos Sainz,Ferrari,12.0,0,,0.0,,2023-10-08,2023,DNS,,No,,38.0,30.0,15.0,30.0,38.0,33.0,0.0,72.0,10.0,1010.0,0.0,40.0,24.0,30.0,113.0,113.0,113.0,0.0,8.0,11.6,météo correcte,,,,,,,,,,,,,doha
United States,1,1,Max Verstappen,Red Bull Racing Honda RBPT,6.0,56,,25.0,,2023-10-22,2023,1:35:21.362,,No,1:40.028,,,,,,,,,,,,,,,,,,,,,,,,,,,,,,,,,,
United States,DQ,44,Lewis Hamilton,Mercedes,3.0,56,,0.0,,2023-10-22,2023,+2.225,,No,1:39.582,,,,,,,,,,,,,,,,,,,,,,,,,,,,,,,,,,
United States,2,4,Lando Norris,McLaren Mercedes,2.0,56,,18.0,,2023-10-22,2023,+10.730,,No,1:39.985,,,,,,,,,,,,,,,,,,,,,,,,,,,,,,,,,,
United States,3,55,Carlos Sainz,Ferrari,4.0,56,,15.0,,2023-10-22,2023,+15.134,,No,1:40.034,,,,,,,,,,,,,,,,,,,,,,,,,,,,,,,,,,
United States,4,11,Sergio Perez,Red Bull Racing Honda RBPT,9.0,56,,12.0,,2023-10-22,2023,+18.460,,No,1:39.737,,,,,,,,,,,,,,,,,,,,,,,,,,,,,,,,,,
United States,DQ,16,Charles Leclerc,Ferrari,1.0,56,,0.0,,2023-10-22,2023,+24.662,,No,1:41.025,,,,,,,,,,,,,,,,,,,,,,,,,,,,,,,,,,
United States,5,63,George Russell,Mercedes,5.0,56,,10.0,,2023-10-22,2023,+24.999,,No,1:39.393,,,,,,,,,,,,,,,,,,,,,,,,,,,,,,,,,,
United States,6,10,Pierre Gasly,Alpine Renault,7.0,56,,8.0,,2023-10-22,2023,+47.996,,No,1:40.412,,,,,,,,,,,,,,,,,,,,,,,,,,,,,,,,,,
United States,7,18,Lance Stroll,Aston Martin Aramco Mercedes,20.0,56,,6.0,,2023-10-22,2023,+48.696,,No,1:39.908,,,,,,,,,,,,,,,,,,,,,,,,,,,,,,,,,,
United States,8,22,Yuki Tsunoda,AlphaTauri Honda RBPT,11.0,56,,5.0,,2023-10-22,2023,+74.385,,Yes,1:38.139,,,,,,,,,,,,,,,,,,,,,,,,,,,,,,,,,,
United States,9,23,Alexander Albon,Williams Mercedes,15.0,56,,2.0,,2023-10-22,2023,+86.714,,No,1:41.371,,,,,,,,,,,,,,,,,,,,,,,,,,,,,,,,,,
United States,10,2,Logan Sargeant,Williams Mercedes,16.0,56,,1.0,,2023-10-22,2023,+87.998,,No,1:41.238,,,,,,,,,,,,,,,,,,,,,,,,,,,,,,,,,,
United States,11,27,Nico Hulkenberg,Haas Ferrari,18.0,56,,0.0,,2023-10-22,2023,+89.904,,No,1:40.925,,,,,,,,,,,,,,,,,,,,,,,,,,,,,,,,,,
United States,12,77,Valtteri Bottas,Alfa Romeo Ferrari,13.0,56,,0.0,,2023-10-22,2023,+98.601,,No,1:41.972,,,,,,,,,,,,,,,,,,,,,,,,,,,,,,,,,,
United States,13,24,Guanyu Zhou,Alfa Romeo Ferrari,12.0,55,,0.0,,2023-10-22,2023,+1 lap,,No,1:41.879,,,,,,,,,,,,,,,,,,,,,,,,,,,,,,,,,,
United States,14,20,Kevin Magnussen,Haas Ferrari,17.0,55,,0.0,,2023-10-22,2023,+1 lap,,No,1:41.506,,,,,,,,,,,,,,,,,,,,,,,,,,,,,,,,,,
United States,15,3,Daniel Ricciardo,AlphaTauri Honda RBPT,14.0,55,,0.0,,2023-10-22,2023,+1 lap,,No,1:39.366,,,,,,,,,,,,,,,,,,,,,,,,,,,,,,,,,,
United States,NC,14,Fernando Alonso,Aston Martin Aramco Mercedes,19.0,49,,0.0,,2023-10-22,2023,DNF,,No,1:39.954,,,,,,,,,,,,,,,,,,,,,,,,,,,,,,,,,,
United States,NC,81,Oscar Piastri,McLaren Mercedes,10.0,10,,0.0,,2023-10-22,2023,DNF,,No,1:42.705,,,,,,,,,,,,,,,,,,,,,,,,,,,,,,,,,,
United States,NC,31,Esteban Ocon,Alpine Renault,8.0,6,,0.0,,2023-10-22,2023,DNF,,No,1:44.789,,,,,,,,,,,,,,,,,,,,,,,,,,,,,,,,,,
Mexico,1,1,Max Verstappen,Red Bull Racing Honda RBPT,3.0,71,,25.0,,2023-10-29,2023,2:02:30.814,,No,1:21.644,,,,,,,,,,,,,,,,,,,,,,,,,,,,,,,,,,
Mexico,2,44,Lewis Hamilton,Mercedes,6.0,71,,19.0,,2023-10-29,2023,+13.875,,Yes,1:21.334,,,,,,,,,,,,,,,,,,,,,,,,,,,,,,,,,,
Mexico,3,16,Charles Leclerc,Ferrari,1.0,71,,15.0,,2023-10-29,2023,+23.124,,No,1:22.332,,,,,,,,,,,,,,,,,,,,,,,,,,,,,,,,,,
Mexico,4,55,Carlos Sainz,Ferrari,2.0,71,,12.0,,2023-10-29,2023,+27.154,,No,1:22.539,,,,,,,,,,,,,,,,,,,,,,,,,,,,,,,,,,
Mexico,5,4,Lando Norris,McLaren Mercedes,17.0,71,,10.0,,2023-10-29,2023,+33.266,,No,1:21.944,,,,,,,,,,,,,,,,,,,,,,,,,,,,,,,,,,
Mexico,6,63,George Russell,Mercedes,8.0,71,,8.0,,2023-10-29,2023,+41.020,,No,1:22.780,,,,,,,,,,,,,,,,,,,,,,,,,,,,,,,,,,
Mexico,7,3,Daniel Ricciardo,AlphaTauri Honda RBPT,4.0,71,,6.0,,2023-10-29,2023,+41.570,,No,1:22.679,,,,,,,,,,,,,,,,,,,,,,,,,,,,,,,,,,
Mexico,8,81,Oscar Piastri,McLaren Mercedes,7.0,71,,4.0,,2023-10-29,2023,+43.104,,No,1:22.760,,,,,,,,,,,,,,,,,,,,,,,,,,,,,,,,,,
Mexico,9,23,Alexander Albon,Williams Mercedes,14.0,71,,2.0,,2023-10-29,2023,+48.573,,No,1:22.773,,,,,,,,,,,,,,,,,,,,,,,,,,,,,,,,,,
Mexico,10,31,Esteban Ocon,Alpine Renault,15.0,71,,1.0,,2023-10-29,2023,+62.879,,No,1:22.976,,,,,,,,,,,,,,,,,,,,,,,,,,,,,,,,,,
Mexico,11,10,Pierre Gasly,Alpine Renault,11.0,71,,0.0,,2023-10-29,2023,+66.208,,No,1:23.230,,,,,,,,,,,,,,,,,,,,,,,,,,,,,,,,,,
Mexico,12,22,Yuki Tsunoda,AlphaTauri Honda RBPT,18.0,71,,0.0,,2023-10-29,2023,+78.982,,No,1:22.501,,,,,,,,,,,,,,,,,,,,,,,,,,,,,,,,,,
Mexico,13,27,Nico Hulkenberg,Haas Ferrari,12.0,71,,0.0,,2023-10-29,2023,+80.309,,No,1:23.222,,,,,,,,,,,,,,,,,,,,,,,,,,,,,,,,,,
Mexico,14,24,Guanyu Zhou,Alfa Romeo Ferrari,10.0,71,,0.0,,2023-10-29,2023,+81.676,,No,1:23.567,,,,,,,,,,,,,,,,,,,,,,,,,,,,,,,,,,
Mexico,15,77,Valtteri Bottas,Alfa Romeo Ferrari,9.0,71,,0.0,,2023-10-29,2023,+85.597,,No,1:23.166,,,,,,,,,,,,,,,,,,,,,,,,,,,,,,,,,,
Mexico,16,2,Logan Sargeant,Williams Mercedes,19.0,70,,0.0,,2023-10-29,2023,DNF,,No,1:23.003,,,,,,,,,,,,,,,,,,,,,,,,,,,,,,,,,,
Mexico,17,18,Lance Stroll,Aston Martin Aramco Mercedes,20.0,66,,0.0,,2023-10-29,2023,DNF,,No,1:23.257,,,,,,,,,,,,,,,,,,,,,,,,,,,,,,,,,,
Mexico,NC,14,Fernando Alonso,Aston Martin Aramco Mercedes,13.0,47,,0.0,,2023-10-29,2023,DNF,,No,1:23.531,,,,,,,,,,,,,,,,,,,,,,,,,,,,,,,,,,
Mexico,NC,20,Kevin Magnussen,Haas Ferrari,16.0,31,,0.0,,2023-10-29,2023,DNF,,No,1:23.146,,,,,,,,,,,,,,,,,,,,,,,,,,,,,,,,,,
Mexico,NC,11,Sergio Perez,Red Bull Racing Honda RBPT,5.0,1,,0.0,,2023-10-29,2023,DNF,,No,,,,,,,,,,,,,,,,,,,,,,,,,,,,,,,,,,,
Brazil,1,1,Max Verstappen,Red Bull Racing Honda RBPT,1.0,71,,25.0,,2023-11-05,2023,1:56:48.894,,No,1:13.422,,,,,,,,,,,,,,,,,,,,,,,,,,,,,,,,,,
Brazil,2,4,Lando Norris,McLaren Mercedes,6.0,71,,19.0,,2023-11-05,2023,+8.227,,Yes,1:12.486,,,,,,,,,,,,,,,,,,,,,,,,,,,,,,,,,,
Brazil,3,14,Fernando Alonso,Aston Martin Aramco Mercedes,4.0,71,,15.0,,2023-11-05,2023,+34.155,,No,1:14.442,,,,,,,,,,,,,,,,,,,,,,,,,,,,,,,,,,
Brazil,4,11,Sergio Perez,Red Bull Racing Honda RBPT,9.0,71,,12.0,,2023-11-05,2023,+34.208,,No,1:14.124,,,,,,,,,,,,,,,,,,,,,,,,,,,,,,,,,,
Brazil,5,18,Lance Stroll,Aston Martin Aramco Mercedes,3.0,71,,10.0,,2023-11-05,2023,+40.845,,No,1:14.007,,,,,,,,,,,,,,,,,,,,,,,,,,,,,,,,,,
Brazil,6,55,Carlos Sainz,Ferrari,7.0,71,,8.0,,2023-11-05,2023,+50.188,,No,1:14.406,,,,,,,,,,,,,,,,,,,,,,,,,,,,,,,,,,
Brazil,7,10,Pierre Gasly,Alpine Renault,15.0,71,,6.0,,2023-11-05,2023,+56.093,,No,1:14.521,,,,,,,,,,,,,,,,,,,,,,,,,,,,,,,,,,
Brazil,8,44,Lewis Hamilton,Mercedes,5.0,71,,4.0,,2023-11-05,2023,+62.859,,No,1:14.739,,,,,,,,,,,,,,,,,,,,,,,,,,,,,,,,,,
Brazil,9,22,Yuki Tsunoda,AlphaTauri Honda RBPT,16.0,71,,2.0,,2023-11-05,2023,+69.880,,No,1:14.231,,,,,,,,,,,,,,,,,,,,,,,,,,,,,,,,,,
Brazil,10,31,Esteban Ocon,Alpine Renault,14.0,70,,1.0,,2023-11-05,2023,+1 lap,,No,1:14.206,,,,,,,,,,,,,,,,,,,,,,,,,,,,,,,,,,
Brazil,11,2,Logan Sargeant,Williams Mercedes,19.0,70,,0.0,,2023-11-05,2023,+1 lap,,No,1:15.738,,,,,,,,,,,,,,,,,,,,,,,,,,,,,,,,,,
Brazil,12,27,Nico Hulkenberg,Haas Ferrari,11.0,70,,0.0,,2023-11-05,2023,+1 lap,,No,1:15.036,,,,,,,,,,,,,,,,,,,,,,,,,,,,,,,,,,
Brazil,13,3,Daniel Ricciardo,AlphaTauri Honda RBPT,17.0,70,,0.0,,2023-11-05,2023,+1 lap,,No,1:13.866,,,,,,,,,,,,,,,,,,,,,,,,,,,,,,,,,,
Brazil,14,81,Oscar Piastri,McLaren Mercedes,10.0,69,,0.0,,2023-11-05,2023,+2 laps,,No,1:14.310,,,,,,,,,,,,,,,,,,,,,,,,,,,,,,,,,,
Brazil,NC,63,George Russell,Mercedes,8.0,57,,0.0,,2023-11-05,2023,DNF,,No,1:14.934,,,,,,,,,,,,,,,,,,,,,,,,,,,,,,,,,,
Brazil,NC,77,Valtteri Bottas,Alfa Romeo Ferrari,18.0,39,,0.0,,2023-11-05,2023,DNF,,No,1:15.731,,,,,,,,,,,,,,,,,,,,,,,,,,,,,,,,,,
Brazil,NC,24,Guanyu Zhou,Alfa Romeo Ferrari,20.0,22,,0.0,,2023-11-05,2023,DNF,,No,1:16.232,,,,,,,,,,,,,,,,,,,,,,,,,,,,,,,,,,
Brazil,NC,20,Kevin Magnussen,Haas Ferrari,12.0,0,,0.0,,2023-11-05,2023,DNF,,No,,,,,,,,,,,,,,,,,,,,,,,,,,,,,,,,,,,
Brazil,NC,23,Alexander Albon,Williams Mercedes,13.0,0,,0.0,,2023-11-05,2023,DNF,,No,,,,,,,,,,,,,,,,,,,,,,,,,,,,,,,,,,,
Brazil,NC,16,Charles Leclerc,Ferrari,2.0,0,,0.0,,2023-11-05,2023,DNS,,No,,,,,,,,,,,,,,,,,,,,,,,,,,,,,,,,,,,
Las Vegas,1,1,Max Verstappen,Red Bull Racing Honda RBPT,2.0,50,,25.0,,2023-11-19,2023,1:29:08.289,,No,1:35.614,,,,,,,,,,,,,,,,,,,,,,,,,,,,,,,,,,
Las Vegas,2,16,Charles Leclerc,Ferrari,1.0,50,,18.0,,2023-11-19,2023,+2.070,,No,1:35.669,,,,,,,,,,,,,,,,,,,,,,,,,,,,,,,,,,
Las Vegas,3,11,Sergio Perez,Red Bull Racing Honda RBPT,11.0,50,,15.0,,2023-11-19,2023,+2.241,,No,1:35.939,,,,,,,,,,,,,,,,,,,,,,,,,,,,,,,,,,
Las Vegas,4,31,Esteban Ocon,Alpine Renault,16.0,50,,12.0,,2023-11-19,2023,+18.665,,No,1:36.637,,,,,,,,,,,,,,,,,,,,,,,,,,,,,,,,,,
Las Vegas,5,18,Lance Stroll,Aston Martin Aramco Mercedes,19.0,50,,10.0,,2023-11-19,2023,+20.067,,No,1:36.584,,,,,,,,,,,,,,,,,,,,,,,,,,,,,,,,,,
Las Vegas,6,55,Carlos Sainz,Ferrari,12.0,50,,8.0,,2023-11-19,2023,+20.834,,No,1:35.984,,,,,,,,,,,,,,,,,,,,,,,,,,,,,,,,,,
Las Vegas,7,44,Lewis Hamilton,Mercedes,10.0,50,,6.0,,2023-11-19,2023,+21.755,,No,1:35.716,,,,,,,,,,,,,,,,,,,,,,,,,,,,,,,,,,
Las Vegas,8,63,George Russell,Mercedes,3.0,50,,4.0,,2023-11-19,2023,+23.091,,No,1:36.071,,,,,,,,,,,,,,,,,,,,,,,,,,,,,,,,,,
Las Vegas,9,14,Fernando Alonso,Aston Martin Aramco Mercedes,9.0,50,,2.0,,2023-11-19,2023,+25.964,,No,1:36.559,,,,,,,,,,,,,,,,,,,,,,,,,,,,,,,,,,
Las Vegas,10,81,Oscar Piastri,McLaren Mercedes,18.0,50,,2.0,,2023-11-19,2023,+29.496,,Yes,1:35.490,,,,,,,,,,,,,,,,,,,,,,,,,,,,,,,,,,
Las Vegas,11,10,Pierre Gasly,Alpine Renault,4.0,50,,0.0,,2023-11-19,2023,+34.270,,No,1:36.913,,,,,,,,,,,,,,,,,,,,,,,,,,,,,,,,,,
Las Vegas,12,23,Alexander Albon,Williams Mercedes,5.0,50,,0.0,,2023-11-19,2023,+43.398,,No,1:37.357,,,,,,,,,,,,,,,,,,,,,,,,,,,,,,,,,,
Las Vegas,13,20,Kevin Magnussen,Haas Ferrari,8.0,50,,0.0,,2023-11-19,2023,+44.825,,No,1:37.455,,,,,,,,,,,,,,,,,,,,,,,,,,,,,,,,,,
Las Vegas,14,3,Daniel Ricciardo,AlphaTauri Honda RBPT,14.0,50,,0.0,,2023-11-19,2023,+48.525,,No,1:37.108,,,,,,,,,,,,,,,,,,,,,,,,,,,,,,,,,,
Las Vegas,15,24,Guanyu Zhou,Alfa Romeo Ferrari,17.0,50,,0.0,,2023-11-19,2023,+50.162,,No,1:37.375,,,,,,,,,,,,,,,,,,,,,,,,,,,,,,,,,,
Las Vegas,16,2,Logan Sargeant,Williams Mercedes,6.0,50,,0.0,,2023-11-19,2023,+50.882,,No,1:37.740,,,,,,,,,,,,,,,,,,,,,,,,,,,,,,,,,,
Las Vegas,17,77,Valtteri Bottas,Alfa Romeo Ferrari,7.0,50,,0.0,,2023-11-19,2023,+85.350,,No,1:37.562,,,,,,,,,,,,,,,,,,,,,,,,,,,,,,,,,,
Las Vegas,18,22,Yuki Tsunoda,AlphaTauri Honda RBPT,20.0,46,,0.0,,2023-11-19,2023,DNF,,No,1:37.587,,,,,,,,,,,,,,,,,,,,,,,,,,,,,,,,,,
Las Vegas,19,27,Nico Hulkenberg,Haas Ferrari,13.0,45,,0.0,,2023-11-19,2023,DNF,,No,1:37.565,,,,,,,,,,,,,,,,,,,,,,,,,,,,,,,,,,
Las Vegas,NC,4,Lando Norris,McLaren Mercedes,15.0,2,,0.0,,2023-11-19,2023,DNF,,No,1:59.327,,,,,,,,,,,,,,,,,,,,,,,,,,,,,,,,,,
Abu Dhabi,1,1,Max Verstappen,Red Bull Racing Honda RBPT,1.0,58,,26.0,,2023-11-26,2023,1:27:02.624,,Yes,1:26.993,,,,,,,,,,,,,,,,,,,,,,,,,,,,,,,,,,
Abu Dhabi,2,16,Charles Leclerc,Ferrari,2.0,58,,18.0,,2023-11-26,2023,+17.993,,No,1:28.199,,,,,,,,,,,,,,,,,,,,,,,,,,,,,,,,,,
Abu Dhabi,3,63,George Russell,Mercedes,4.0,58,,15.0,,2023-11-26,2023,+20.328,,No,1:28.187,,,,,,,,,,,,,,,,,,,,,,,,,,,,,,,,,,
Abu Dhabi,4,11,Sergio Perez,Red Bull Racing Honda RBPT,9.0,58,,12.0,,2023-11-26,2023,+21.453,,No,1:27.493,,,,,,,,,,,,,,,,,,,,,,,,,,,,,,,,,,
Abu Dhabi,5,4,Lando Norris,McLaren Mercedes,5.0,58,,10.0,,2023-11-26,2023,+24.284,,No,1:28.164,,,,,,,,,,,,,,,,,,,,,,,,,,,,,,,,,,
Abu Dhabi,6,81,Oscar Piastri,McLaren Mercedes,3.0,58,,8.0,,2023-11-26,2023,+31.487,,No,1:28.138,,,,,,,,,,,,,,,,,,,,,,,,,,,,,,,,,,
Abu Dhabi,7,14,Fernando Alonso,Aston Martin Aramco Mercedes,7.0,58,,6.0,,2023-11-26,2023,+39.512,,No,1:28.256,,,,,,,,,,,,,,,,,,,,,,,,,,,,,,,,,,
Abu Dhabi,8,22,Yuki Tsunoda,AlphaTauri Honda RBPT,6.0,58,,4.0,,2023-11-26,2023,+43.088,,No,1:29.256,,,,,,,,,,,,,,,,,,,,,,,,,,,,,,,,,,
Abu Dhabi,9,44,Lewis Hamilton,Mercedes,11.0,58,,2.0,,2023-11-26,2023,+44.424,,No,1:28.372,,,,,,,,,,,,,,,,,,,,,,,,,,,,,,,,,,
Abu Dhabi,10,18,Lance Stroll,Aston Martin Aramco Mercedes,13.0,58,,1.0,,2023-11-26,2023,+55.632,,No,1:28.050,,,,,,,,,,,,,,,,,,,,,,,,,,,,,,,,,,
Abu Dhabi,11,3,Daniel Ricciardo,AlphaTauri Honda RBPT,15.0,58,,0.0,,2023-11-26,2023,+56.229,,No,1:28.571,,,,,,,,,,,,,,,,,,,,,,,,,,,,,,,,,,
Abu Dhabi,12,31,Esteban Ocon,Alpine Renault,12.0,58,,0.0,,2023-11-26,2023,+66.373,,No,1:30.033,,,,,,,,,,,,,,,,,,,,,,,,,,,,,,,,,,
Abu Dhabi,13,10,Pierre Gasly,Alpine Renault,10.0,58,,0.0,,2023-11-26,2023,+70.360,,No,1:29.016,,,,,,,,,,,,,,,,,,,,,,,,,,,,,,,,,,
Abu Dhabi,14,23,Alexander Albon,Williams Mercedes,14.0,58,,0.0,,2023-11-26,2023,+73.184,,No,1:27.845,,,,,,,,,,,,,,,,,,,,,,,,,,,,,,,,,,
Abu Dhabi,15,27,Nico Hulkenberg,Haas Ferrari,8.0,58,,0.0,,2023-11-26,2023,+83.696,,No,1:29.217,,,,,,,,,,,,,,,,,,,,,,,,,,,,,,,,,,
Abu Dhabi,16,2,Logan Sargeant,Williams Mercedes,20.0,58,,0.0,,2023-11-26,2023,+87.791,,No,1:28.580,,,,,,,,,,,,,,,,,,,,,,,,,,,,,,,,,,
Abu Dhabi,17,24,Guanyu Zhou,Alfa Romeo Ferrari,19.0,58,,0.0,,2023-11-26,2023,+89.422,,No,1:28.746,,,,,,,,,,,,,,,,,,,,,,,,,,,,,,,,,,
Abu Dhabi,18,55,Carlos Sainz,Ferrari,16.0,57,,0.0,,2023-11-26,2023,DNF,,No,1:29.452,,,,,,,,,,,,,,,,,,,,,,,,,,,,,,,,,,
Abu Dhabi,19,77,Valtteri Bottas,Alfa Romeo Ferrari,18.0,57,,0.0,,2023-11-26,2023,+1 lap,,No,1:29.863,,,,,,,,,,,,,,,,,,,,,,,,,,,,,,,,,,
Abu Dhabi,20,20,Kevin Magnussen,Haas Ferrari,17.0,57,,0.0,,2023-11-26,2023,+1 lap,,No,1:29.934,,,,,,,,,,,,,,,,,,,,,,,,,,,,,,,,,,
Bahrain,1,1,Max Verstappen,Red Bull Racing Honda RBPT,1.0,57,,26.0,,2024-03-02,2024,1:31:44.742,,Yes,1:32.608,18.0,17.0,13.0,17.0,18.0,18.0,0.0,45.0,10.0,1021.0,5.375,18.0,6.0,17.0,113.0,113.0,113.0,0.0,5.0,11.0,météo favorable,,,,,,,,,,,,,manama
Bahrain,2,11,Sergio Perez,Red Bull Racing Honda RBPT,5.0,57,,18.0,,2024-03-02,2024,+22.457,,No,1:34.364,18.0,17.0,13.0,17.0,18.0,18.0,0.0,45.0,10.0,1021.0,5.375,18.0,6.0,17.0,113.0,113.0,113.0,0.0,5.0,11.0,météo favorable,,,,,,,,,,,,,manama
Bahrain,3,55,Carlos Sainz,Ferrari,4.0,57,,15.0,,2024-03-02,2024,+25.110,,No,1:34.507,18.0,17.0,13.0,17.0,18.0,18.0,0.0,45.0,10.0,1021.0,5.375,18.0,6.0,17.0,113.0,113.0,113.0,0.0,5.0,11.0,météo favorable,,,,,,,,,,,,,manama
Bahrain,4,16,Charles Leclerc,Ferrari,2.0,57,,12.0,,2024-03-02,2024,+39.669,,No,1:34.090,18.0,17.0,13.0,17.0,18.0,18.0,0.0,45.0,10.0,1021.0,5.375,18.0,6.0,17.0,113.0,113.0,113.0,0.0,5.0,11.0,météo favorable,,,,,,,,,,,,,manama
Bahrain,5,63,George Russell,Mercedes,3.0,57,,10.0,,2024-03-02,2024,+46.788,,No,1:35.065,18.0,17.0,13.0,17.0,18.0,18.0,0.0,45.0,10.0,1021.0,5.375,18.0,6.0,17.0,113.0,113.0,113.0,0.0,5.0,11.0,météo favorable,,,,,,,,,,,,,manama
Bahrain,6,4,Lando Norris,McLaren Mercedes,7.0,57,,8.0,,2024-03-02,2024,+48.458,,No,1:34.476,18.0,17.0,13.0,17.0,18.0,18.0,0.0,45.0,10.0,1021.0,5.375,18.0,6.0,17.0,113.0,113.0,113.0,0.0,5.0,11.0,météo favorable,,,,,,,,,,,,,manama
Bahrain,7,44,Lewis Hamilton,Mercedes,9.0,57,,6.0,,2024-03-02,2024,+50.324,,No,1:34.722,18.0,17.0,13.0,17.0,18.0,18.0,0.0,45.0,10.0,1021.0,5.375,18.0,6.0,17.0,113.0,113.0,113.0,0.0,5.0,11.0,météo favorable,,,,,,,,,,,,,manama
Bahrain,8,81,Oscar Piastri,McLaren Mercedes,8.0,57,,4.0,,2024-03-02,2024,+56.082,,No,1:34.983,18.0,17.0,13.0,17.0,18.0,18.0,0.0,45.0,10.0,1021.0,5.375,18.0,6.0,17.0,113.0,113.0,113.0,0.0,5.0,11.0,météo favorable,,,,,,,,,,,,,manama
Bahrain,9,14,Fernando Alonso,Aston Martin Aramco Mercedes,6.0,57,,2.0,,2024-03-02,2024,+74.887,,No,1:34.199,18.0,17.0,13.0,17.0,18.0,18.0,0.0,45.0,10.0,1021.0,5.375,18.0,6.0,17.0,113.0,113.0,113.0,0.0,5.0,11.0,météo favorable,,,,,,,,,,,,,manama
Bahrain,10,18,Lance Stroll,Aston Martin Aramco Mercedes,12.0,57,,1.0,,2024-03-02,2024,+93.216,,No,1:35.632,18.0,17.0,13.0,17.0,18.0,18.0,0.0,45.0,10.0,1021.0,5.375,18.0,6.0,17.0,113.0,113.0,113.0,0.0,5.0,11.0,météo favorable,,,,,,,,,,,,,manama
Bahrain,11,24,Guanyu Zhou,Kick Sauber Ferrari,17.0,56,,0.0,,2024-03-02,2024,+1 lap,,No,1:35.458,18.0,17.0,13.0,17.0,18.0,18.0,0.0,45.0,10.0,1021.0,5.375,18.0,6.0,17.0,113.0,113.0,113.0,0.0,5.0,11.0,météo favorable,,,,,,,,,,,,,manama
Bahrain,12,20,Kevin Magnussen,Haas Ferrari,15.0,56,,0.0,,2024-03-02,2024,+1 lap,,No,1:35.570,18.0,17.0,13.0,17.0,18.0,18.0,0.0,45.0,10.0,1021.0,5.375,18.0,6.0,17.0,113.0,113.0,113.0,0.0,5.0,11.0,météo favorable,,,,,,,,,,,,,manama
Bahrain,13,3,Daniel Ricciardo,RB Honda RBPT,14.0,56,,0.0,,2024-03-02,2024,+1 lap,,No,1:35.163,18.0,17.0,13.0,17.0,18.0,18.0,0.0,45.0,10.0,1021.0,5.375,18.0,6.0,17.0,113.0,113.0,113.0,0.0,5.0,11.0,météo favorable,,,,,,,,,,,,,manama
Bahrain,14,22,Yuki Tsunoda,RB Honda RBPT,11.0,56,,0.0,,2024-03-02,2024,+1 lap,,No,1:35.833,18.0,17.0,13.0,17.0,18.0,18.0,0.0,45.0,10.0,1021.0,5.375,18.0,6.0,17.0,113.0,113.0,113.0,0.0,5.0,11.0,météo favorable,,,,,,,,,,,,,manama
Bahrain,15,23,Alexander Albon,Williams Mercedes,13.0,56,,0.0,,2024-03-02,2024,+1 lap,,No,1:35.723,18.0,17.0,13.0,17.0,18.0,18.0,0.0,45.0,10.0,1021.0,5.375,18.0,6.0,17.0,113.0,113.0,113.0,0.0,5.0,11.0,météo favorable,,,,,,,,,,,,,manama
Bahrain,16,27,Nico Hulkenberg,Haas Ferrari,10.0,56,,0.0,,2024-03-02,2024,+1 lap,,No,1:34.834,18.0,17.0,13.0,17.0,18.0,18.0,0.0,45.0,10.0,1021.0,5.375,18.0,6.0,17.0,113.0,113.0,113.0,0.0,5.0,11.0,météo favorable,,,,,,,,,,,,,manama
Bahrain,17,31,Esteban Ocon,Alpine Renault,19.0,56,,0.0,,2024-03-02,2024,+1 lap,,No,1:36.226,18.0,17.0,13.0,17.0,18.0,18.0,0.0,45.0,10.0,1021.0,5.375,18.0,6.0,17.0,113.0,113.0,113.0,0.0,5.0,11.0,météo favorable,,,,,,,,,,,,,manama
Bahrain,18,10,Pierre Gasly,Alpine Renault,20.0,56,,0.0,,2024-03-02,2024,+1 lap,,No,1:34.805,18.0,17.0,13.0,17.0,18.0,18.0,0.0,45.0,10.0,1021.0,5.375,18.0,6.0,17.0,113.0,113.0,113.0,0.0,5.0,11.0,météo favorable,,,,,,,,,,,,,manama
Bahrain,19,77,Valtteri Bottas,Kick Sauber Ferrari,16.0,56,,0.0,,2024-03-02,2024,+1 lap,,No,1:36.202,18.0,17.0,13.0,17.0,18.0,18.0,0.0,45.0,10.0,1021.0,5.375,18.0,6.0,17.0,113.0,113.0,113.0,0.0,5.0,11.0,météo favorable,,,,,,,,,,,,,manama
Bahrain,20,2,Logan Sargeant,Williams Mercedes,18.0,55,,0.0,,2024-03-02,2024,+2 laps,,No,1:34.735,18.0,17.0,13.0,17.0,18.0,18.0,0.0,45.0,10.0,1021.0,5.375,18.0,6.0,17.0,113.0,113.0,113.0,0.0,5.0,11.0,météo favorable,,,,,,,,,,,,,manama
Saudi Arabia,1,1,Max Verstappen,Red Bull Racing Honda RBPT,1.0,50,,25.0,,2024-03-09,2024,1:20:43.273,,No,1:31.773,,,,,,,,,,,,,,,,,,,,,,,,,,,,,,,,,,
Saudi Arabia,2,11,Sergio Perez,Red Bull Racing Honda RBPT,3.0,50,,18.0,,2024-03-09,2024,+13.643,,No,1:32.273,,,,,,,,,,,,,,,,,,,,,,,,,,,,,,,,,,
Saudi Arabia,3,16,Charles Leclerc,Ferrari,2.0,50,,16.0,,2024-03-09,2024,+18.639,,Yes,1:31.632,,,,,,,,,,,,,,,,,,,,,,,,,,,,,,,,,,
Saudi Arabia,4,81,Oscar Piastri,McLaren Mercedes,5.0,50,,12.0,,2024-03-09,2024,+32.007,,No,1:32.310,,,,,,,,,,,,,,,,,,,,,,,,,,,,,,,,,,
Saudi Arabia,5,14,Fernando Alonso,Aston Martin Aramco Mercedes,4.0,50,,10.0,,2024-03-09,2024,+35.759,,No,1:32.387,,,,,,,,,,,,,,,,,,,,,,,,,,,,,,,,,,
Saudi Arabia,6,63,George Russell,Mercedes,7.0,50,,8.0,,2024-03-09,2024,+39.936,,No,1:32.254,,,,,,,,,,,,,,,,,,,,,,,,,,,,,,,,,,
Saudi Arabia,7,38,Oliver Bearman,Ferrari,11.0,50,,6.0,,2024-03-09,2024,+42.679,,No,1:32.186,,,,,,,,,,,,,,,,,,,,,,,,,,,,,,,,,,
Saudi Arabia,8,4,Lando Norris,McLaren Mercedes,6.0,50,,4.0,,2024-03-09,2024,+45.708,,No,1:31.944,,,,,,,,,,,,,,,,,,,,,,,,,,,,,,,,,,
Saudi Arabia,9,44,Lewis Hamilton,Mercedes,8.0,50,,2.0,,2024-03-09,2024,+47.391,,No,1:31.746,,,,,,,,,,,,,,,,,,,,,,,,,,,,,,,,,,
Saudi Arabia,10,27,Nico Hulkenberg,Haas Ferrari,15.0,50,,1.0,,2024-03-09,2024,+76.996,,No,1:32.366,,,,,,,,,,,,,,,,,,,,,,,,,,,,,,,,,,
Saudi Arabia,11,23,Alexander Albon,Williams Mercedes,12.0,50,,0.0,,2024-03-09,2024,+88.354,,No,1:32.307,,,,,,,,,,,,,,,,,,,,,,,,,,,,,,,,,,
Saudi Arabia,12,20,Kevin Magnussen,Haas Ferrari,13.0,50,,0.0,,2024-03-09,2024,+105.737,,No,1:32.338,,,,,,,,,,,,,,,,,,,,,,,,,,,,,,,,,,
Saudi Arabia,13,31,Esteban Ocon,Alpine Renault,17.0,49,,0.0,,2024-03-09,2024,+1 lap,,No,1:33.481,,,,,,,,,,,,,,,,,,,,,,,,,,,,,,,,,,
Saudi Arabia,14,2,Logan Sargeant,Williams Mercedes,19.0,49,,0.0,,2024-03-09,2024,+1 lap,,No,1:33.026,,,,,,,,,,,,,,,,,,,,,,,,,,,,,,,,,,
Saudi Arabia,15,22,Yuki Tsunoda,RB Honda RBPT,9.0,49,,0.0,,2024-03-09,2024,+1 lap,,No,1:33.523,,,,,,,,,,,,,,,,,,,,,,,,,,,,,,,,,,
Saudi Arabia,16,3,Daniel Ricciardo,RB Honda RBPT,14.0,49,,0.0,,2024-03-09,2024,+1 lap,,No,1:33.323,,,,,,,,,,,,,,,,,,,,,,,,,,,,,,,,,,
Saudi Arabia,17,77,Valtteri Bottas,Kick Sauber Ferrari,16.0,49,,0.0,,2024-03-09,2024,+1 lap,,No,1:32.706,,,,,,,,,,,,,,,,,,,,,,,,,,,,,,,,,,
Saudi Arabia,18,24,Guanyu Zhou,Kick Sauber Ferrari,20.0,49,,0.0,,2024-03-09,2024,+1 lap,,No,1:32.208,,,,,,,,,,,,,,,,,,,,,,,,,,,,,,,,,,
Saudi Arabia,NC,18,Lance Stroll,Aston Martin Aramco Mercedes,10.0,5,,0.0,,2024-03-09,2024,DNF,,No,1:35.560,,,,,,,,,,,,,,,,,,,,,,,,,,,,,,,,,,
Saudi Arabia,NC,10,Pierre Gasly,Alpine Renault,18.0,1,,0.0,,2024-03-09,2024,DNF,,No,,,,,,,,,,,,,,,,,,,,,,,,,,,,,,,,,,,
Australia,1,55,Carlos Sainz,Ferrari,2.0,58,,25.0,,2024-03-23,2024,1:20:26.843,,No,1:20.031,18.0,13.0,22.0,13.0,18.0,17.0,0.0,80.0,10.0,1026.0,31.625,18.0,11.0,13.0,116.0,176.0,116.0,0.0,5.0,9.0,météo favorable,,,,,,,,,,,,,melbourne
Australia,2,16,Charles Leclerc,Ferrari,4.0,58,,19.0,,2024-03-23,2024,+2.366,,Yes,1:19.813,18.0,13.0,22.0,13.0,18.0,17.0,0.0,80.0,10.0,1026.0,31.625,18.0,11.0,13.0,116.0,176.0,116.0,0.0,5.0,9.0,météo favorable,,,,,,,,,,,,,melbourne
Australia,3,4,Lando Norris,McLaren Mercedes,3.0,58,,15.0,,2024-03-23,2024,+5.904,,No,1:19.915,18.0,13.0,22.0,13.0,18.0,17.0,0.0,80.0,10.0,1026.0,31.625,18.0,11.0,13.0,116.0,176.0,116.0,0.0,5.0,9.0,météo favorable,,,,,,,,,,,,,melbourne
Australia,4,81,Oscar Piastri,McLaren Mercedes,5.0,58,,12.0,,2024-03-23,2024,+35.770,,No,1:20.199,18.0,13.0,22.0,13.0,18.0,17.0,0.0,80.0,10.0,1026.0,31.625,18.0,11.0,13.0,116.0,176.0,116.0,0.0,5.0,9.0,météo favorable,,,,,,,,,,,,,melbourne
Australia,5,11,Sergio Perez,Red Bull Racing Honda RBPT,6.0,58,,10.0,,2024-03-23,2024,+56.309,,No,1:20.388,18.0,13.0,22.0,13.0,18.0,17.0,0.0,80.0,10.0,1026.0,31.625,18.0,11.0,13.0,116.0,176.0,116.0,0.0,5.0,9.0,météo favorable,,,,,,,,,,,,,melbourne
Australia,6,18,Lance Stroll,Aston Martin Aramco Mercedes,9.0,58,,8.0,,2024-03-23,2024,+93.222,,No,1:20.930,18.0,13.0,22.0,13.0,18.0,17.0,0.0,80.0,10.0,1026.0,31.625,18.0,11.0,13.0,116.0,176.0,116.0,0.0,5.0,9.0,météo favorable,,,,,,,,,,,,,melbourne
Australia,7,22,Yuki Tsunoda,RB Honda RBPT,8.0,58,,6.0,,2024-03-23,2024,+95.601,,No,1:21.134,18.0,13.0,22.0,13.0,18.0,17.0,0.0,80.0,10.0,1026.0,31.625,18.0,11.0,13.0,116.0,176.0,116.0,0.0,5.0,9.0,météo favorable,,,,,,,,,,,,,melbourne
Australia,8,14,Fernando Alonso,Aston Martin Aramco Mercedes,10.0,58,,4.0,,2024-03-23,2024,+100.992,,No,1:20.493,18.0,13.0,22.0,13.0,18.0,17.0,0.0,80.0,10.0,1026.0,31.625,18.0,11.0,13.0,116.0,176.0,116.0,0.0,5.0,9.0,météo favorable,,,,,,,,,,,,,melbourne
Australia,9,27,Nico Hulkenberg,Haas Ferrari,16.0,58,,2.0,,2024-03-23,2024,+104.553,,No,1:21.145,18.0,13.0,22.0,13.0,18.0,17.0,0.0,80.0,10.0,1026.0,31.625,18.0,11.0,13.0,116.0,176.0,116.0,0.0,5.0,9.0,météo favorable,,,,,,,,,,,,,melbourne
Australia,10,20,Kevin Magnussen,Haas Ferrari,14.0,57,,1.0,,2024-03-23,2024,+1 lap,,No,1:21.082,18.0,13.0,22.0,13.0,18.0,17.0,0.0,80.0,10.0,1026.0,31.625,18.0,11.0,13.0,116.0,176.0,116.0,0.0,5.0,9.0,météo favorable,,,,,,,,,,,,,melbourne
Australia,11,23,Alexander Albon,Williams Mercedes,12.0,57,,0.0,,2024-03-23,2024,+1 lap,,No,1:21.618,18.0,13.0,22.0,13.0,18.0,17.0,0.0,80.0,10.0,1026.0,31.625,18.0,11.0,13.0,116.0,176.0,116.0,0.0,5.0,9.0,météo favorable,,,,,,,,,,,,,melbourne
Australia,12,3,Daniel Ricciardo,RB Honda RBPT,18.0,57,,0.0,,2024-03-23,2024,+1 lap,,No,1:21.239,18.0,13.0,22.0,13.0,18.0,17.0,0.0,80.0,10.0,1026.0,31.625,18.0,11.0,13.0,116.0,176.0,116.0,0.0,5.0,9.0,météo favorable,,,,,,,,,,,,,melbourne
Australia,13,10,Pierre Gasly,Alpine Renault,17.0,57,,0.0,,2024-03-23,2024,+1 lap,,No,1:21.090,18.0,13.0,22.0,13.0,18.0,17.0,0.0,80.0,10.0,1026.0,31.625,18.0,11.0,13.0,116.0,176.0,116.0,0.0,5.0,9.0,météo favorable,,,,,,,,,,,,,melbourne
Australia,14,77,Valtteri Bottas,Kick Sauber Ferrari,13.0,57,,0.0,,2024-03-23,2024,+1 lap,,No,1:21.422,18.0,13.0,22.0,13.0,18.0,17.0,0.0,80.0,10.0,1026.0,31.625,18.0,11.0,13.0,116.0,176.0,116.0,0.0,5.0,9.0,météo favorable,,,,,,,,,,,,,melbourne
Australia,15,24,Guanyu Zhou,Kick Sauber Ferrari,19.0,57,,0.0,,2024-03-23,2024,+1 lap,,No,1:21.327,18.0,13.0,22.0,13.0,18.0,17.0,0.0,80.0,10.0,1026.0,31.625,18.0,11.0,13.0,116.0,176.0,116.0,0.0,5.0,9.0,météo favorable,,,,,,,,,,,,,melbourne
Australia,16,31,Esteban Ocon,Alpine Renault,15.0,57,,0.0,,2024-03-23,2024,+1 lap,,No,1:21.354,18.0,13.0,22.0,13.0,18.0,17.0,0.0,80.0,10.0,1026.0,31.625,18.0,11.0,13.0,116.0,176.0,116.0,0.0,5.0,9.0,météo favorable,,,,,,,,,,,,,melbourne
Australia,17,63,George Russell,Mercedes,7.0,56,,0.0,,2024-03-23,2024,DNF,,No,1:20.284,18.0,13.0,22.0,13.0,18.0,17.0,0.0,80.0,10.0,1026.0,31.625,18.0,11.0,13.0,116.0,176.0,116.0,0.0,5.0,9.0,météo favorable,,,,,,,,,,,,,melbourne
Australia,NC,44,Lewis Hamilton,Mercedes,11.0,15,,0.0,,2024-03-23,2024,DNF,,No,1:22.444,18.0,13.0,22.0,13.0,18.0,17.0,0.0,80.0,10.0,1026.0,31.625,18.0,11.0,13.0,116.0,176.0,116.0,0.0,5.0,9.0,météo favorable,,,,,,,,,,,,,melbourne
Australia,NC,1,Max Verstappen,Red Bull Racing Honda RBPT,1.0,3,,0.0,,2024-03-23,2024,DNF,,No,1:23.115,18.0,13.0,22.0,13.0,18.0,17.0,0.0,80.0,10.0,1026.0,31.625,18.0,11.0,13.0,116.0,176.0,116.0,0.0,5.0,9.0,météo favorable,,,,,,,,,,,,,melbourne
Japan,1,1,Max Verstappen,Red Bull Racing Honda RBPT,1.0,53,,26.0,,2024-04-06,2024,1:54:23.566,,Yes,1:33.706,19.0,12.0,10.0,12.0,18.0,17.0,0.0,89.0,10.0,1021.0,61.625,19.0,10.0,12.0,119.0,116.0,116.0,0.0,4.0,11.0,météo correcte,,,,,,,,,,,,,nagoya
Japan,2,11,Sergio Perez,Red Bull Racing Honda RBPT,2.0,53,,18.0,,2024-04-06,2024,+12.535,,No,1:33.945,19.0,12.0,10.0,12.0,18.0,17.0,0.0,89.0,10.0,1021.0,61.625,19.0,10.0,12.0,119.0,116.0,116.0,0.0,4.0,11.0,météo correcte,,,,,,,,,,,,,nagoya
Japan,3,55,Carlos Sainz,Ferrari,4.0,53,,15.0,,2024-04-06,2024,+20.866,,No,1:33.841,19.0,12.0,10.0,12.0,18.0,17.0,0.0,89.0,10.0,1021.0,61.625,19.0,10.0,12.0,119.0,116.0,116.0,0.0,4.0,11.0,météo correcte,,,,,,,,,,,,,nagoya
Japan,4,16,Charles Leclerc,Ferrari,8.0,53,,12.0,,2024-04-06,2024,+26.522,,No,1:35.044,19.0,12.0,10.0,12.0,18.0,17.0,0.0,89.0,10.0,1021.0,61.625,19.0,10.0,12.0,119.0,116.0,116.0,0.0,4.0,11.0,météo correcte,,,,,,,,,,,,,nagoya
Japan,5,4,Lando Norris,McLaren Mercedes,3.0,53,,10.0,,2024-04-06,2024,+29.700,,No,1:35.186,19.0,12.0,10.0,12.0,18.0,17.0,0.0,89.0,10.0,1021.0,61.625,19.0,10.0,12.0,119.0,116.0,116.0,0.0,4.0,11.0,météo correcte,,,,,,,,,,,,,nagoya
Japan,6,14,Fernando Alonso,Aston Martin Aramco Mercedes,5.0,53,,8.0,,2024-04-06,2024,+44.272,,No,1:34.726,19.0,12.0,10.0,12.0,18.0,17.0,0.0,89.0,10.0,1021.0,61.625,19.0,10.0,12.0,119.0,116.0,116.0,0.0,4.0,11.0,météo correcte,,,,,,,,,,,,,nagoya
Japan,7,63,George Russell,Mercedes,9.0,53,,6.0,,2024-04-06,2024,+45.951,,No,1:34.404,19.0,12.0,10.0,12.0,18.0,17.0,0.0,89.0,10.0,1021.0,61.625,19.0,10.0,12.0,119.0,116.0,116.0,0.0,4.0,11.0,météo correcte,,,,,,,,,,,,,nagoya
Japan,8,81,Oscar Piastri,McLaren Mercedes,6.0,53,,4.0,,2024-04-06,2024,+47.525,,No,1:34.802,19.0,12.0,10.0,12.0,18.0,17.0,0.0,89.0,10.0,1021.0,61.625,19.0,10.0,12.0,119.0,116.0,116.0,0.0,4.0,11.0,météo correcte,,,,,,,,,,,,,nagoya
Japan,9,44,Lewis Hamilton,Mercedes,7.0,53,,2.0,,2024-04-06,2024,+48.626,,No,1:33.952,19.0,12.0,10.0,12.0,18.0,17.0,0.0,89.0,10.0,1021.0,61.625,19.0,10.0,12.0,119.0,116.0,116.0,0.0,4.0,11.0,météo correcte,,,,,,,,,,,,,nagoya
Japan,10,22,Yuki Tsunoda,RB Honda RBPT,10.0,52,,1.0,,2024-04-06,2024,+1 lap,,No,1:36.342,19.0,12.0,10.0,12.0,18.0,17.0,0.0,89.0,10.0,1021.0,61.625,19.0,10.0,12.0,119.0,116.0,116.0,0.0,4.0,11.0,météo correcte,,,,,,,,,,,,,nagoya
Japan,11,27,Nico Hulkenberg,Haas Ferrari,12.0,52,,0.0,,2024-04-06,2024,+1 lap,,No,1:35.325,19.0,12.0,10.0,12.0,18.0,17.0,0.0,89.0,10.0,1021.0,61.625,19.0,10.0,12.0,119.0,116.0,116.0,0.0,4.0,11.0,météo correcte,,,,,,,,,,,,,nagoya
Japan,12,18,Lance Stroll,Aston Martin Aramco Mercedes,16.0,52,,0.0,,2024-04-06,2024,+1 lap,,No,1:35.798,19.0,12.0,10.0,12.0,18.0,17.0,0.0,89.0,10.0,1021.0,61.625,19.0,10.0,12.0,119.0,116.0,116.0,0.0,4.0,11.0,météo correcte,,,,,,,,,,,,,nagoya
Japan,13,20,Kevin Magnussen,Haas Ferrari,18.0,52,,0.0,,2024-04-06,2024,+1 lap,,No,1:36.654,19.0,12.0,10.0,12.0,18.0,17.0,0.0,89.0,10.0,1021.0,61.625,19.0,10.0,12.0,119.0,116.0,116.0,0.0,4.0,11.0,météo correcte,,,,,,,,,,,,,nagoya
Japan,14,77,Valtteri Bottas,Kick Sauber Ferrari,13.0,52,,0.0,,2024-04-06,2024,+1 lap,,No,1:36.608,19.0,12.0,10.0,12.0,18.0,17.0,0.0,89.0,10.0,1021.0,61.625,19.0,10.0,12.0,119.0,116.0,116.0,0.0,4.0,11.0,météo correcte,,,,,,,,,,,,,nagoya
Japan,15,31,Esteban Ocon,Alpine Renault,15.0,52,,0.0,,2024-04-06,2024,+1 lap,,No,1:36.232,19.0,12.0,10.0,12.0,18.0,17.0,0.0,89.0,10.0,1021.0,61.625,19.0,10.0,12.0,119.0,116.0,116.0,0.0,4.0,11.0,météo correcte,,,,,,,,,,,,,nagoya
Japan,16,10,Pierre Gasly,Alpine Renault,17.0,52,,0.0,,2024-04-06,2024,+1 lap,,No,1:36.642,19.0,12.0,10.0,12.0,18.0,17.0,0.0,89.0,10.0,1021.0,61.625,19.0,10.0,12.0,119.0,116.0,116.0,0.0,4.0,11.0,météo correcte,,,,,,,,,,,,,nagoya
Japan,17,2,Logan Sargeant,Williams Mercedes,19.0,52,,0.0,,2024-04-06,2024,+1 lap,,No,1:34.900,19.0,12.0,10.0,12.0,18.0,17.0,0.0,89.0,10.0,1021.0,61.625,19.0,10.0,12.0,119.0,116.0,116.0,0.0,4.0,11.0,météo correcte,,,,,,,,,,,,,nagoya
Japan,NC,24,Guanyu Zhou,Kick Sauber Ferrari,20.0,12,,0.0,,2024-04-06,2024,DNF,,No,1:37.160,19.0,12.0,10.0,12.0,18.0,17.0,0.0,89.0,10.0,1021.0,61.625,19.0,10.0,12.0,119.0,116.0,116.0,0.0,4.0,11.0,météo correcte,,,,,,,,,,,,,nagoya
Japan,NC,3,Daniel Ricciardo,RB Honda RBPT,11.0,0,,0.0,,2024-04-06,2024,DNF,,No,,19.0,12.0,10.0,12.0,18.0,17.0,0.0,89.0,10.0,1021.0,61.625,19.0,10.0,12.0,119.0,116.0,116.0,0.0,4.0,11.0,météo correcte,,,,,,,,,,,,,nagoya
Japan,NC,23,Alexander Albon,Williams Mercedes,14.0,0,,0.0,,2024-04-06,2024,DNF,,No,,19.0,12.0,10.0,12.0,18.0,17.0,0.0,89.0,10.0,1021.0,61.625,19.0,10.0,12.0,119.0,116.0,116.0,0.0,4.0,11.0,météo correcte,,,,,,,,,,,,,nagoya
China,1,1,Max Verstappen,Red Bull Racing Honda RBPT,1.0,56,,25.0,,2024-04-21,2024,1:40:52.554,,No,1:38.406,,,,,,,,,,,,,,,,,,,,,,,,,,,,,,,,,,
China,2,4,Lando Norris,McLaren Mercedes,4.0,56,,18.0,,2024-04-21,2024,+13.773,,No,1:38.751,,,,,,,,,,,,,,,,,,,,,,,,,,,,,,,,,,
China,3,11,Sergio Perez,Red Bull Racing Honda RBPT,2.0,56,,15.0,,2024-04-21,2024,+19.160,,No,1:39.388,,,,,,,,,,,,,,,,,,,,,,,,,,,,,,,,,,
China,4,16,Charles Leclerc,Ferrari,6.0,56,,12.0,,2024-04-21,2024,+23.623,,No,1:39.384,,,,,,,,,,,,,,,,,,,,,,,,,,,,,,,,,,
China,5,55,Carlos Sainz,Ferrari,7.0,56,,10.0,,2024-04-21,2024,+33.983,,No,1:39.764,,,,,,,,,,,,,,,,,,,,,,,,,,,,,,,,,,
China,6,63,George Russell,Mercedes,8.0,56,,8.0,,2024-04-21,2024,+38.724,,No,1:40.112,,,,,,,,,,,,,,,,,,,,,,,,,,,,,,,,,,
China,7,14,Fernando Alonso,Aston Martin Aramco Mercedes,3.0,56,,7.0,,2024-04-21,2024,+43.414,,Yes,1:37.810,,,,,,,,,,,,,,,,,,,,,,,,,,,,,,,,,,
China,8,81,Oscar Piastri,McLaren Mercedes,5.0,56,,4.0,,2024-04-21,2024,+56.198,,No,1:39.739,,,,,,,,,,,,,,,,,,,,,,,,,,,,,,,,,,
China,9,44,Lewis Hamilton,Mercedes,18.0,56,,2.0,,2024-04-21,2024,+57.986,,No,1:40.835,,,,,,,,,,,,,,,,,,,,,,,,,,,,,,,,,,
China,10,27,Nico Hulkenberg,Haas Ferrari,9.0,56,,1.0,,2024-04-21,2024,+60.476,,No,1:40.815,,,,,,,,,,,,,,,,,,,,,,,,,,,,,,,,,,
China,11,31,Esteban Ocon,Alpine Renault,13.0,56,,0.0,,2024-04-21,2024,+62.812,,No,1:40.937,,,,,,,,,,,,,,,,,,,,,,,,,,,,,,,,,,
China,12,23,Alexander Albon,Williams Mercedes,14.0,56,,0.0,,2024-04-21,2024,+65.506,,No,1:40.790,,,,,,,,,,,,,,,,,,,,,,,,,,,,,,,,,,
China,13,10,Pierre Gasly,Alpine Renault,15.0,56,,0.0,,2024-04-21,2024,+69.223,,No,1:39.198,,,,,,,,,,,,,,,,,,,,,,,,,,,,,,,,,,
China,14,24,Guanyu Zhou,Kick Sauber Ferrari,16.0,56,,0.0,,2024-04-21,2024,+71.689,,No,1:38.633,,,,,,,,,,,,,,,,,,,,,,,,,,,,,,,,,,
China,15,18,Lance Stroll,Aston Martin Aramco Mercedes,11.0,56,,0.0,,2024-04-21,2024,+82.786,,No,1:39.444,,,,,,,,,,,,,,,,,,,,,,,,,,,,,,,,,,
China,16,20,Kevin Magnussen,Haas Ferrari,17.0,56,,0.0,,2024-04-21,2024,+87.533,,No,1:41.077,,,,,,,,,,,,,,,,,,,,,,,,,,,,,,,,,,
China,17,2,Logan Sargeant,Williams Mercedes,20.0,56,,0.0,,2024-04-21,2024,+95.110,,No,1:41.000,,,,,,,,,,,,,,,,,,,,,,,,,,,,,,,,,,
China,NC,3,Daniel Ricciardo,RB Honda RBPT,12.0,33,,0.0,,2024-04-21,2024,DNF,,No,1:40.994,,,,,,,,,,,,,,,,,,,,,,,,,,,,,,,,,,
China,NC,22,Yuki Tsunoda,RB Honda RBPT,19.0,26,,0.0,,2024-04-21,2024,DNF,,No,1:41.593,,,,,,,,,,,,,,,,,,,,,,,,,,,,,,,,,,
China,NC,77,Valtteri Bottas,Kick Sauber Ferrari,10.0,19,,0.0,,2024-04-21,2024,DNF,,No,1:41.276,,,,,,,,,,,,,,,,,,,,,,,,,,,,,,,,,,
Miami,1,4,Lando Norris,McLaren Mercedes,5.0,57,,25.0,,2024-05-05,2024,1:30:49.876,,No,1:30.980,,,,,,,,,,,,,,,,,,,,,,,,,,,,,,,,,,
Miami,2,1,Max Verstappen,Red Bull Racing Honda RBPT,1.0,57,,18.0,,2024-05-05,2024,+7.612,,No,1:31.261,,,,,,,,,,,,,,,,,,,,,,,,,,,,,,,,,,
Miami,3,16,Charles Leclerc,Ferrari,2.0,57,,15.0,,2024-05-05,2024,+9.920,,No,1:31.084,,,,,,,,,,,,,,,,,,,,,,,,,,,,,,,,,,
Miami,4,11,Sergio Perez,Red Bull Racing Honda RBPT,4.0,57,,12.0,,2024-05-05,2024,+14.650,,No,1:30.855,,,,,,,,,,,,,,,,,,,,,,,,,,,,,,,,,,
Miami,5,55,Carlos Sainz,Ferrari,3.0,57,,10.0,,2024-05-05,2024,+16.407,,No,1:30.928,,,,,,,,,,,,,,,,,,,,,,,,,,,,,,,,,,
Miami,6,44,Lewis Hamilton,Mercedes,8.0,57,,8.0,,2024-05-05,2024,+16.585,,No,1:31.233,,,,,,,,,,,,,,,,,,,,,,,,,,,,,,,,,,
Miami,7,22,Yuki Tsunoda,RB Honda RBPT,10.0,57,,6.0,,2024-05-05,2024,+26.185,,No,1:31.682,,,,,,,,,,,,,,,,,,,,,,,,,,,,,,,,,,
Miami,8,63,George Russell,Mercedes,7.0,57,,4.0,,2024-05-05,2024,+34.789,,No,1:31.921,,,,,,,,,,,,,,,,,,,,,,,,,,,,,,,,,,
Miami,9,14,Fernando Alonso,Aston Martin Aramco Mercedes,15.0,57,,2.0,,2024-05-05,2024,+37.107,,No,1:31.727,,,,,,,,,,,,,,,,,,,,,,,,,,,,,,,,,,
Miami,10,31,Esteban Ocon,Alpine Renault,13.0,57,,1.0,,2024-05-05,2024,+39.746,,No,1:32.037,,,,,,,,,,,,,,,,,,,,,,,,,,,,,,,,,,
Miami,11,27,Nico Hulkenberg,Haas Ferrari,9.0,57,,0.0,,2024-05-05,2024,+40.789,,No,1:31.941,,,,,,,,,,,,,,,,,,,,,,,,,,,,,,,,,,
Miami,12,10,Pierre Gasly,Alpine Renault,12.0,57,,0.0,,2024-05-05,2024,+44.958,,No,1:32.055,,,,,,,,,,,,,,,,,,,,,,,,,,,,,,,,,,
Miami,13,81,Oscar Piastri,McLaren Mercedes,6.0,57,,0.0,,2024-05-05,2024,+49.756,,Yes,1:30.634,,,,,,,,,,,,,,,,,,,,,,,,,,,,,,,,,,
Miami,14,24,Guanyu Zhou,Kick Sauber Ferrari,19.0,57,,0.0,,2024-05-05,2024,+49.979,,No,1:31.991,,,,,,,,,,,,,,,,,,,,,,,,,,,,,,,,,,
Miami,15,3,Daniel Ricciardo,RB Honda RBPT,20.0,57,,0.0,,2024-05-05,2024,+50.956,,No,1:32.122,,,,,,,,,,,,,,,,,,,,,,,,,,,,,,,,,,
Miami,16,77,Valtteri Bottas,Kick Sauber Ferrari,16.0,57,,0.0,,2024-05-05,2024,+52.356,,No,1:32.098,,,,,,,,,,,,,,,,,,,,,,,,,,,,,,,,,,
Miami,17,18,Lance Stroll,Aston Martin Aramco Mercedes,11.0,57,,0.0,,2024-05-05,2024,+55.173,,No,1:31.588,,,,,,,,,,,,,,,,,,,,,,,,,,,,,,,,,,
Miami,18,23,Alexander Albon,Williams Mercedes,14.0,57,,0.0,,2024-05-05,2024,+76.091,,No,1:30.849,,,,,,,,,,,,,,,,,,,,,,,,,,,,,,,,,,
Miami,19,20,Kevin Magnussen,Haas Ferrari,18.0,57,,0.0,,2024-05-05,2024,+84.683,,No,1:31.774,,,,,,,,,,,,,,,,,,,,,,,,,,,,,,,,,,
Miami,NC,2,Logan Sargeant,Williams Mercedes,17.0,27,,0.0,,2024-05-05,2024,DNF,,No,1:33.452,,,,,,,,,,,,,,,,,,,,,,,,,,,,,,,,,,
Emilia Romagna,1,1,Max Verstappen,Red Bull Racing Honda RBPT,1.0,63,,25.0,,2024-05-19,2024,1:25:25.252,,No,1:20.366,,,,,,,,,,,,,,,,,,,,,,,,,,,,,,,,,,
Emilia Romagna,2,4,Lando Norris,McLaren Mercedes,2.0,63,,18.0,,2024-05-19,2024,+0.725,,No,1:19.994,,,,,,,,,,,,,,,,,,,,,,,,,,,,,,,,,,
Emilia Romagna,3,16,Charles Leclerc,Ferrari,3.0,63,,15.0,,2024-05-19,2024,+7.916,,No,1:19.935,,,,,,,,,,,,,,,,,,,,,,,,,,,,,,,,,,
Emilia Romagna,4,81,Oscar Piastri,McLaren Mercedes,5.0,63,,12.0,,2024-05-19,2024,+14.132,,No,1:19.907,,,,,,,,,,,,,,,,,,,,,,,,,,,,,,,,,,
Emilia Romagna,5,55,Carlos Sainz,Ferrari,4.0,63,,10.0,,2024-05-19,2024,+22.325,,No,1:20.220,,,,,,,,,,,,,,,,,,,,,,,,,,,,,,,,,,
Emilia Romagna,6,44,Lewis Hamilton,Mercedes,8.0,63,,8.0,,2024-05-19,2024,+35.104,,No,1:20.331,,,,,,,,,,,,,,,,,,,,,,,,,,,,,,,,,,
Emilia Romagna,7,63,George Russell,Mercedes,6.0,63,,7.0,,2024-05-19,2024,+47.154,,Yes,1:18.589,,,,,,,,,,,,,,,,,,,,,,,,,,,,,,,,,,
Emilia Romagna,8,11,Sergio Perez,Red Bull Racing Honda RBPT,11.0,63,,4.0,,2024-05-19,2024,+54.776,,No,1:19.686,,,,,,,,,,,,,,,,,,,,,,,,,,,,,,,,,,
Emilia Romagna,9,18,Lance Stroll,Aston Martin Aramco Mercedes,13.0,63,,2.0,,2024-05-19,2024,+79.556,,No,1:20.570,,,,,,,,,,,,,,,,,,,,,,,,,,,,,,,,,,
Emilia Romagna,10,22,Yuki Tsunoda,RB Honda RBPT,7.0,62,,1.0,,2024-05-19,2024,+1 lap,,No,1:20.936,,,,,,,,,,,,,,,,,,,,,,,,,,,,,,,,,,
Emilia Romagna,11,27,Nico Hulkenberg,Haas Ferrari,10.0,62,,0.0,,2024-05-19,2024,+1 lap,,No,1:21.700,,,,,,,,,,,,,,,,,,,,,,,,,,,,,,,,,,
Emilia Romagna,12,20,Kevin Magnussen,Haas Ferrari,18.0,62,,0.0,,2024-05-19,2024,+1 lap,,No,1:21.009,,,,,,,,,,,,,,,,,,,,,,,,,,,,,,,,,,
Emilia Romagna,13,3,Daniel Ricciardo,RB Honda RBPT,9.0,62,,0.0,,2024-05-19,2024,+1 lap,,No,1:21.569,,,,,,,,,,,,,,,,,,,,,,,,,,,,,,,,,,
Emilia Romagna,14,31,Esteban Ocon,Alpine Renault,12.0,62,,0.0,,2024-05-19,2024,+1 lap,,No,1:21.304,,,,,,,,,,,,,,,,,,,,,,,,,,,,,,,,,,
Emilia Romagna,15,24,Guanyu Zhou,Kick Sauber Ferrari,17.0,62,,0.0,,2024-05-19,2024,+1 lap,,No,1:21.016,,,,,,,,,,,,,,,,,,,,,,,,,,,,,,,,,,
Emilia Romagna,16,10,Pierre Gasly,Alpine Renault,15.0,62,,0.0,,2024-05-19,2024,+1 lap,,No,1:21.371,,,,,,,,,,,,,,,,,,,,,,,,,,,,,,,,,,
Emilia Romagna,17,2,Logan Sargeant,Williams Mercedes,19.0,62,,0.0,,2024-05-19,2024,+1 lap,,No,1:21.229,,,,,,,,,,,,,,,,,,,,,,,,,,,,,,,,,,
Emilia Romagna,18,77,Valtteri Bottas,Kick Sauber Ferrari,16.0,62,,0.0,,2024-05-19,2024,+1 lap,,No,1:21.455,,,,,,,,,,,,,,,,,,,,,,,,,,,,,,,,,,
Emilia Romagna,19,14,Fernando Alonso,Aston Martin Aramco Mercedes,20.0,62,,0.0,,2024-05-19,2024,+1 lap,,No,1:19.004,,,,,,,,,,,,,,,,,,,,,,,,,,,,,,,,,,
Emilia Romagna,NC,23,Alexander Albon,Williams Mercedes,14.0,51,,0.0,,2024-05-19,2024,DNF,,No,1:21.274,,,,,,,,,,,,,,,,,,,,,,,,,,,,,,,,,,
Monaco,1,16,Charles Leclerc,Ferrari,1.0,78,,25.0,,2024-05-26,2024,2:23:15.554,,No,1:15.162,,,,,,,,,,,,,,,,,,,,,,,,,,,,,,,,,,
Monaco,2,81,Oscar Piastri,McLaren Mercedes,2.0,78,,18.0,,2024-05-26,2024,+7.152,,No,1:16.281,,,,,,,,,,,,,,,,,,,,,,,,,,,,,,,,,,
Monaco,3,55,Carlos Sainz,Ferrari,3.0,78,,15.0,,2024-05-26,2024,+7.585,,No,1:14.726,,,,,,,,,,,,,,,,,,,,,,,,,,,,,,,,,,
Monaco,4,4,Lando Norris,McLaren Mercedes,4.0,78,,12.0,,2024-05-26,2024,+8.650,,No,1:15.742,,,,,,,,,,,,,,,,,,,,,,,,,,,,,,,,,,
Monaco,5,63,George Russell,Mercedes,5.0,78,,10.0,,2024-05-26,2024,+13.309,,No,1:15.228,,,,,,,,,,,,,,,,,,,,,,,,,,,,,,,,,,
Monaco,6,1,Max Verstappen,Red Bull Racing Honda RBPT,6.0,78,,8.0,,2024-05-26,2024,+13.853,,No,1:14.569,,,,,,,,,,,,,,,,,,,,,,,,,,,,,,,,,,
Monaco,7,44,Lewis Hamilton,Mercedes,7.0,78,,7.0,,2024-05-26,2024,+14.908,,Yes,1:14.165,,,,,,,,,,,,,,,,,,,,,,,,,,,,,,,,,,
Monaco,8,22,Yuki Tsunoda,RB Honda RBPT,8.0,77,,4.0,,2024-05-26,2024,+1 lap,,No,1:14.720,,,,,,,,,,,,,,,,,,,,,,,,,,,,,,,,,,
Monaco,9,23,Alexander Albon,Williams Mercedes,9.0,77,,2.0,,2024-05-26,2024,+1 lap,,No,1:17.060,,,,,,,,,,,,,,,,,,,,,,,,,,,,,,,,,,
Monaco,10,10,Pierre Gasly,Alpine Renault,10.0,77,,1.0,,2024-05-26,2024,+1 lap,,No,1:15.625,,,,,,,,,,,,,,,,,,,,,,,,,,,,,,,,,,
Monaco,11,14,Fernando Alonso,Aston Martin Aramco Mercedes,14.0,76,,0.0,,2024-05-26,2024,+2 laps,,No,1:17.939,,,,,,,,,,,,,,,,,,,,,,,,,,,,,,,,,,
Monaco,12,3,Daniel Ricciardo,RB Honda RBPT,12.0,76,,0.0,,2024-05-26,2024,+2 laps,,No,1:17.172,,,,,,,,,,,,,,,,,,,,,,,,,,,,,,,,,,
Monaco,13,77,Valtteri Bottas,Kick Sauber Ferrari,17.0,76,,0.0,,2024-05-26,2024,+2 laps,,No,1:16.561,,,,,,,,,,,,,,,,,,,,,,,,,,,,,,,,,,
Monaco,14,18,Lance Stroll,Aston Martin Aramco Mercedes,13.0,76,,0.0,,2024-05-26,2024,+2 laps,,No,1:16.710,,,,,,,,,,,,,,,,,,,,,,,,,,,,,,,,,,
Monaco,15,2,Logan Sargeant,Williams Mercedes,15.0,76,,0.0,,2024-05-26,2024,+2 laps,,No,1:15.525,,,,,,,,,,,,,,,,,,,,,,,,,,,,,,,,,,
Monaco,16,24,Guanyu Zhou,Kick Sauber Ferrari,18.0,76,,0.0,,2024-05-26,2024,+2 laps,,No,1:14.718,,,,,,,,,,,,,,,,,,,,,,,,,,,,,,,,,,
Monaco,NC,31,Esteban Ocon,Alpine Renault,11.0,0,,0.0,,2024-05-26,2024,DNF,,No,,,,,,,,,,,,,,,,,,,,,,,,,,,,,,,,,,,
Monaco,NC,11,Sergio Perez,Red Bull Racing Honda RBPT,16.0,0,,0.0,,2024-05-26,2024,DNF,,No,,,,,,,,,,,,,,,,,,,,,,,,,,,,,,,,,,,
Monaco,NC,27,Nico Hulkenberg,Haas Ferrari,19.0,0,,0.0,,2024-05-26,2024,DNF,,No,,,,,,,,,,,,,,,,,,,,,,,,,,,,,,,,,,,
Monaco,NC,20,Kevin Magnussen,Haas Ferrari,20.0,0,,0.0,,2024-05-26,2024,DNF,,No,,,,,,,,,,,,,,,,,,,,,,,,,,,,,,,,,,,
Canada,1,1,Max Verstappen,Red Bull Racing Honda RBPT,2.0,70,,25.0,,2024-06-09,2024,1:45:47.927,,No,1:15.569,17.0,13.0,18.0,13.0,14.0,17.0,2.0,89.0,9.75,1002.0,70.75,17.0,13.0,11.0,176.0,353.0,176.0,0.0,3.0,6.0,météo défavorable,,,,,,,,,,,,,montreal
Canada,2,4,Lando Norris,McLaren Mercedes,3.0,70,,18.0,,2024-06-09,2024,+3.879,,No,1:15.558,17.0,13.0,18.0,13.0,14.0,17.0,2.0,89.0,9.75,1002.0,70.75,17.0,13.0,11.0,176.0,353.0,176.0,0.0,3.0,6.0,météo défavorable,,,,,,,,,,,,,montreal
Canada,3,63,George Russell,Mercedes,1.0,70,,15.0,,2024-06-09,2024,+4.317,,No,1:14.895,17.0,13.0,18.0,13.0,14.0,17.0,2.0,89.0,9.75,1002.0,70.75,17.0,13.0,11.0,176.0,353.0,176.0,0.0,3.0,6.0,météo défavorable,,,,,,,,,,,,,montreal
Canada,4,44,Lewis Hamilton,Mercedes,7.0,70,,13.0,,2024-06-09,2024,+4.915,,Yes,1:14.856,17.0,13.0,18.0,13.0,14.0,17.0,2.0,89.0,9.75,1002.0,70.75,17.0,13.0,11.0,176.0,353.0,176.0,0.0,3.0,6.0,météo défavorable,,,,,,,,,,,,,montreal
Canada,5,81,Oscar Piastri,McLaren Mercedes,4.0,70,,10.0,,2024-06-09,2024,+10.199,,No,1:16.247,17.0,13.0,18.0,13.0,14.0,17.0,2.0,89.0,9.75,1002.0,70.75,17.0,13.0,11.0,176.0,353.0,176.0,0.0,3.0,6.0,météo défavorable,,,,,,,,,,,,,montreal
Canada,6,14,Fernando Alonso,Aston Martin Aramco Mercedes,6.0,70,,8.0,,2024-06-09,2024,+17.510,,No,1:16.303,17.0,13.0,18.0,13.0,14.0,17.0,2.0,89.0,9.75,1002.0,70.75,17.0,13.0,11.0,176.0,353.0,176.0,0.0,3.0,6.0,météo défavorable,,,,,,,,,,,,,montreal
Canada,7,18,Lance Stroll,Aston Martin Aramco Mercedes,9.0,70,,6.0,,2024-06-09,2024,+23.625,,No,1:16.762,17.0,13.0,18.0,13.0,14.0,17.0,2.0,89.0,9.75,1002.0,70.75,17.0,13.0,11.0,176.0,353.0,176.0,0.0,3.0,6.0,météo défavorable,,,,,,,,,,,,,montreal
Canada,8,3,Daniel Ricciardo,RB Honda RBPT,5.0,70,,4.0,,2024-06-09,2024,+28.672,,No,1:17.076,17.0,13.0,18.0,13.0,14.0,17.0,2.0,89.0,9.75,1002.0,70.75,17.0,13.0,11.0,176.0,353.0,176.0,0.0,3.0,6.0,météo défavorable,,,,,,,,,,,,,montreal
Canada,9,10,Pierre Gasly,Alpine Renault,15.0,70,,2.0,,2024-06-09,2024,+30.021,,No,1:17.013,17.0,13.0,18.0,13.0,14.0,17.0,2.0,89.0,9.75,1002.0,70.75,17.0,13.0,11.0,176.0,353.0,176.0,0.0,3.0,6.0,météo défavorable,,,,,,,,,,,,,montreal
Canada,10,31,Esteban Ocon,Alpine Renault,18.0,70,,1.0,,2024-06-09,2024,+30.313,,No,1:17.012,17.0,13.0,18.0,13.0,14.0,17.0,2.0,89.0,9.75,1002.0,70.75,17.0,13.0,11.0,176.0,353.0,176.0,0.0,3.0,6.0,météo défavorable,,,,,,,,,,,,,montreal
Canada,11,27,Nico Hulkenberg,Haas Ferrari,17.0,70,,0.0,,2024-06-09,2024,+30.824,,No,1:16.683,17.0,13.0,18.0,13.0,14.0,17.0,2.0,89.0,9.75,1002.0,70.75,17.0,13.0,11.0,176.0,353.0,176.0,0.0,3.0,6.0,météo défavorable,,,,,,,,,,,,,montreal
Canada,12,20,Kevin Magnussen,Haas Ferrari,14.0,70,,0.0,,2024-06-09,2024,+31.253,,No,1:16.499,17.0,13.0,18.0,13.0,14.0,17.0,2.0,89.0,9.75,1002.0,70.75,17.0,13.0,11.0,176.0,353.0,176.0,0.0,3.0,6.0,météo défavorable,,,,,,,,,,,,,montreal
Canada,13,77,Valtteri Bottas,Kick Sauber Ferrari,19.0,70,,0.0,,2024-06-09,2024,+40.487,,No,1:17.250,17.0,13.0,18.0,13.0,14.0,17.0,2.0,89.0,9.75,1002.0,70.75,17.0,13.0,11.0,176.0,353.0,176.0,0.0,3.0,6.0,météo défavorable,,,,,,,,,,,,,montreal
Canada,14,22,Yuki Tsunoda,RB Honda RBPT,8.0,70,,0.0,,2024-06-09,2024,+52.694,,No,1:17.309,17.0,13.0,18.0,13.0,14.0,17.0,2.0,89.0,9.75,1002.0,70.75,17.0,13.0,11.0,176.0,353.0,176.0,0.0,3.0,6.0,météo défavorable,,,,,,,,,,,,,montreal
Canada,15,24,Guanyu Zhou,Kick Sauber Ferrari,20.0,69,,0.0,,2024-06-09,2024,+1 lap,,No,1:17.325,17.0,13.0,18.0,13.0,14.0,17.0,2.0,89.0,9.75,1002.0,70.75,17.0,13.0,11.0,176.0,353.0,176.0,0.0,3.0,6.0,météo défavorable,,,,,,,,,,,,,montreal
Canada,NC,55,Carlos Sainz,Ferrari,12.0,52,,0.0,,2024-06-09,2024,DNF,,No,1:18.957,17.0,13.0,18.0,13.0,14.0,17.0,2.0,89.0,9.75,1002.0,70.75,17.0,13.0,11.0,176.0,353.0,176.0,0.0,3.0,6.0,météo défavorable,,,,,,,,,,,,,montreal
Canada,NC,23,Alexander Albon,Williams Mercedes,10.0,52,,0.0,,2024-06-09,2024,DNF,,No,1:19.359,17.0,13.0,18.0,13.0,14.0,17.0,2.0,89.0,9.75,1002.0,70.75,17.0,13.0,11.0,176.0,353.0,176.0,0.0,3.0,6.0,météo défavorable,,,,,,,,,,,,,montreal
Canada,NC,11,Sergio Perez,Red Bull Racing Honda RBPT,16.0,51,,0.0,,2024-06-09,2024,DNF,,No,1:18.819,17.0,13.0,18.0,13.0,14.0,17.0,2.0,89.0,9.75,1002.0,70.75,17.0,13.0,11.0,176.0,353.0,176.0,0.0,3.0,6.0,météo défavorable,,,,,,,,,,,,,montreal
Canada,NC,16,Charles Leclerc,Ferrari,11.0,40,,0.0,,2024-06-09,2024,DNF,,No,1:26.012,17.0,13.0,18.0,13.0,14.0,17.0,2.0,89.0,9.75,1002.0,70.75,17.0,13.0,11.0,176.0,353.0,176.0,0.0,3.0,6.0,météo défavorable,,,,,,,,,,,,,montreal
Canada,NC,2,Logan Sargeant,Williams Mercedes,13.0,23,,0.0,,2024-06-09,2024,DNF,,No,1:26.484,17.0,13.0,18.0,13.0,14.0,17.0,2.0,89.0,9.75,1002.0,70.75,17.0,13.0,11.0,176.0,353.0,176.0,0.0,3.0,6.0,météo défavorable,,,,,,,,,,,,,montreal
Spain,1,1,Max Verstappen,Red Bull Racing Honda RBPT,2.0,66,,25.0,,2024-06-23,2024,1:28:20.227,,No,1:17.776,22.0,20.0,26.0,20.0,20.0,22.0,2.0,83.0,10.0,1018.0,72.875,25.0,18.0,20.0,353.0,176.0,176.0,0.0,5.0,10.0,météo défavorable,,,,,,,,,,,,,barcelona
Spain,2,4,Lando Norris,McLaren Mercedes,1.0,66,,19.0,,2024-06-23,2024,+2.219,,Yes,1:17.115,22.0,20.0,26.0,20.0,20.0,22.0,2.0,83.0,10.0,1018.0,72.875,25.0,18.0,20.0,353.0,176.0,176.0,0.0,5.0,10.0,météo défavorable,,,,,,,,,,,,,barcelona
Spain,3,44,Lewis Hamilton,Mercedes,3.0,66,,15.0,,2024-06-23,2024,+17.790,,No,1:17.809,22.0,20.0,26.0,20.0,20.0,22.0,2.0,83.0,10.0,1018.0,72.875,25.0,18.0,20.0,353.0,176.0,176.0,0.0,5.0,10.0,météo défavorable,,,,,,,,,,,,,barcelona
Spain,4,63,George Russell,Mercedes,4.0,66,,12.0,,2024-06-23,2024,+22.320,,No,1:18.290,22.0,20.0,26.0,20.0,20.0,22.0,2.0,83.0,10.0,1018.0,72.875,25.0,18.0,20.0,353.0,176.0,176.0,0.0,5.0,10.0,météo défavorable,,,,,,,,,,,,,barcelona
Spain,5,16,Charles Leclerc,Ferrari,5.0,66,,10.0,,2024-06-23,2024,+22.709,,No,1:17.897,22.0,20.0,26.0,20.0,20.0,22.0,2.0,83.0,10.0,1018.0,72.875,25.0,18.0,20.0,353.0,176.0,176.0,0.0,5.0,10.0,météo défavorable,,,,,,,,,,,,,barcelona
Spain,6,55,Carlos Sainz,Ferrari,6.0,66,,8.0,,2024-06-23,2024,+31.028,,No,1:18.539,22.0,20.0,26.0,20.0,20.0,22.0,2.0,83.0,10.0,1018.0,72.875,25.0,18.0,20.0,353.0,176.0,176.0,0.0,5.0,10.0,météo défavorable,,,,,,,,,,,,,barcelona
Spain,7,81,Oscar Piastri,McLaren Mercedes,9.0,66,,6.0,,2024-06-23,2024,+33.760,,No,1:17.874,22.0,20.0,26.0,20.0,20.0,22.0,2.0,83.0,10.0,1018.0,72.875,25.0,18.0,20.0,353.0,176.0,176.0,0.0,5.0,10.0,météo défavorable,,,,,,,,,,,,,barcelona
Spain,8,11,Sergio Perez,Red Bull Racing Honda RBPT,11.0,66,,4.0,,2024-06-23,2024,+59.524,,No,1:17.785,22.0,20.0,26.0,20.0,20.0,22.0,2.0,83.0,10.0,1018.0,72.875,25.0,18.0,20.0,353.0,176.0,176.0,0.0,5.0,10.0,météo défavorable,,,,,,,,,,,,,barcelona
Spain,9,10,Pierre Gasly,Alpine Renault,7.0,66,,2.0,,2024-06-23,2024,+62.025,,No,1:19.045,22.0,20.0,26.0,20.0,20.0,22.0,2.0,83.0,10.0,1018.0,72.875,25.0,18.0,20.0,353.0,176.0,176.0,0.0,5.0,10.0,météo défavorable,,,,,,,,,,,,,barcelona
Spain,10,31,Esteban Ocon,Alpine Renault,8.0,66,,1.0,,2024-06-23,2024,+71.889,,No,1:18.982,22.0,20.0,26.0,20.0,20.0,22.0,2.0,83.0,10.0,1018.0,72.875,25.0,18.0,20.0,353.0,176.0,176.0,0.0,5.0,10.0,météo défavorable,,,,,,,,,,,,,barcelona
Spain,11,27,Nico Hulkenberg,Haas Ferrari,13.0,66,,0.0,,2024-06-23,2024,+79.215,,No,1:18.609,22.0,20.0,26.0,20.0,20.0,22.0,2.0,83.0,10.0,1018.0,72.875,25.0,18.0,20.0,353.0,176.0,176.0,0.0,5.0,10.0,météo défavorable,,,,,,,,,,,,,barcelona
Spain,12,14,Fernando Alonso,Aston Martin Aramco Mercedes,10.0,65,,0.0,,2024-06-23,2024,+1 lap,,No,1:18.334,22.0,20.0,26.0,20.0,20.0,22.0,2.0,83.0,10.0,1018.0,72.875,25.0,18.0,20.0,353.0,176.0,176.0,0.0,5.0,10.0,météo défavorable,,,,,,,,,,,,,barcelona
Spain,13,24,Guanyu Zhou,Kick Sauber Ferrari,15.0,65,,0.0,,2024-06-23,2024,+1 lap,,No,1:18.771,22.0,20.0,26.0,20.0,20.0,22.0,2.0,83.0,10.0,1018.0,72.875,25.0,18.0,20.0,353.0,176.0,176.0,0.0,5.0,10.0,météo défavorable,,,,,,,,,,,,,barcelona
Spain,14,18,Lance Stroll,Aston Martin Aramco Mercedes,14.0,65,,0.0,,2024-06-23,2024,+1 lap,,No,1:19.318,22.0,20.0,26.0,20.0,20.0,22.0,2.0,83.0,10.0,1018.0,72.875,25.0,18.0,20.0,353.0,176.0,176.0,0.0,5.0,10.0,météo défavorable,,,,,,,,,,,,,barcelona
Spain,15,3,Daniel Ricciardo,RB Honda RBPT,18.0,65,,0.0,,2024-06-23,2024,+1 lap,,No,1:19.450,22.0,20.0,26.0,20.0,20.0,22.0,2.0,83.0,10.0,1018.0,72.875,25.0,18.0,20.0,353.0,176.0,176.0,0.0,5.0,10.0,météo défavorable,,,,,,,,,,,,,barcelona
Spain,16,77,Valtteri Bottas,Kick Sauber Ferrari,12.0,65,,0.0,,2024-06-23,2024,+1 lap,,No,1:19.608,22.0,20.0,26.0,20.0,20.0,22.0,2.0,83.0,10.0,1018.0,72.875,25.0,18.0,20.0,353.0,176.0,176.0,0.0,5.0,10.0,météo défavorable,,,,,,,,,,,,,barcelona
Spain,17,20,Kevin Magnussen,Haas Ferrari,16.0,65,,0.0,,2024-06-23,2024,+1 lap,,No,1:19.805,22.0,20.0,26.0,20.0,20.0,22.0,2.0,83.0,10.0,1018.0,72.875,25.0,18.0,20.0,353.0,176.0,176.0,0.0,5.0,10.0,météo défavorable,,,,,,,,,,,,,barcelona
Spain,18,23,Alexander Albon,Williams Mercedes,20.0,65,,0.0,,2024-06-23,2024,+1 lap,,No,1:19.132,22.0,20.0,26.0,20.0,20.0,22.0,2.0,83.0,10.0,1018.0,72.875,25.0,18.0,20.0,353.0,176.0,176.0,0.0,5.0,10.0,météo défavorable,,,,,,,,,,,,,barcelona
Spain,19,22,Yuki Tsunoda,RB Honda RBPT,17.0,65,,0.0,,2024-06-23,2024,+1 lap,,No,1:19.447,22.0,20.0,26.0,20.0,20.0,22.0,2.0,83.0,10.0,1018.0,72.875,25.0,18.0,20.0,353.0,176.0,176.0,0.0,5.0,10.0,météo défavorable,,,,,,,,,,,,,barcelona
Spain,20,2,Logan Sargeant,Williams Mercedes,19.0,64,,0.0,,2024-06-23,2024,+2 laps,,No,1:20.172,22.0,20.0,26.0,20.0,20.0,22.0,2.0,83.0,10.0,1018.0,72.875,25.0,18.0,20.0,353.0,176.0,176.0,0.0,5.0,10.0,météo défavorable,,,,,,,,,,,,,barcelona
Austria,1,63,George Russell,Mercedes,3.0,71,,25.0,,2024-06-30,2024,1:24:22.798,,No,1:09.164,29.0,14.0,14.0,14.0,27.0,25.0,0.0,89.0,8.0,1014.0,30.375,28.0,18.0,14.0,116.0,113.0,176.0,0.0,4.0,13.0,météo favorable,,,,,,,,,,,,,knittelfeld
Austria,2,81,Oscar Piastri,McLaren Mercedes,7.0,71,,18.0,,2024-06-30,2024,+1.906,,No,1:08.697,29.0,14.0,14.0,14.0,27.0,25.0,0.0,89.0,8.0,1014.0,30.375,28.0,18.0,14.0,116.0,113.0,176.0,0.0,4.0,13.0,météo favorable,,,,,,,,,,,,,knittelfeld
Austria,3,55,Carlos Sainz,Ferrari,4.0,71,,15.0,,2024-06-30,2024,+4.533,,No,1:09.282,29.0,14.0,14.0,14.0,27.0,25.0,0.0,89.0,8.0,1014.0,30.375,28.0,18.0,14.0,116.0,113.0,176.0,0.0,4.0,13.0,météo favorable,,,,,,,,,,,,,knittelfeld
Austria,4,44,Lewis Hamilton,Mercedes,5.0,71,,12.0,,2024-06-30,2024,+23.142,,No,1:09.562,29.0,14.0,14.0,14.0,27.0,25.0,0.0,89.0,8.0,1014.0,30.375,28.0,18.0,14.0,116.0,113.0,176.0,0.0,4.0,13.0,météo favorable,,,,,,,,,,,,,knittelfeld
Austria,5,1,Max Verstappen,Red Bull Racing Honda RBPT,1.0,71,,10.0,,2024-06-30,2024,+37.253,,No,1:07.719,29.0,14.0,14.0,14.0,27.0,25.0,0.0,89.0,8.0,1014.0,30.375,28.0,18.0,14.0,116.0,113.0,176.0,0.0,4.0,13.0,météo favorable,,,,,,,,,,,,,knittelfeld
Austria,6,27,Nico Hulkenberg,Haas Ferrari,9.0,71,,8.0,,2024-06-30,2024,+54.088,,No,1:10.215,29.0,14.0,14.0,14.0,27.0,25.0,0.0,89.0,8.0,1014.0,30.375,28.0,18.0,14.0,116.0,113.0,176.0,0.0,4.0,13.0,météo favorable,,,,,,,,,,,,,knittelfeld
Austria,7,11,Sergio Perez,Red Bull Racing Honda RBPT,8.0,71,,6.0,,2024-06-30,2024,+54.672,,No,1:09.694,29.0,14.0,14.0,14.0,27.0,25.0,0.0,89.0,8.0,1014.0,30.375,28.0,18.0,14.0,116.0,113.0,176.0,0.0,4.0,13.0,météo favorable,,,,,,,,,,,,,knittelfeld
Austria,8,20,Kevin Magnussen,Haas Ferrari,12.0,71,,4.0,,2024-06-30,2024,+60.355,,No,1:10.125,29.0,14.0,14.0,14.0,27.0,25.0,0.0,89.0,8.0,1014.0,30.375,28.0,18.0,14.0,116.0,113.0,176.0,0.0,4.0,13.0,météo favorable,,,,,,,,,,,,,knittelfeld
Austria,9,3,Daniel Ricciardo,RB Honda RBPT,11.0,71,,2.0,,2024-06-30,2024,+61.169,,No,1:10.426,29.0,14.0,14.0,14.0,27.0,25.0,0.0,89.0,8.0,1014.0,30.375,28.0,18.0,14.0,116.0,113.0,176.0,0.0,4.0,13.0,météo favorable,,,,,,,,,,,,,knittelfeld
Austria,10,10,Pierre Gasly,Alpine Renault,13.0,71,,1.0,,2024-06-30,2024,+61.766,,No,1:09.609,29.0,14.0,14.0,14.0,27.0,25.0,0.0,89.0,8.0,1014.0,30.375,28.0,18.0,14.0,116.0,113.0,176.0,0.0,4.0,13.0,météo favorable,,,,,,,,,,,,,knittelfeld
Austria,11,16,Charles Leclerc,Ferrari,6.0,71,,0.0,,2024-06-30,2024,+67.056,,No,1:09.584,29.0,14.0,14.0,14.0,27.0,25.0,0.0,89.0,8.0,1014.0,30.375,28.0,18.0,14.0,116.0,113.0,176.0,0.0,4.0,13.0,météo favorable,,,,,,,,,,,,,knittelfeld
Austria,12,31,Esteban Ocon,Alpine Renault,10.0,71,,0.0,,2024-06-30,2024,+68.325,,No,1:09.649,29.0,14.0,14.0,14.0,27.0,25.0,0.0,89.0,8.0,1014.0,30.375,28.0,18.0,14.0,116.0,113.0,176.0,0.0,4.0,13.0,météo favorable,,,,,,,,,,,,,knittelfeld
Austria,13,18,Lance Stroll,Aston Martin Aramco Mercedes,17.0,70,,0.0,,2024-06-30,2024,+1 lap,,No,1:10.143,29.0,14.0,14.0,14.0,27.0,25.0,0.0,89.0,8.0,1014.0,30.375,28.0,18.0,14.0,116.0,113.0,176.0,0.0,4.0,13.0,météo favorable,,,,,,,,,,,,,knittelfeld
Austria,14,22,Yuki Tsunoda,RB Honda RBPT,14.0,70,,0.0,,2024-06-30,2024,+1 lap,,No,1:10.318,29.0,14.0,14.0,14.0,27.0,25.0,0.0,89.0,8.0,1014.0,30.375,28.0,18.0,14.0,116.0,113.0,176.0,0.0,4.0,13.0,météo favorable,,,,,,,,,,,,,knittelfeld
Austria,15,23,Alexander Albon,Williams Mercedes,16.0,70,,0.0,,2024-06-30,2024,+1 lap,,No,1:10.364,29.0,14.0,14.0,14.0,27.0,25.0,0.0,89.0,8.0,1014.0,30.375,28.0,18.0,14.0,116.0,113.0,176.0,0.0,4.0,13.0,météo favorable,,,,,,,,,,,,,knittelfeld
Austria,16,77,Valtteri Bottas,Kick Sauber Ferrari,18.0,70,,0.0,,2024-06-30,2024,+1 lap,,No,1:10.449,29.0,14.0,14.0,14.0,27.0,25.0,0.0,89.0,8.0,1014.0,30.375,28.0,18.0,14.0,116.0,113.0,176.0,0.0,4.0,13.0,météo favorable,,,,,,,,,,,,,knittelfeld
Austria,17,24,Guanyu Zhou,Kick Sauber Ferrari,20.0,70,,0.0,,2024-06-30,2024,+1 lap,,No,1:10.470,29.0,14.0,14.0,14.0,27.0,25.0,0.0,89.0,8.0,1014.0,30.375,28.0,18.0,14.0,116.0,113.0,176.0,0.0,4.0,13.0,météo favorable,,,,,,,,,,,,,knittelfeld
Austria,18,14,Fernando Alonso,Aston Martin Aramco Mercedes,15.0,70,,0.0,,2024-06-30,2024,+1 lap,,Yes,1:07.694,29.0,14.0,14.0,14.0,27.0,25.0,0.0,89.0,8.0,1014.0,30.375,28.0,18.0,14.0,116.0,113.0,176.0,0.0,4.0,13.0,météo favorable,,,,,,,,,,,,,knittelfeld
Austria,19,2,Logan Sargeant,Williams Mercedes,19.0,69,,0.0,,2024-06-30,2024,+2 laps,,No,1:10.406,29.0,14.0,14.0,14.0,27.0,25.0,0.0,89.0,8.0,1014.0,30.375,28.0,18.0,14.0,116.0,113.0,176.0,0.0,4.0,13.0,météo favorable,,,,,,,,,,,,,knittelfeld
Austria,20,4,Lando Norris,McLaren Mercedes,2.0,64,,0.0,,2024-06-30,2024,+7 laps,,No,1:08.016,29.0,14.0,14.0,14.0,27.0,25.0,0.0,89.0,8.0,1014.0,30.375,28.0,18.0,14.0,116.0,113.0,176.0,0.0,4.0,13.0,météo favorable,,,,,,,,,,,,,knittelfeld
Great Britain,1,44,Lewis Hamilton,Mercedes,2.0,52,,25.0,,2024-07-07,2024,1:22:27.059,,No,1:29.438,16.0,11.0,19.0,11.0,16.0,16.0,1.4,87.0,8.75,1012.0,73.0,16.0,11.0,9.0,122.0,266.0,176.0,0.0,4.0,5.0,météo défavorable,,,,,,,,,,,,,northampton
Great Britain,2,1,Max Verstappen,Red Bull Racing Honda RBPT,4.0,52,,18.0,,2024-07-07,2024,+1.465,,No,1:28.952,16.0,11.0,19.0,11.0,16.0,16.0,1.4,87.0,8.75,1012.0,73.0,16.0,11.0,9.0,122.0,266.0,176.0,0.0,4.0,5.0,météo défavorable,,,,,,,,,,,,,northampton
Great Britain,3,4,Lando Norris,McLaren Mercedes,3.0,52,,15.0,,2024-07-07,2024,+7.547,,No,1:29.262,16.0,11.0,19.0,11.0,16.0,16.0,1.4,87.0,8.75,1012.0,73.0,16.0,11.0,9.0,122.0,266.0,176.0,0.0,4.0,5.0,météo défavorable,,,,,,,,,,,,,northampton
Great Britain,4,81,Oscar Piastri,McLaren Mercedes,5.0,52,,12.0,,2024-07-07,2024,+12.429,,No,1:28.748,16.0,11.0,19.0,11.0,16.0,16.0,1.4,87.0,8.75,1012.0,73.0,16.0,11.0,9.0,122.0,266.0,176.0,0.0,4.0,5.0,météo défavorable,,,,,,,,,,,,,northampton
Great Britain,5,55,Carlos Sainz,Ferrari,7.0,52,,11.0,,2024-07-07,2024,+47.318,,Yes,1:28.293,16.0,11.0,19.0,11.0,16.0,16.0,1.4,87.0,8.75,1012.0,73.0,16.0,11.0,9.0,122.0,266.0,176.0,0.0,4.0,5.0,météo défavorable,,,,,,,,,,,,,northampton
Great Britain,6,27,Nico Hulkenberg,Haas Ferrari,6.0,52,,8.0,,2024-07-07,2024,+55.722,,No,1:29.836,16.0,11.0,19.0,11.0,16.0,16.0,1.4,87.0,8.75,1012.0,73.0,16.0,11.0,9.0,122.0,266.0,176.0,0.0,4.0,5.0,météo défavorable,,,,,,,,,,,,,northampton
Great Britain,7,18,Lance Stroll,Aston Martin Aramco Mercedes,8.0,52,,6.0,,2024-07-07,2024,+56.569,,No,1:29.897,16.0,11.0,19.0,11.0,16.0,16.0,1.4,87.0,8.75,1012.0,73.0,16.0,11.0,9.0,122.0,266.0,176.0,0.0,4.0,5.0,météo défavorable,,,,,,,,,,,,,northampton
Great Britain,8,14,Fernando Alonso,Aston Martin Aramco Mercedes,10.0,52,,4.0,,2024-07-07,2024,+63.577,,No,1:29.710,16.0,11.0,19.0,11.0,16.0,16.0,1.4,87.0,8.75,1012.0,73.0,16.0,11.0,9.0,122.0,266.0,176.0,0.0,4.0,5.0,météo défavorable,,,,,,,,,,,,,northampton
Great Britain,9,23,Alexander Albon,Williams Mercedes,9.0,52,,2.0,,2024-07-07,2024,+68.387,,No,1:29.718,16.0,11.0,19.0,11.0,16.0,16.0,1.4,87.0,8.75,1012.0,73.0,16.0,11.0,9.0,122.0,266.0,176.0,0.0,4.0,5.0,météo défavorable,,,,,,,,,,,,,northampton
Great Britain,10,22,Yuki Tsunoda,RB Honda RBPT,13.0,52,,1.0,,2024-07-07,2024,+79.303,,No,1:30.229,16.0,11.0,19.0,11.0,16.0,16.0,1.4,87.0,8.75,1012.0,73.0,16.0,11.0,9.0,122.0,266.0,176.0,0.0,4.0,5.0,météo défavorable,,,,,,,,,,,,,northampton
Great Britain,11,2,Logan Sargeant,Williams Mercedes,12.0,52,,0.0,,2024-07-07,2024,+88.960,,No,1:29.972,16.0,11.0,19.0,11.0,16.0,16.0,1.4,87.0,8.75,1012.0,73.0,16.0,11.0,9.0,122.0,266.0,176.0,0.0,4.0,5.0,météo défavorable,,,,,,,,,,,,,northampton
Great Britain,12,20,Kevin Magnussen,Haas Ferrari,17.0,52,,0.0,,2024-07-07,2024,+90.153,,No,1:30.093,16.0,11.0,19.0,11.0,16.0,16.0,1.4,87.0,8.75,1012.0,73.0,16.0,11.0,9.0,122.0,266.0,176.0,0.0,4.0,5.0,météo défavorable,,,,,,,,,,,,,northampton
Great Britain,13,3,Daniel Ricciardo,RB Honda RBPT,15.0,51,,0.0,,2024-07-07,2024,+1 lap,,No,1:30.735,16.0,11.0,19.0,11.0,16.0,16.0,1.4,87.0,8.75,1012.0,73.0,16.0,11.0,9.0,122.0,266.0,176.0,0.0,4.0,5.0,météo défavorable,,,,,,,,,,,,,northampton
Great Britain,14,16,Charles Leclerc,Ferrari,11.0,51,,0.0,,2024-07-07,2024,+1 lap,,No,1:29.748,16.0,11.0,19.0,11.0,16.0,16.0,1.4,87.0,8.75,1012.0,73.0,16.0,11.0,9.0,122.0,266.0,176.0,0.0,4.0,5.0,météo défavorable,,,,,,,,,,,,,northampton
Great Britain,15,77,Valtteri Bottas,Kick Sauber Ferrari,16.0,51,,0.0,,2024-07-07,2024,+1 lap,,No,1:31.277,16.0,11.0,19.0,11.0,16.0,16.0,1.4,87.0,8.75,1012.0,73.0,16.0,11.0,9.0,122.0,266.0,176.0,0.0,4.0,5.0,météo défavorable,,,,,,,,,,,,,northampton
Great Britain,16,31,Esteban Ocon,Alpine Renault,18.0,50,,0.0,,2024-07-07,2024,+2 laps,,No,1:30.875,16.0,11.0,19.0,11.0,16.0,16.0,1.4,87.0,8.75,1012.0,73.0,16.0,11.0,9.0,122.0,266.0,176.0,0.0,4.0,5.0,météo défavorable,,,,,,,,,,,,,northampton
Great Britain,17,11,Sergio Perez,Red Bull Racing Honda RBPT,20.0,50,,0.0,,2024-07-07,2024,+2 laps,,No,1:29.707,16.0,11.0,19.0,11.0,16.0,16.0,1.4,87.0,8.75,1012.0,73.0,16.0,11.0,9.0,122.0,266.0,176.0,0.0,4.0,5.0,météo défavorable,,,,,,,,,,,,,northampton
Great Britain,18,24,Guanyu Zhou,Kick Sauber Ferrari,14.0,50,,0.0,,2024-07-07,2024,+2 laps,,No,1:31.014,16.0,11.0,19.0,11.0,16.0,16.0,1.4,87.0,8.75,1012.0,73.0,16.0,11.0,9.0,122.0,266.0,176.0,0.0,4.0,5.0,météo défavorable,,,,,,,,,,,,,northampton
Great Britain,NC,63,George Russell,Mercedes,1.0,33,,0.0,,2024-07-07,2024,DNF,,No,1:31.298,16.0,11.0,19.0,11.0,16.0,16.0,1.4,87.0,8.75,1012.0,73.0,16.0,11.0,9.0,122.0,266.0,176.0,0.0,4.0,5.0,météo défavorable,,,,,,,,,,,,,northampton
Great Britain,NC,10,Pierre Gasly,Alpine Renault,19.0,0,,0.0,,2024-07-07,2024,DNS,,No,,16.0,11.0,19.0,11.0,16.0,16.0,1.4,87.0,8.75,1012.0,73.0,16.0,11.0,9.0,122.0,266.0,176.0,0.0,4.0,5.0,météo défavorable,,,,,,,,,,,,,northampton
Hungary,1,81,Oscar Piastri,McLaren Mercedes,2.0,70,,25.0,,2024-07-21,2024,1:38:01.989,,No,1:21.716,32.0,22.0,12.0,22.0,31.0,25.0,0.1,71.0,10.0,1009.0,47.75,33.0,17.0,22.0,116.0,113.0,116.0,0.0,7.0,12.0,météo favorable,,,,,,,,,,,,,budapest
Hungary,2,4,Lando Norris,McLaren Mercedes,1.0,70,,18.0,,2024-07-21,2024,+2.141,,No,1:21.712,32.0,22.0,12.0,22.0,31.0,25.0,0.1,71.0,10.0,1009.0,47.75,33.0,17.0,22.0,116.0,113.0,116.0,0.0,7.0,12.0,météo favorable,,,,,,,,,,,,,budapest
Hungary,3,44,Lewis Hamilton,Mercedes,5.0,70,,15.0,,2024-07-21,2024,+14.880,,No,1:22.153,32.0,22.0,12.0,22.0,31.0,25.0,0.1,71.0,10.0,1009.0,47.75,33.0,17.0,22.0,116.0,113.0,116.0,0.0,7.0,12.0,météo favorable,,,,,,,,,,,,,budapest
Hungary,4,16,Charles Leclerc,Ferrari,6.0,70,,12.0,,2024-07-21,2024,+19.686,,No,1:22.182,32.0,22.0,12.0,22.0,31.0,25.0,0.1,71.0,10.0,1009.0,47.75,33.0,17.0,22.0,116.0,113.0,116.0,0.0,7.0,12.0,météo favorable,,,,,,,,,,,,,budapest
Hungary,5,1,Max Verstappen,Red Bull Racing Honda RBPT,3.0,70,,10.0,,2024-07-21,2024,+21.349,,No,1:20.908,32.0,22.0,12.0,22.0,31.0,25.0,0.1,71.0,10.0,1009.0,47.75,33.0,17.0,22.0,116.0,113.0,116.0,0.0,7.0,12.0,météo favorable,,,,,,,,,,,,,budapest
Hungary,6,55,Carlos Sainz,Ferrari,4.0,70,,8.0,,2024-07-21,2024,+23.073,,No,1:21.441,32.0,22.0,12.0,22.0,31.0,25.0,0.1,71.0,10.0,1009.0,47.75,33.0,17.0,22.0,116.0,113.0,116.0,0.0,7.0,12.0,météo favorable,,,,,,,,,,,,,budapest
Hungary,7,11,Sergio Perez,Red Bull Racing Honda RBPT,16.0,70,,6.0,,2024-07-21,2024,+39.792,,No,1:21.096,32.0,22.0,12.0,22.0,31.0,25.0,0.1,71.0,10.0,1009.0,47.75,33.0,17.0,22.0,116.0,113.0,116.0,0.0,7.0,12.0,météo favorable,,,,,,,,,,,,,budapest
Hungary,8,63,George Russell,Mercedes,17.0,70,,5.0,,2024-07-21,2024,+42.368,,Yes,1:20.305,32.0,22.0,12.0,22.0,31.0,25.0,0.1,71.0,10.0,1009.0,47.75,33.0,17.0,22.0,116.0,113.0,116.0,0.0,7.0,12.0,météo favorable,,,,,,,,,,,,,budapest
Hungary,9,22,Yuki Tsunoda,RB Honda RBPT,10.0,70,,2.0,,2024-07-21,2024,+77.259,,No,1:23.533,32.0,22.0,12.0,22.0,31.0,25.0,0.1,71.0,10.0,1009.0,47.75,33.0,17.0,22.0,116.0,113.0,116.0,0.0,7.0,12.0,météo favorable,,,,,,,,,,,,,budapest
Hungary,10,18,Lance Stroll,Aston Martin Aramco Mercedes,8.0,70,,1.0,,2024-07-21,2024,+77.976,,No,1:22.338,32.0,22.0,12.0,22.0,31.0,25.0,0.1,71.0,10.0,1009.0,47.75,33.0,17.0,22.0,116.0,113.0,116.0,0.0,7.0,12.0,météo favorable,,,,,,,,,,,,,budapest
Hungary,11,14,Fernando Alonso,Aston Martin Aramco Mercedes,7.0,70,,0.0,,2024-07-21,2024,+82.460,,No,1:23.063,32.0,22.0,12.0,22.0,31.0,25.0,0.1,71.0,10.0,1009.0,47.75,33.0,17.0,22.0,116.0,113.0,116.0,0.0,7.0,12.0,météo favorable,,,,,,,,,,,,,budapest
Hungary,12,3,Daniel Ricciardo,RB Honda RBPT,9.0,69,,0.0,,2024-07-21,2024,+1 lap,,No,1:22.640,32.0,22.0,12.0,22.0,31.0,25.0,0.1,71.0,10.0,1009.0,47.75,33.0,17.0,22.0,116.0,113.0,116.0,0.0,7.0,12.0,météo favorable,,,,,,,,,,,,,budapest
Hungary,13,27,Nico Hulkenberg,Haas Ferrari,11.0,69,,0.0,,2024-07-21,2024,+1 lap,,No,1:23.461,32.0,22.0,12.0,22.0,31.0,25.0,0.1,71.0,10.0,1009.0,47.75,33.0,17.0,22.0,116.0,113.0,116.0,0.0,7.0,12.0,météo favorable,,,,,,,,,,,,,budapest
Hungary,14,23,Alexander Albon,Williams Mercedes,13.0,69,,0.0,,2024-07-21,2024,+1 lap,,No,1:23.930,32.0,22.0,12.0,22.0,31.0,25.0,0.1,71.0,10.0,1009.0,47.75,33.0,17.0,22.0,116.0,113.0,116.0,0.0,7.0,12.0,météo favorable,,,,,,,,,,,,,budapest
Hungary,15,20,Kevin Magnussen,Haas Ferrari,15.0,69,,0.0,,2024-07-21,2024,+1 lap,,No,1:23.553,32.0,22.0,12.0,22.0,31.0,25.0,0.1,71.0,10.0,1009.0,47.75,33.0,17.0,22.0,116.0,113.0,116.0,0.0,7.0,12.0,météo favorable,,,,,,,,,,,,,budapest
Hungary,16,77,Valtteri Bottas,Kick Sauber Ferrari,12.0,69,,0.0,,2024-07-21,2024,+1 lap,,No,1:22.792,32.0,22.0,12.0,22.0,31.0,25.0,0.1,71.0,10.0,1009.0,47.75,33.0,17.0,22.0,116.0,113.0,116.0,0.0,7.0,12.0,météo favorable,,,,,,,,,,,,,budapest
Hungary,17,2,Logan Sargeant,Williams Mercedes,14.0,69,,0.0,,2024-07-21,2024,+1 lap,,No,1:20.561,32.0,22.0,12.0,22.0,31.0,25.0,0.1,71.0,10.0,1009.0,47.75,33.0,17.0,22.0,116.0,113.0,116.0,0.0,7.0,12.0,météo favorable,,,,,,,,,,,,,budapest
Hungary,18,31,Esteban Ocon,Alpine Renault,19.0,69,,0.0,,2024-07-21,2024,+1 lap,,No,1:21.610,32.0,22.0,12.0,22.0,31.0,25.0,0.1,71.0,10.0,1009.0,47.75,33.0,17.0,22.0,116.0,113.0,116.0,0.0,7.0,12.0,météo favorable,,,,,,,,,,,,,budapest
Hungary,19,24,Guanyu Zhou,Kick Sauber Ferrari,18.0,69,,0.0,,2024-07-21,2024,+1 lap,,No,1:23.487,32.0,22.0,12.0,22.0,31.0,25.0,0.1,71.0,10.0,1009.0,47.75,33.0,17.0,22.0,116.0,113.0,116.0,0.0,7.0,12.0,météo favorable,,,,,,,,,,,,,budapest
Hungary,NC,10,Pierre Gasly,Alpine Renault,20.0,33,,0.0,,2024-07-21,2024,DNF,,No,1:23.340,32.0,22.0,12.0,22.0,31.0,25.0,0.1,71.0,10.0,1009.0,47.75,33.0,17.0,22.0,116.0,113.0,116.0,0.0,7.0,12.0,météo favorable,,,,,,,,,,,,,budapest
Belgium,DQ,63,George Russell,Mercedes,6.0,44,,0.0,,2024-07-28,2024,1:19:57.040,,No,1:47.113,21.0,11.0,8.0,11.0,20.0,21.0,0.1,94.0,9.0,1026.0,12.0,24.0,15.0,11.0,113.0,113.0,113.0,0.0,4.0,15.0,météo favorable,,,,,,,,,,,,,durbuy
Belgium,1,44,Lewis Hamilton,Mercedes,3.0,44,,25.0,,2024-07-28,2024,+0.526,,No,1:46.653,21.0,11.0,8.0,11.0,20.0,21.0,0.1,94.0,9.0,1026.0,12.0,24.0,15.0,11.0,113.0,113.0,113.0,0.0,4.0,15.0,météo favorable,,,,,,,,,,,,,durbuy
Belgium,2,81,Oscar Piastri,McLaren Mercedes,5.0,44,,18.0,,2024-07-28,2024,+1.173,,No,1:45.840,21.0,11.0,8.0,11.0,20.0,21.0,0.1,94.0,9.0,1026.0,12.0,24.0,15.0,11.0,113.0,113.0,113.0,0.0,4.0,15.0,météo favorable,,,,,,,,,,,,,durbuy
Belgium,3,16,Charles Leclerc,Ferrari,1.0,44,,15.0,,2024-07-28,2024,+8.549,,No,1:47.013,21.0,11.0,8.0,11.0,20.0,21.0,0.1,94.0,9.0,1026.0,12.0,24.0,15.0,11.0,113.0,113.0,113.0,0.0,4.0,15.0,météo favorable,,,,,,,,,,,,,durbuy
Belgium,4,1,Max Verstappen,Red Bull Racing Honda RBPT,11.0,44,,12.0,,2024-07-28,2024,+9.226,,No,1:46.128,21.0,11.0,8.0,11.0,20.0,21.0,0.1,94.0,9.0,1026.0,12.0,24.0,15.0,11.0,113.0,113.0,113.0,0.0,4.0,15.0,météo favorable,,,,,,,,,,,,,durbuy
Belgium,5,4,Lando Norris,McLaren Mercedes,4.0,44,,10.0,,2024-07-28,2024,+9.850,,No,1:45.563,21.0,11.0,8.0,11.0,20.0,21.0,0.1,94.0,9.0,1026.0,12.0,24.0,15.0,11.0,113.0,113.0,113.0,0.0,4.0,15.0,météo favorable,,,,,,,,,,,,,durbuy
Belgium,6,55,Carlos Sainz,Ferrari,7.0,44,,8.0,,2024-07-28,2024,+19.795,,No,1:46.364,21.0,11.0,8.0,11.0,20.0,21.0,0.1,94.0,9.0,1026.0,12.0,24.0,15.0,11.0,113.0,113.0,113.0,0.0,4.0,15.0,météo favorable,,,,,,,,,,,,,durbuy
Belgium,7,11,Sergio Perez,Red Bull Racing Honda RBPT,2.0,44,,7.0,,2024-07-28,2024,+3.195,,Yes,1:44.701,21.0,11.0,8.0,11.0,20.0,21.0,0.1,94.0,9.0,1026.0,12.0,24.0,15.0,11.0,113.0,113.0,113.0,0.0,4.0,15.0,météo favorable,,,,,,,,,,,,,durbuy
Belgium,8,14,Fernando Alonso,Aston Martin Aramco Mercedes,8.0,44,,4.0,,2024-07-28,2024,+49.963,,No,1:48.051,21.0,11.0,8.0,11.0,20.0,21.0,0.1,94.0,9.0,1026.0,12.0,24.0,15.0,11.0,113.0,113.0,113.0,0.0,4.0,15.0,météo favorable,,,,,,,,,,,,,durbuy
Belgium,9,31,Esteban Ocon,Alpine Renault,9.0,44,,2.0,,2024-07-28,2024,+52.552,,No,1:46.957,21.0,11.0,8.0,11.0,20.0,21.0,0.1,94.0,9.0,1026.0,12.0,24.0,15.0,11.0,113.0,113.0,113.0,0.0,4.0,15.0,météo favorable,,,,,,,,,,,,,durbuy
Belgium,10,3,Daniel Ricciardo,RB Honda RBPT,13.0,44,,1.0,,2024-07-28,2024,+54.926,,No,1:47.435,21.0,11.0,8.0,11.0,20.0,21.0,0.1,94.0,9.0,1026.0,12.0,24.0,15.0,11.0,113.0,113.0,113.0,0.0,4.0,15.0,météo favorable,,,,,,,,,,,,,durbuy
Belgium,11,18,Lance Stroll,Aston Martin Aramco Mercedes,15.0,44,,0.0,,2024-07-28,2024,+63.011,,No,1:48.105,21.0,11.0,8.0,11.0,20.0,21.0,0.1,94.0,9.0,1026.0,12.0,24.0,15.0,11.0,113.0,113.0,113.0,0.0,4.0,15.0,météo favorable,,,,,,,,,,,,,durbuy
Belgium,12,23,Alexander Albon,Williams Mercedes,10.0,44,,0.0,,2024-07-28,2024,+63.651,,No,1:47.996,21.0,11.0,8.0,11.0,20.0,21.0,0.1,94.0,9.0,1026.0,12.0,24.0,15.0,11.0,113.0,113.0,113.0,0.0,4.0,15.0,météo favorable,,,,,,,,,,,,,durbuy
Belgium,13,10,Pierre Gasly,Alpine Renault,12.0,44,,0.0,,2024-07-28,2024,+64.365,,No,1:47.418,21.0,11.0,8.0,11.0,20.0,21.0,0.1,94.0,9.0,1026.0,12.0,24.0,15.0,11.0,113.0,113.0,113.0,0.0,4.0,15.0,météo favorable,,,,,,,,,,,,,durbuy
Belgium,14,20,Kevin Magnussen,Haas Ferrari,17.0,44,,0.0,,2024-07-28,2024,+66.631,,No,1:47.848,21.0,11.0,8.0,11.0,20.0,21.0,0.1,94.0,9.0,1026.0,12.0,24.0,15.0,11.0,113.0,113.0,113.0,0.0,4.0,15.0,météo favorable,,,,,,,,,,,,,durbuy
Belgium,15,77,Valtteri Bottas,Kick Sauber Ferrari,14.0,44,,0.0,,2024-07-28,2024,+70.638,,No,1:47.019,21.0,11.0,8.0,11.0,20.0,21.0,0.1,94.0,9.0,1026.0,12.0,24.0,15.0,11.0,113.0,113.0,113.0,0.0,4.0,15.0,météo favorable,,,,,,,,,,,,,durbuy
Belgium,16,22,Yuki Tsunoda,RB Honda RBPT,20.0,44,,0.0,,2024-07-28,2024,+76.737,,No,1:47.969,21.0,11.0,8.0,11.0,20.0,21.0,0.1,94.0,9.0,1026.0,12.0,24.0,15.0,11.0,113.0,113.0,113.0,0.0,4.0,15.0,météo favorable,,,,,,,,,,,,,durbuy
Belgium,17,2,Logan Sargeant,Williams Mercedes,18.0,44,,0.0,,2024-07-28,2024,+86.057,,No,1:47.490,21.0,11.0,8.0,11.0,20.0,21.0,0.1,94.0,9.0,1026.0,12.0,24.0,15.0,11.0,113.0,113.0,113.0,0.0,4.0,15.0,météo favorable,,,,,,,,,,,,,durbuy
Belgium,18,27,Nico Hulkenberg,Haas Ferrari,16.0,44,,0.0,,2024-07-28,2024,+88.833,,No,1:48.954,21.0,11.0,8.0,11.0,20.0,21.0,0.1,94.0,9.0,1026.0,12.0,24.0,15.0,11.0,113.0,113.0,113.0,0.0,4.0,15.0,météo favorable,,,,,,,,,,,,,durbuy
Belgium,NC,24,Guanyu Zhou,Kick Sauber Ferrari,19.0,5,,0.0,,2024-07-28,2024,DNF,,No,1:52.099,21.0,11.0,8.0,11.0,20.0,21.0,0.1,94.0,9.0,1026.0,12.0,24.0,15.0,11.0,113.0,113.0,113.0,0.0,4.0,15.0,météo favorable,,,,,,,,,,,,,durbuy
Netherlands,1,4,Lando Norris,McLaren Mercedes,1.0,72,,26.0,,2024-08-25,2024,1:30:45.519,,Yes,1:13.817,,,,,,,,,,,,,,,,,,,,,,,,,,,,,,,,,,
Netherlands,2,1,Max Verstappen,Red Bull Racing Honda RBPT,2.0,72,,18.0,,2024-08-25,2024,+22.896,,No,1:14.752,,,,,,,,,,,,,,,,,,,,,,,,,,,,,,,,,,
Netherlands,3,16,Charles Leclerc,Ferrari,6.0,72,,15.0,,2024-08-25,2024,+25.439,,No,1:14.585,,,,,,,,,,,,,,,,,,,,,,,,,,,,,,,,,,
Netherlands,4,81,Oscar Piastri,McLaren Mercedes,3.0,72,,12.0,,2024-08-25,2024,+27.337,,No,1:14.237,,,,,,,,,,,,,,,,,,,,,,,,,,,,,,,,,,
Netherlands,5,55,Carlos Sainz,Ferrari,10.0,72,,10.0,,2024-08-25,2024,+32.137,,No,1:14.117,,,,,,,,,,,,,,,,,,,,,,,,,,,,,,,,,,
Netherlands,6,11,Sergio Perez,Red Bull Racing Honda RBPT,5.0,72,,8.0,,2024-08-25,2024,+39.542,,No,1:14.587,,,,,,,,,,,,,,,,,,,,,,,,,,,,,,,,,,
Netherlands,7,63,George Russell,Mercedes,4.0,72,,6.0,,2024-08-25,2024,+44.617,,No,1:13.927,,,,,,,,,,,,,,,,,,,,,,,,,,,,,,,,,,
Netherlands,8,44,Lewis Hamilton,Mercedes,14.0,72,,4.0,,2024-08-25,2024,+49.599,,No,1:13.878,,,,,,,,,,,,,,,,,,,,,,,,,,,,,,,,,,
Netherlands,9,10,Pierre Gasly,Alpine Renault,9.0,71,,2.0,,2024-08-25,2024,+1 lap,,No,1:14.855,,,,,,,,,,,,,,,,,,,,,,,,,,,,,,,,,,
Netherlands,10,14,Fernando Alonso,Aston Martin Aramco Mercedes,7.0,71,,1.0,,2024-08-25,2024,+1 lap,,No,1:14.758,,,,,,,,,,,,,,,,,,,,,,,,,,,,,,,,,,
Netherlands,11,27,Nico Hulkenberg,Haas Ferrari,12.0,71,,0.0,,2024-08-25,2024,+1 lap,,No,1:15.657,,,,,,,,,,,,,,,,,,,,,,,,,,,,,,,,,,
Netherlands,12,3,Daniel Ricciardo,RB Honda RBPT,13.0,71,,0.0,,2024-08-25,2024,+1 lap,,No,1:15.222,,,,,,,,,,,,,,,,,,,,,,,,,,,,,,,,,,
Netherlands,13,18,Lance Stroll,Aston Martin Aramco Mercedes,8.0,71,,0.0,,2024-08-25,2024,+1 lap,,No,1:15.255,,,,,,,,,,,,,,,,,,,,,,,,,,,,,,,,,,
Netherlands,14,23,Alexander Albon,Williams Mercedes,19.0,71,,0.0,,2024-08-25,2024,+1 lap,,No,1:14.434,,,,,,,,,,,,,,,,,,,,,,,,,,,,,,,,,,
Netherlands,15,31,Esteban Ocon,Alpine Renault,15.0,71,,0.0,,2024-08-25,2024,+1 lap,,No,1:15.390,,,,,,,,,,,,,,,,,,,,,,,,,,,,,,,,,,
Netherlands,16,2,Logan Sargeant,Williams Mercedes,18.0,71,,0.0,,2024-08-25,2024,+1 lap,,No,1:15.539,,,,,,,,,,,,,,,,,,,,,,,,,,,,,,,,,,
Netherlands,17,22,Yuki Tsunoda,RB Honda RBPT,11.0,71,,0.0,,2024-08-25,2024,+1 lap,,No,1:15.552,,,,,,,,,,,,,,,,,,,,,,,,,,,,,,,,,,
Netherlands,18,20,Kevin Magnussen,Haas Ferrari,20.0,71,,0.0,,2024-08-25,2024,+1 lap,,No,1:14.954,,,,,,,,,,,,,,,,,,,,,,,,,,,,,,,,,,
Netherlands,19,77,Valtteri Bottas,Kick Sauber Ferrari,16.0,70,,0.0,,2024-08-25,2024,+2 laps,,No,1:15.822,,,,,,,,,,,,,,,,,,,,,,,,,,,,,,,,,,
Netherlands,20,24,Guanyu Zhou,Kick Sauber Ferrari,17.0,70,,0.0,,2024-08-25,2024,+2 laps,,No,1:15.724,,,,,,,,,,,,,,,,,,,,,,,,,,,,,,,,,,
Italy,1,16,Charles Leclerc,Ferrari,4.0,53,,25.0,,2024-09-01,2024,1:14:40.727,,No,1:23.226,,,,,,,,,,,,,,,,,,,,,,,,,,,,,,,,,,
Italy,2,81,Oscar Piastri,McLaren Mercedes,2.0,53,,18.0,,2024-09-01,2024,+2.664,,No,1:21.943,,,,,,,,,,,,,,,,,,,,,,,,,,,,,,,,,,
Italy,3,4,Lando Norris,McLaren Mercedes,1.0,53,,16.0,,2024-09-01,2024,+6.153,,Yes,1:21.432,,,,,,,,,,,,,,,,,,,,,,,,,,,,,,,,,,
Italy,4,55,Carlos Sainz,Ferrari,5.0,53,,12.0,,2024-09-01,2024,+15.621,,No,1:23.219,,,,,,,,,,,,,,,,,,,,,,,,,,,,,,,,,,
Italy,5,44,Lewis Hamilton,Mercedes,6.0,53,,10.0,,2024-09-01,2024,+22.820,,No,1:21.512,,,,,,,,,,,,,,,,,,,,,,,,,,,,,,,,,,
Italy,6,1,Max Verstappen,Red Bull Racing Honda RBPT,7.0,53,,8.0,,2024-09-01,2024,+37.932,,No,1:21.745,,,,,,,,,,,,,,,,,,,,,,,,,,,,,,,,,,
Italy,7,63,George Russell,Mercedes,3.0,53,,6.0,,2024-09-01,2024,+39.715,,No,1:22.036,,,,,,,,,,,,,,,,,,,,,,,,,,,,,,,,,,
Italy,8,11,Sergio Perez,Red Bull Racing Honda RBPT,8.0,53,,4.0,,2024-09-01,2024,+54.148,,No,1:22.971,,,,,,,,,,,,,,,,,,,,,,,,,,,,,,,,,,
Italy,9,23,Alexander Albon,Williams Mercedes,9.0,53,,2.0,,2024-09-01,2024,+67.456,,No,1:23.918,,,,,,,,,,,,,,,,,,,,,,,,,,,,,,,,,,
Italy,10,20,Kevin Magnussen,Haas Ferrari,13.0,53,,1.0,,2024-09-01,2024,+68.302,,No,1:23.437,,,,,,,,,,,,,,,,,,,,,,,,,,,,,,,,,,
Italy,11,14,Fernando Alonso,Aston Martin Aramco Mercedes,11.0,53,,0.0,,2024-09-01,2024,+68.495,,No,1:22.944,,,,,,,,,,,,,,,,,,,,,,,,,,,,,,,,,,
Italy,12,43,Franco Colapinto,Williams Mercedes,18.0,53,,0.0,,2024-09-01,2024,+81.308,,No,1:23.728,,,,,,,,,,,,,,,,,,,,,,,,,,,,,,,,,,
Italy,13,3,Daniel Ricciardo,RB Honda RBPT,12.0,53,,0.0,,2024-09-01,2024,+93.452,,No,1:24.219,,,,,,,,,,,,,,,,,,,,,,,,,,,,,,,,,,
Italy,14,31,Esteban Ocon,Alpine Renault,15.0,52,,0.0,,2024-09-01,2024,+1 lap,,No,1:24.343,,,,,,,,,,,,,,,,,,,,,,,,,,,,,,,,,,
Italy,15,10,Pierre Gasly,Alpine Renault,14.0,52,,0.0,,2024-09-01,2024,+1 lap,,No,1:23.755,,,,,,,,,,,,,,,,,,,,,,,,,,,,,,,,,,
Italy,16,77,Valtteri Bottas,Kick Sauber Ferrari,19.0,52,,0.0,,2024-09-01,2024,+1 lap,,No,1:23.609,,,,,,,,,,,,,,,,,,,,,,,,,,,,,,,,,,
Italy,17,27,Nico Hulkenberg,Haas Ferrari,10.0,52,,0.0,,2024-09-01,2024,+1 lap,,No,1:23.275,,,,,,,,,,,,,,,,,,,,,,,,,,,,,,,,,,
Italy,18,24,Guanyu Zhou,Kick Sauber Ferrari,20.0,52,,0.0,,2024-09-01,2024,+1 lap,,No,1:25.092,,,,,,,,,,,,,,,,,,,,,,,,,,,,,,,,,,
Italy,19,18,Lance Stroll,Aston Martin Aramco Mercedes,17.0,52,,0.0,,2024-09-01,2024,+1 lap,,No,1:22.232,,,,,,,,,,,,,,,,,,,,,,,,,,,,,,,,,,
Italy,NC,22,Yuki Tsunoda,RB Honda RBPT,16.0,7,,0.0,,2024-09-01,2024,DNF,,No,1:26.198,,,,,,,,,,,,,,,,,,,,,,,,,,,,,,,,,,
Azerbaijan,1,81,Oscar Piastri,McLaren Mercedes,2.0,51,,25.0,,2024-09-15,2024,1:32:58.007,,No,1:47.060,,,,,,,,,,,,,,,,,,,,,,,,,,,,,,,,,,
Azerbaijan,2,16,Charles Leclerc,Ferrari,1.0,51,,18.0,,2024-09-15,2024,+10.910,,No,1:47.067,,,,,,,,,,,,,,,,,,,,,,,,,,,,,,,,,,
Azerbaijan,3,63,George Russell,Mercedes,5.0,51,,15.0,,2024-09-15,2024,+31.328,,No,1:46.628,,,,,,,,,,,,,,,,,,,,,,,,,,,,,,,,,,
Azerbaijan,4,4,Lando Norris,McLaren Mercedes,15.0,51,,13.0,,2024-09-15,2024,+36.142,,Yes,1:45.255,,,,,,,,,,,,,,,,,,,,,,,,,,,,,,,,,,
Azerbaijan,5,1,Max Verstappen,Red Bull Racing Honda RBPT,6.0,51,,10.0,,2024-09-15,2024,+77.098,,No,1:46.798,,,,,,,,,,,,,,,,,,,,,,,,,,,,,,,,,,
Azerbaijan,6,14,Fernando Alonso,Aston Martin Aramco Mercedes,7.0,51,,8.0,,2024-09-15,2024,+85.468,,No,1:47.057,,,,,,,,,,,,,,,,,,,,,,,,,,,,,,,,,,
Azerbaijan,7,23,Alexander Albon,Williams Mercedes,9.0,51,,6.0,,2024-09-15,2024,+87.396,,No,1:46.947,,,,,,,,,,,,,,,,,,,,,,,,,,,,,,,,,,
Azerbaijan,8,43,Franco Colapinto,Williams Mercedes,8.0,51,,4.0,,2024-09-15,2024,+89.541,,No,1:47.274,,,,,,,,,,,,,,,,,,,,,,,,,,,,,,,,,,
Azerbaijan,9,44,Lewis Hamilton,Mercedes,19.0,51,,2.0,,2024-09-15,2024,+92.401,,No,1:47.236,,,,,,,,,,,,,,,,,,,,,,,,,,,,,,,,,,
Azerbaijan,10,50,Oliver Bearman,Haas Ferrari,10.0,51,,1.0,,2024-09-15,2024,+93.127,,No,1:47.048,,,,,,,,,,,,,,,,,,,,,,,,,,,,,,,,,,
Azerbaijan,11,27,Nico Hulkenberg,Haas Ferrari,12.0,51,,0.0,,2024-09-15,2024,+93.465,,No,1:47.691,,,,,,,,,,,,,,,,,,,,,,,,,,,,,,,,,,
Azerbaijan,12,10,Pierre Gasly,Alpine Renault,18.0,51,,0.0,,2024-09-15,2024,+117.189,,No,1:48.018,,,,,,,,,,,,,,,,,,,,,,,,,,,,,,,,,,
Azerbaijan,13,3,Daniel Ricciardo,RB Honda RBPT,14.0,51,,0.0,,2024-09-15,2024,+146.907,,No,1:48.380,,,,,,,,,,,,,,,,,,,,,,,,,,,,,,,,,,
Azerbaijan,14,24,Guanyu Zhou,Kick Sauber Ferrari,17.0,51,,0.0,,2024-09-15,2024,+148.841,,No,1:47.644,,,,,,,,,,,,,,,,,,,,,,,,,,,,,,,,,,
Azerbaijan,15,31,Esteban Ocon,Alpine Renault,20.0,50,,0.0,,2024-09-15,2024,+1 lap,,No,1:48.831,,,,,,,,,,,,,,,,,,,,,,,,,,,,,,,,,,
Azerbaijan,16,77,Valtteri Bottas,Kick Sauber Ferrari,16.0,50,,0.0,,2024-09-15,2024,+1 lap,,No,1:48.418,,,,,,,,,,,,,,,,,,,,,,,,,,,,,,,,,,
Azerbaijan,17,11,Sergio Perez,Red Bull Racing Honda RBPT,4.0,49,,0.0,,2024-09-15,2024,DNF,,No,1:47.013,,,,,,,,,,,,,,,,,,,,,,,,,,,,,,,,,,
Azerbaijan,18,55,Carlos Sainz,Ferrari,3.0,49,,0.0,,2024-09-15,2024,DNF,,No,1:46.866,,,,,,,,,,,,,,,,,,,,,,,,,,,,,,,,,,
Azerbaijan,19,18,Lance Stroll,Aston Martin Aramco Mercedes,13.0,45,,0.0,,2024-09-15,2024,DNF,,No,1:48.148,,,,,,,,,,,,,,,,,,,,,,,,,,,,,,,,,,
Azerbaijan,NC,22,Yuki Tsunoda,RB Honda RBPT,11.0,14,,0.0,,2024-09-15,2024,DNF,,No,1:50.887,,,,,,,,,,,,,,,,,,,,,,,,,,,,,,,,,,
Singapore,1,4,Lando Norris,McLaren Mercedes,1.0,62,,25.0,,2024-09-22,2024,1:40:52.571,,No,1:34.925,,,,,,,,,,,,,,,,,,,,,,,,,,,,,,,,,,
Singapore,2,1,Max Verstappen,Red Bull Racing Honda RBPT,2.0,62,,18.0,,2024-09-22,2024,+20.945,,No,1:35.967,,,,,,,,,,,,,,,,,,,,,,,,,,,,,,,,,,
Singapore,3,81,Oscar Piastri,McLaren Mercedes,5.0,62,,15.0,,2024-09-22,2024,+41.823,,No,1:35.745,,,,,,,,,,,,,,,,,,,,,,,,,,,,,,,,,,
Singapore,4,63,George Russell,Mercedes,4.0,62,,12.0,,2024-09-22,2024,+61.040,,No,1:37.047,,,,,,,,,,,,,,,,,,,,,,,,,,,,,,,,,,
Singapore,5,16,Charles Leclerc,Ferrari,9.0,62,,10.0,,2024-09-22,2024,+62.430,,No,1:35.371,,,,,,,,,,,,,,,,,,,,,,,,,,,,,,,,,,
Singapore,6,44,Lewis Hamilton,Mercedes,3.0,62,,8.0,,2024-09-22,2024,+85.248,,No,1:37.393,,,,,,,,,,,,,,,,,,,,,,,,,,,,,,,,,,
Singapore,7,55,Carlos Sainz,Ferrari,10.0,62,,6.0,,2024-09-22,2024,+96.039,,No,1:36.561,,,,,,,,,,,,,,,,,,,,,,,,,,,,,,,,,,
Singapore,8,14,Fernando Alonso,Aston Martin Aramco Mercedes,7.0,61,,4.0,,2024-09-22,2024,+1 lap,,No,1:37.741,,,,,,,,,,,,,,,,,,,,,,,,,,,,,,,,,,
Singapore,9,27,Nico Hulkenberg,Haas Ferrari,6.0,61,,2.0,,2024-09-22,2024,+1 lap,,No,1:37.470,,,,,,,,,,,,,,,,,,,,,,,,,,,,,,,,,,
Singapore,10,11,Sergio Perez,Red Bull Racing Honda RBPT,13.0,61,,1.0,,2024-09-22,2024,+1 lap,,No,1:37.477,,,,,,,,,,,,,,,,,,,,,,,,,,,,,,,,,,
Singapore,11,43,Franco Colapinto,Williams Mercedes,12.0,61,,0.0,,2024-09-22,2024,+1 lap,,No,1:37.262,,,,,,,,,,,,,,,,,,,,,,,,,,,,,,,,,,
Singapore,12,22,Yuki Tsunoda,RB Honda RBPT,8.0,61,,0.0,,2024-09-22,2024,+1 lap,,No,1:36.393,,,,,,,,,,,,,,,,,,,,,,,,,,,,,,,,,,
Singapore,13,31,Esteban Ocon,Alpine Renault,15.0,61,,0.0,,2024-09-22,2024,+1 lap,,No,1:37.964,,,,,,,,,,,,,,,,,,,,,,,,,,,,,,,,,,
Singapore,14,18,Lance Stroll,Aston Martin Aramco Mercedes,17.0,61,,0.0,,2024-09-22,2024,+1 lap,,No,1:37.851,,,,,,,,,,,,,,,,,,,,,,,,,,,,,,,,,,
Singapore,15,24,Guanyu Zhou,Kick Sauber Ferrari,20.0,61,,0.0,,2024-09-22,2024,+1 lap,,No,1:37.461,,,,,,,,,,,,,,,,,,,,,,,,,,,,,,,,,,
Singapore,16,77,Valtteri Bottas,Kick Sauber Ferrari,19.0,61,,0.0,,2024-09-22,2024,+1 lap,,No,1:37.524,,,,,,,,,,,,,,,,,,,,,,,,,,,,,,,,,,
Singapore,17,10,Pierre Gasly,Alpine Renault,18.0,61,,0.0,,2024-09-22,2024,+1 lap,,No,1:36.927,,,,,,,,,,,,,,,,,,,,,,,,,,,,,,,,,,
Singapore,18,3,Daniel Ricciardo,RB Honda RBPT,16.0,61,,0.0,,2024-09-22,2024,+1 lap,,Yes,1:34.486,,,,,,,,,,,,,,,,,,,,,,,,,,,,,,,,,,
Singapore,19,20,Kevin Magnussen,Haas Ferrari,14.0,57,,0.0,,2024-09-22,2024,DNF,,No,1:37.425,,,,,,,,,,,,,,,,,,,,,,,,,,,,,,,,,,
Singapore,NC,23,Alexander Albon,Williams Mercedes,11.0,15,,0.0,,2024-09-22,2024,DNF,,No,1:36.888,,,,,,,,,,,,,,,,,,,,,,,,,,,,,,,,,,
United States,1,16,Charles Leclerc,Ferrari,4.0,56,,25.0,,2024-10-20,2024,1:35:09.639,,No,1:37.834,,,,,,,,,,,,,,,,,,,,,,,,,,,,,,,,,,
United States,2,55,Carlos Sainz,Ferrari,3.0,56,,18.0,,2024-10-20,2024,+8.562,,No,1:37.763,,,,,,,,,,,,,,,,,,,,,,,,,,,,,,,,,,
United States,3,1,Max Verstappen,Red Bull Racing Honda RBPT,2.0,56,,15.0,,2024-10-20,2024,+19.412,,No,1:38.117,,,,,,,,,,,,,,,,,,,,,,,,,,,,,,,,,,
United States,4,4,Lando Norris,McLaren Mercedes,1.0,56,,12.0,,2024-10-20,2024,+20.354,,No,1:37.679,,,,,,,,,,,,,,,,,,,,,,,,,,,,,,,,,,
United States,5,81,Oscar Piastri,McLaren Mercedes,5.0,56,,10.0,,2024-10-20,2024,+21.921,,No,1:37.883,,,,,,,,,,,,,,,,,,,,,,,,,,,,,,,,,,
United States,6,63,George Russell,Mercedes,20.0,56,,8.0,,2024-10-20,2024,+56.295,,No,1:37.656,,,,,,,,,,,,,,,,,,,,,,,,,,,,,,,,,,
United States,7,11,Sergio Perez,Red Bull Racing Honda RBPT,9.0,56,,6.0,,2024-10-20,2024,+59.072,,No,1:38.514,,,,,,,,,,,,,,,,,,,,,,,,,,,,,,,,,,
United States,8,27,Nico Hulkenberg,Haas Ferrari,11.0,56,,4.0,,2024-10-20,2024,+62.957,,No,1:38.404,,,,,,,,,,,,,,,,,,,,,,,,,,,,,,,,,,
United States,9,30,Liam Lawson,RB Honda RBPT,19.0,56,,2.0,,2024-10-20,2024,+70.563,,No,1:38.091,,,,,,,,,,,,,,,,,,,,,,,,,,,,,,,,,,
United States,10,43,Franco Colapinto,Williams Mercedes,15.0,56,,1.0,,2024-10-20,2024,+71.979,,No,1:37.611,,,,,,,,,,,,,,,,,,,,,,,,,,,,,,,,,,
United States,11,20,Kevin Magnussen,Haas Ferrari,8.0,56,,0.0,,2024-10-20,2024,+79.782,,No,1:38.210,,,,,,,,,,,,,,,,,,,,,,,,,,,,,,,,,,
United States,12,10,Pierre Gasly,Alpine Renault,6.0,56,,0.0,,2024-10-20,2024,+90.558,,No,1:38.311,,,,,,,,,,,,,,,,,,,,,,,,,,,,,,,,,,
United States,13,14,Fernando Alonso,Aston Martin Aramco Mercedes,7.0,55,,0.0,,2024-10-20,2024,+1 lap,,No,1:39.261,,,,,,,,,,,,,,,,,,,,,,,,,,,,,,,,,,
United States,14,22,Yuki Tsunoda,RB Honda RBPT,10.0,55,,0.0,,2024-10-20,2024,+1 lap,,No,1:39.193,,,,,,,,,,,,,,,,,,,,,,,,,,,,,,,,,,
United States,15,18,Lance Stroll,Aston Martin Aramco Mercedes,13.0,55,,0.0,,2024-10-20,2024,+1 lap,,No,1:39.214,,,,,,,,,,,,,,,,,,,,,,,,,,,,,,,,,,
United States,16,23,Alexander Albon,Williams Mercedes,14.0,55,,0.0,,2024-10-20,2024,+1 lap,,No,1:39.084,,,,,,,,,,,,,,,,,,,,,,,,,,,,,,,,,,
United States,17,77,Valtteri Bottas,Kick Sauber Ferrari,16.0,55,,0.0,,2024-10-20,2024,+1 lap,,No,1:40.575,,,,,,,,,,,,,,,,,,,,,,,,,,,,,,,,,,
United States,18,31,Esteban Ocon,Alpine Renault,12.0,55,,0.0,,2024-10-20,2024,+1 lap,,Yes,1:37.330,,,,,,,,,,,,,,,,,,,,,,,,,,,,,,,,,,
United States,19,24,Guanyu Zhou,Kick Sauber Ferrari,18.0,55,,0.0,,2024-10-20,2024,+1 lap,,No,1:39.272,,,,,,,,,,,,,,,,,,,,,,,,,,,,,,,,,,
United States,NC,44,Lewis Hamilton,Mercedes,17.0,1,,0.0,,2024-10-20,2024,DNF,,No,,,,,,,,,,,,,,,,,,,,,,,,,,,,,,,,,,,
Mexico,1,55,Carlos Sainz,Ferrari,1.0,71,,25.0,,2024-10-27,2024,1:40:55.800,,No,1:20.137,,,,,,,,,,,,,,,,,,,,,,,,,,,,,,,,,,
Mexico,2,4,Lando Norris,McLaren Mercedes,3.0,71,,18.0,,2024-10-27,2024,+4.705,,No,1:19.691,,,,,,,,,,,,,,,,,,,,,,,,,,,,,,,,,,
Mexico,3,16,Charles Leclerc,Ferrari,4.0,71,,16.0,,2024-10-27,2024,+34.387,,Yes,1:18.336,,,,,,,,,,,,,,,,,,,,,,,,,,,,,,,,,,
Mexico,4,44,Lewis Hamilton,Mercedes,6.0,71,,12.0,,2024-10-27,2024,+44.780,,No,1:20.371,,,,,,,,,,,,,,,,,,,,,,,,,,,,,,,,,,
Mexico,5,63,George Russell,Mercedes,5.0,71,,10.0,,2024-10-27,2024,+48.536,,No,1:20.731,,,,,,,,,,,,,,,,,,,,,,,,,,,,,,,,,,
Mexico,6,1,Max Verstappen,Red Bull Racing Honda RBPT,2.0,71,,8.0,,2024-10-27,2024,+59.558,,No,1:20.872,,,,,,,,,,,,,,,,,,,,,,,,,,,,,,,,,,
Mexico,7,20,Kevin Magnussen,Haas Ferrari,7.0,71,,6.0,,2024-10-27,2024,+63.642,,No,1:20.637,,,,,,,,,,,,,,,,,,,,,,,,,,,,,,,,,,
Mexico,8,81,Oscar Piastri,McLaren Mercedes,17.0,71,,4.0,,2024-10-27,2024,+64.928,,No,1:20.064,,,,,,,,,,,,,,,,,,,,,,,,,,,,,,,,,,
Mexico,9,27,Nico Hulkenberg,Haas Ferrari,10.0,70,,2.0,,2024-10-27,2024,+1 lap,,No,1:20.748,,,,,,,,,,,,,,,,,,,,,,,,,,,,,,,,,,
Mexico,10,10,Pierre Gasly,Alpine Renault,8.0,70,,1.0,,2024-10-27,2024,+1 lap,,No,1:21.274,,,,,,,,,,,,,,,,,,,,,,,,,,,,,,,,,,
Mexico,11,18,Lance Stroll,Aston Martin Aramco Mercedes,14.0,70,,0.0,,2024-10-27,2024,+1 lap,,No,1:21.311,,,,,,,,,,,,,,,,,,,,,,,,,,,,,,,,,,
Mexico,12,43,Franco Colapinto,Williams Mercedes,16.0,70,,0.0,,2024-10-27,2024,+1 lap,,No,1:20.090,,,,,,,,,,,,,,,,,,,,,,,,,,,,,,,,,,
Mexico,13,31,Esteban Ocon,Alpine Renault,20.0,70,,0.0,,2024-10-27,2024,+1 lap,,No,1:20.659,,,,,,,,,,,,,,,,,,,,,,,,,,,,,,,,,,
Mexico,14,77,Valtteri Bottas,Kick Sauber Ferrari,15.0,70,,0.0,,2024-10-27,2024,+1 lap,,No,1:21.085,,,,,,,,,,,,,,,,,,,,,,,,,,,,,,,,,,
Mexico,15,24,Guanyu Zhou,Kick Sauber Ferrari,19.0,70,,0.0,,2024-10-27,2024,+1 lap,,No,1:21.553,,,,,,,,,,,,,,,,,,,,,,,,,,,,,,,,,,
Mexico,16,30,Liam Lawson,RB Honda RBPT,12.0,70,,0.0,,2024-10-27,2024,+1 lap,,No,1:19.502,,,,,,,,,,,,,,,,,,,,,,,,,,,,,,,,,,
Mexico,17,11,Sergio Perez,Red Bull Racing Honda RBPT,18.0,70,,0.0,,2024-10-27,2024,+1 lap,,No,1:19.209,,,,,,,,,,,,,,,,,,,,,,,,,,,,,,,,,,
Mexico,NC,14,Fernando Alonso,Aston Martin Aramco Mercedes,13.0,15,,0.0,,2024-10-27,2024,DNF,,No,1:22.722,,,,,,,,,,,,,,,,,,,,,,,,,,,,,,,,,,
Mexico,NC,23,Alexander Albon,Williams Mercedes,9.0,0,,0.0,,2024-10-27,2024,DNF,,No,,,,,,,,,,,,,,,,,,,,,,,,,,,,,,,,,,,
Mexico,NC,22,Yuki Tsunoda,RB Honda RBPT,11.0,0,,0.0,,2024-10-27,2024,DNF,,No,,,,,,,,,,,,,,,,,,,,,,,,,,,,,,,,,,,
Brazil,1,1,Max Verstappen,Red Bull Racing Honda RBPT,17.0,69,,26.0,,2024-11-03,2024,2:06:54.430,,Yes,1:20.472,,,,,,,,,,,,,,,,,,,,,,,,,,,,,,,,,,
Brazil,2,31,Esteban Ocon,Alpine Renault,4.0,69,,18.0,,2024-11-03,2024,+19.477,,No,1:21.771,,,,,,,,,,,,,,,,,,,,,,,,,,,,,,,,,,
Brazil,3,10,Pierre Gasly,Alpine Renault,13.0,69,,15.0,,2024-11-03,2024,+22.532,,No,1:21.645,,,,,,,,,,,,,,,,,,,,,,,,,,,,,,,,,,
Brazil,4,63,George Russell,Mercedes,2.0,69,,12.0,,2024-11-03,2024,+23.265,,No,1:21.645,,,,,,,,,,,,,,,,,,,,,,,,,,,,,,,,,,
Brazil,5,16,Charles Leclerc,Ferrari,6.0,69,,10.0,,2024-11-03,2024,+30.177,,No,1:21.631,,,,,,,,,,,,,,,,,,,,,,,,,,,,,,,,,,
Brazil,6,4,Lando Norris,McLaren Mercedes,1.0,69,,8.0,,2024-11-03,2024,+31.372,,No,1:21.517,,,,,,,,,,,,,,,,,,,,,,,,,,,,,,,,,,
Brazil,7,22,Yuki Tsunoda,RB Honda RBPT,3.0,69,,6.0,,2024-11-03,2024,+42.056,,No,1:21.828,,,,,,,,,,,,,,,,,,,,,,,,,,,,,,,,,,
Brazil,8,81,Oscar Piastri,McLaren Mercedes,8.0,69,,4.0,,2024-11-03,2024,+44.943,,No,1:21.532,,,,,,,,,,,,,,,,,,,,,,,,,,,,,,,,,,
Brazil,9,30,Liam Lawson,RB Honda RBPT,5.0,69,,2.0,,2024-11-03,2024,+50.452,,No,1:22.123,,,,,,,,,,,,,,,,,,,,,,,,,,,,,,,,,,
Brazil,10,44,Lewis Hamilton,Mercedes,14.0,69,,1.0,,2024-11-03,2024,+50.753,,No,1:22.041,,,,,,,,,,,,,,,,,,,,,,,,,,,,,,,,,,
Brazil,11,11,Sergio Perez,Red Bull Racing Honda RBPT,12.0,69,,0.0,,2024-11-03,2024,+51.531,,No,1:22.143,,,,,,,,,,,,,,,,,,,,,,,,,,,,,,,,,,
Brazil,12,50,Oliver Bearman,Haas Ferrari,15.0,69,,0.0,,2024-11-03,2024,+57.085,,No,1:22.494,,,,,,,,,,,,,,,,,,,,,,,,,,,,,,,,,,
Brazil,13,77,Valtteri Bottas,Kick Sauber Ferrari,11.0,69,,0.0,,2024-11-03,2024,+63.588,,No,1:22.877,,,,,,,,,,,,,,,,,,,,,,,,,,,,,,,,,,
Brazil,14,14,Fernando Alonso,Aston Martin Aramco Mercedes,9.0,69,,0.0,,2024-11-03,2024,+78.049,,No,1:22.293,,,,,,,,,,,,,,,,,,,,,,,,,,,,,,,,,,
Brazil,15,24,Guanyu Zhou,Kick Sauber Ferrari,19.0,69,,0.0,,2024-11-03,2024,+79.649,,No,1:23.058,,,,,,,,,,,,,,,,,,,,,,,,,,,,,,,,,,
Brazil,NC,55,Carlos Sainz,Ferrari,20.0,38,,0.0,,2024-11-03,2024,DNF,,No,1:24.201,,,,,,,,,,,,,,,,,,,,,,,,,,,,,,,,,,
Brazil,NC,43,Franco Colapinto,Williams Mercedes,16.0,30,,0.0,,2024-11-03,2024,DNF,,No,1:24.296,,,,,,,,,,,,,,,,,,,,,,,,,,,,,,,,,,
Brazil,NC,23,Alexander Albon,Williams Mercedes,7.0,0,,0.0,,2024-11-03,2024,DNS,,No,,,,,,,,,,,,,,,,,,,,,,,,,,,,,,,,,,,
Brazil,NC,18,Lance Stroll,Aston Martin Aramco Mercedes,10.0,0,,0.0,,2024-11-03,2024,DNS,,No,,,,,,,,,,,,,,,,,,,,,,,,,,,,,,,,,,,
Brazil,DQ,27,Nico Hulkenberg,Haas Ferrari,18.0,0,,0.0,,2024-11-03,2024,DSQ,,No,1:23.764,,,,,,,,,,,,,,,,,,,,,,,,,,,,,,,,,,
Las Vegas,1,63,George Russell,Mercedes,1.0,50,,25.0,,2024-11-24,2024,1:22:05.969,,No,1:35.717,,,,,,,,,,,,,,,,,,,,,,,,,,,,,,,,,,
Las Vegas,2,44,Lewis Hamilton,Mercedes,10.0,50,,18.0,,2024-11-24,2024,+7.313,,No,1:35.480,,,,,,,,,,,,,,,,,,,,,,,,,,,,,,,,,,
Las Vegas,3,55,Carlos Sainz,Ferrari,2.0,50,,15.0,,2024-11-24,2024,+11.906,,No,1:35.875,,,,,,,,,,,,,,,,,,,,,,,,,,,,,,,,,,
Las Vegas,4,16,Charles Leclerc,Ferrari,4.0,50,,12.0,,2024-11-24,2024,+14.283,,No,1:35.674,,,,,,,,,,,,,,,,,,,,,,,,,,,,,,,,,,
Las Vegas,5,1,Max Verstappen,Red Bull Racing Honda RBPT,5.0,50,,10.0,,2024-11-24,2024,+16.582,,No,1:36.248,,,,,,,,,,,,,,,,,,,,,,,,,,,,,,,,,,
Las Vegas,6,4,Lando Norris,McLaren Mercedes,6.0,50,,9.0,,2024-11-24,2024,+43.385,,Yes,1:34.876,,,,,,,,,,,,,,,,,,,,,,,,,,,,,,,,,,
Las Vegas,7,81,Oscar Piastri,McLaren Mercedes,8.0,50,,6.0,,2024-11-24,2024,+51.365,,No,1:36.598,,,,,,,,,,,,,,,,,,,,,,,,,,,,,,,,,,
Las Vegas,8,27,Nico Hulkenberg,Haas Ferrari,9.0,50,,4.0,,2024-11-24,2024,+59.808,,No,1:36.585,,,,,,,,,,,,,,,,,,,,,,,,,,,,,,,,,,
Las Vegas,9,22,Yuki Tsunoda,RB Honda RBPT,7.0,50,,2.0,,2024-11-24,2024,+62.808,,No,1:36.957,,,,,,,,,,,,,,,,,,,,,,,,,,,,,,,,,,
Las Vegas,10,11,Sergio Perez,Red Bull Racing Honda RBPT,15.0,50,,1.0,,2024-11-24,2024,+63.114,,No,1:36.326,,,,,,,,,,,,,,,,,,,,,,,,,,,,,,,,,,
Las Vegas,11,14,Fernando Alonso,Aston Martin Aramco Mercedes,16.0,50,,0.0,,2024-11-24,2024,+69.195,,No,1:36.553,,,,,,,,,,,,,,,,,,,,,,,,,,,,,,,,,,
Las Vegas,12,20,Kevin Magnussen,Haas Ferrari,12.0,50,,0.0,,2024-11-24,2024,+69.803,,No,1:36.557,,,,,,,,,,,,,,,,,,,,,,,,,,,,,,,,,,
Las Vegas,13,24,Guanyu Zhou,Kick Sauber Ferrari,13.0,50,,0.0,,2024-11-24,2024,+74.085,,No,1:36.324,,,,,,,,,,,,,,,,,,,,,,,,,,,,,,,,,,
Las Vegas,14,43,Franco Colapinto,Williams Mercedes,20.0,50,,0.0,,2024-11-24,2024,+75.172,,No,1:36.867,,,,,,,,,,,,,,,,,,,,,,,,,,,,,,,,,,
Las Vegas,15,18,Lance Stroll,Aston Martin Aramco Mercedes,18.0,50,,0.0,,2024-11-24,2024,+84.102,,No,1:37.179,,,,,,,,,,,,,,,,,,,,,,,,,,,,,,,,,,
Las Vegas,16,30,Liam Lawson,RB Honda RBPT,14.0,50,,0.0,,2024-11-24,2024,+91.005,,No,1:36.980,,,,,,,,,,,,,,,,,,,,,,,,,,,,,,,,,,
Las Vegas,17,31,Esteban Ocon,Alpine Renault,11.0,49,,0.0,,2024-11-24,2024,+1 lap,,No,1:36.511,,,,,,,,,,,,,,,,,,,,,,,,,,,,,,,,,,
Las Vegas,18,77,Valtteri Bottas,Kick Sauber Ferrari,19.0,49,,0.0,,2024-11-24,2024,+1 lap,,No,1:36.601,,,,,,,,,,,,,,,,,,,,,,,,,,,,,,,,,,
Las Vegas,NC,23,Alexander Albon,Williams Mercedes,17.0,25,,0.0,,2024-11-24,2024,DNF,,No,1:38.008,,,,,,,,,,,,,,,,,,,,,,,,,,,,,,,,,,
Las Vegas,NC,10,Pierre Gasly,Alpine Renault,3.0,15,,0.0,,2024-11-24,2024,DNF,,No,1:38.314,,,,,,,,,,,,,,,,,,,,,,,,,,,,,,,,,,
Qatar,1,1,Max Verstappen,Red Bull Racing Honda RBPT,2.0,57,,25.0,,2024-12-01,2024,1:31:05.323,,No,1:22.905,24.0,18.0,32.0,18.0,24.0,20.0,0.0,63.0,10.0,1018.0,5.75,25.0,11.0,18.0,113.0,113.0,113.0,0.0,6.0,10.0,météo idéale,,,,,,,,,,,,,doha
Qatar,2,16,Charles Leclerc,Ferrari,5.0,57,,18.0,,2024-12-01,2024,+6.031,,No,1:23.242,24.0,18.0,32.0,18.0,24.0,20.0,0.0,63.0,10.0,1018.0,5.75,25.0,11.0,18.0,113.0,113.0,113.0,0.0,6.0,10.0,météo idéale,,,,,,,,,,,,,doha
Qatar,3,81,Oscar Piastri,McLaren Mercedes,4.0,57,,15.0,,2024-12-01,2024,+6.819,,No,1:23.218,24.0,18.0,32.0,18.0,24.0,20.0,0.0,63.0,10.0,1018.0,5.75,25.0,11.0,18.0,113.0,113.0,113.0,0.0,6.0,10.0,météo idéale,,,,,,,,,,,,,doha
Qatar,4,63,George Russell,Mercedes,1.0,57,,12.0,,2024-12-01,2024,+14.104,,No,1:23.355,24.0,18.0,32.0,18.0,24.0,20.0,0.0,63.0,10.0,1018.0,5.75,25.0,11.0,18.0,113.0,113.0,113.0,0.0,6.0,10.0,météo idéale,,,,,,,,,,,,,doha
Qatar,5,10,Pierre Gasly,Alpine Renault,11.0,57,,10.0,,2024-12-01,2024,+16.782,,No,1:23.705,24.0,18.0,32.0,18.0,24.0,20.0,0.0,63.0,10.0,1018.0,5.75,25.0,11.0,18.0,113.0,113.0,113.0,0.0,6.0,10.0,météo idéale,,,,,,,,,,,,,doha
Qatar,6,55,Carlos Sainz,Ferrari,7.0,57,,8.0,,2024-12-01,2024,+17.476,,No,1:23.465,24.0,18.0,32.0,18.0,24.0,20.0,0.0,63.0,10.0,1018.0,5.75,25.0,11.0,18.0,113.0,113.0,113.0,0.0,6.0,10.0,météo idéale,,,,,,,,,,,,,doha
Qatar,7,14,Fernando Alonso,Aston Martin Aramco Mercedes,8.0,57,,6.0,,2024-12-01,2024,+19.867,,No,1:23.667,24.0,18.0,32.0,18.0,24.0,20.0,0.0,63.0,10.0,1018.0,5.75,25.0,11.0,18.0,113.0,113.0,113.0,0.0,6.0,10.0,météo idéale,,,,,,,,,,,,,doha
Qatar,8,24,Guanyu Zhou,Kick Sauber Ferrari,12.0,57,,4.0,,2024-12-01,2024,+25.360,,No,1:23.889,24.0,18.0,32.0,18.0,24.0,20.0,0.0,63.0,10.0,1018.0,5.75,25.0,11.0,18.0,113.0,113.0,113.0,0.0,6.0,10.0,météo idéale,,,,,,,,,,,,,doha
Qatar,9,20,Kevin Magnussen,Haas Ferrari,10.0,57,,2.0,,2024-12-01,2024,+32.177,,No,1:24.259,24.0,18.0,32.0,18.0,24.0,20.0,0.0,63.0,10.0,1018.0,5.75,25.0,11.0,18.0,113.0,113.0,113.0,0.0,6.0,10.0,météo idéale,,,,,,,,,,,,,doha
Qatar,10,4,Lando Norris,McLaren Mercedes,3.0,57,,2.0,,2024-12-01,2024,+35.762,,Yes,1:22.384,24.0,18.0,32.0,18.0,24.0,20.0,0.0,63.0,10.0,1018.0,5.75,25.0,11.0,18.0,113.0,113.0,113.0,0.0,6.0,10.0,météo idéale,,,,,,,,,,,,,doha
Qatar,11,77,Valtteri Bottas,Kick Sauber Ferrari,13.0,57,,0.0,,2024-12-01,2024,+50.243,,No,1:25.533,24.0,18.0,32.0,18.0,24.0,20.0,0.0,63.0,10.0,1018.0,5.75,25.0,11.0,18.0,113.0,113.0,113.0,0.0,6.0,10.0,météo idéale,,,,,,,,,,,,,doha
Qatar,12,44,Lewis Hamilton,Mercedes,6.0,57,,0.0,,2024-12-01,2024,+56.122,,No,1:23.865,24.0,18.0,32.0,18.0,24.0,20.0,0.0,63.0,10.0,1018.0,5.75,25.0,11.0,18.0,113.0,113.0,113.0,0.0,6.0,10.0,météo idéale,,,,,,,,,,,,,doha
Qatar,13,22,Yuki Tsunoda,RB Honda RBPT,14.0,57,,0.0,,2024-12-01,2024,+61.100,,No,1:26.144,24.0,18.0,32.0,18.0,24.0,20.0,0.0,63.0,10.0,1018.0,5.75,25.0,11.0,18.0,113.0,113.0,113.0,0.0,6.0,10.0,météo idéale,,,,,,,,,,,,,doha
Qatar,14,30,Liam Lawson,RB Honda RBPT,17.0,57,,0.0,,2024-12-01,2024,+62.656,,No,1:26.076,24.0,18.0,32.0,18.0,24.0,20.0,0.0,63.0,10.0,1018.0,5.75,25.0,11.0,18.0,113.0,113.0,113.0,0.0,6.0,10.0,météo idéale,,,,,,,,,,,,,doha
Qatar,15,23,Alexander Albon,Williams Mercedes,16.0,56,,0.0,,2024-12-01,2024,+1 lap,,No,1:25.559,24.0,18.0,32.0,18.0,24.0,20.0,0.0,63.0,10.0,1018.0,5.75,25.0,11.0,18.0,113.0,113.0,113.0,0.0,6.0,10.0,météo idéale,,,,,,,,,,,,,doha
Qatar,NC,27,Nico Hulkenberg,Haas Ferrari,18.0,39,,0.0,,2024-12-01,2024,DNF,,No,1:25.767,24.0,18.0,32.0,18.0,24.0,20.0,0.0,63.0,10.0,1018.0,5.75,25.0,11.0,18.0,113.0,113.0,113.0,0.0,6.0,10.0,météo idéale,,,,,,,,,,,,,doha
Qatar,NC,11,Sergio Perez,Red Bull Racing Honda RBPT,9.0,38,,0.0,,2024-12-01,2024,DNF,,No,1:25.288,24.0,18.0,32.0,18.0,24.0,20.0,0.0,63.0,10.0,1018.0,5.75,25.0,11.0,18.0,113.0,113.0,113.0,0.0,6.0,10.0,météo idéale,,,,,,,,,,,,,doha
Qatar,NC,18,Lance Stroll,Aston Martin Aramco Mercedes,15.0,8,,0.0,,2024-12-01,2024,DNF,,No,1:30.935,24.0,18.0,32.0,18.0,24.0,20.0,0.0,63.0,10.0,1018.0,5.75,25.0,11.0,18.0,113.0,113.0,113.0,0.0,6.0,10.0,météo idéale,,,,,,,,,,,,,doha
Qatar,NC,43,Franco Colapinto,Williams Mercedes,19.0,0,,0.0,,2024-12-01,2024,DNF,,No,,24.0,18.0,32.0,18.0,24.0,20.0,0.0,63.0,10.0,1018.0,5.75,25.0,11.0,18.0,113.0,113.0,113.0,0.0,6.0,10.0,météo idéale,,,,,,,,,,,,,doha
Qatar,NC,31,Esteban Ocon,Alpine Renault,20.0,0,,0.0,,2024-12-01,2024,DNF,,No,,24.0,18.0,32.0,18.0,24.0,20.0,0.0,63.0,10.0,1018.0,5.75,25.0,11.0,18.0,113.0,113.0,113.0,0.0,6.0,10.0,météo idéale,,,,,,,,,,,,,doha
Abu Dhabi,1,4,Lando Norris,McLaren Mercedes,1.0,58,,25.0,,2024-12-08,2024,1:26:33.291,,No,1:27.438,,,,,,,,,,,,,,,,,,,,,,,,,,,,,,,,,,
Abu Dhabi,2,55,Carlos Sainz,Ferrari,3.0,58,,18.0,,2024-12-08,2024,+5.832,,No,1:27.765,,,,,,,,,,,,,,,,,,,,,,,,,,,,,,,,,,
Abu Dhabi,3,16,Charles Leclerc,Ferrari,19.0,58,,15.0,,2024-12-08,2024,+31.928,,No,1:28.018,,,,,,,,,,,,,,,,,,,,,,,,,,,,,,,,,,
Abu Dhabi,4,44,Lewis Hamilton,Mercedes,16.0,58,,12.0,,2024-12-08,2024,+36.483,,No,1:27.278,,,,,,,,,,,,,,,,,,,,,,,,,,,,,,,,,,
Abu Dhabi,5,63,George Russell,Mercedes,6.0,58,,10.0,,2024-12-08,2024,+37.538,,No,1:28.195,,,,,,,,,,,,,,,,,,,,,,,,,,,,,,,,,,
Abu Dhabi,6,1,Max Verstappen,Red Bull Racing Honda RBPT,4.0,58,,8.0,,2024-12-08,2024,+49.847,,No,1:27.765,,,,,,,,,,,,,,,,,,,,,,,,,,,,,,,,,,
Abu Dhabi,7,10,Pierre Gasly,Alpine Renault,5.0,58,,6.0,,2024-12-08,2024,+72.560,,No,1:29.251,,,,,,,,,,,,,,,,,,,,,,,,,,,,,,,,,,
Abu Dhabi,8,27,Nico Hulkenberg,Haas Ferrari,7.0,58,,4.0,,2024-12-08,2024,+75.554,,No,1:29.152,,,,,,,,,,,,,,,,,,,,,,,,,,,,,,,,,,
Abu Dhabi,9,14,Fernando Alonso,Aston Martin Aramco Mercedes,8.0,58,,2.0,,2024-12-08,2024,+82.373,,No,1:27.948,,,,,,,,,,,,,,,,,,,,,,,,,,,,,,,,,,
Abu Dhabi,10,81,Oscar Piastri,McLaren Mercedes,2.0,58,,1.0,,2024-12-08,2024,+83.821,,No,1:27.690,,,,,,,,,,,,,,,,,,,,,,,,,,,,,,,,,,
Abu Dhabi,11,23,Alexander Albon,Williams Mercedes,18.0,57,,0.0,,2024-12-08,2024,+1 lap,,No,1:29.438,,,,,,,,,,,,,,,,,,,,,,,,,,,,,,,,,,
Abu Dhabi,12,22,Yuki Tsunoda,RB Honda RBPT,11.0,57,,0.0,,2024-12-08,2024,+1 lap,,No,1:29.200,,,,,,,,,,,,,,,,,,,,,,,,,,,,,,,,,,
Abu Dhabi,13,24,Guanyu Zhou,Kick Sauber Ferrari,15.0,57,,0.0,,2024-12-08,2024,+1 lap,,No,1:27.982,,,,,,,,,,,,,,,,,,,,,,,,,,,,,,,,,,
Abu Dhabi,14,18,Lance Stroll,Aston Martin Aramco Mercedes,13.0,57,,0.0,,2024-12-08,2024,+1 lap,,No,1:28.604,,,,,,,,,,,,,,,,,,,,,,,,,,,,,,,,,,
Abu Dhabi,15,61,Jack Doohan,Alpine Renault,17.0,57,,0.0,,2024-12-08,2024,+1 lap,,No,1:29.121,,,,,,,,,,,,,,,,,,,,,,,,,,,,,,,,,,
Abu Dhabi,16,20,Kevin Magnussen,Haas Ferrari,14.0,57,,0.0,,2024-12-08,2024,+1 lap,,Yes,1:25.637,,,,,,,,,,,,,,,,,,,,,,,,,,,,,,,,,,
Abu Dhabi,17,30,Liam Lawson,RB Honda RBPT,12.0,55,,0.0,,2024-12-08,2024,DNF,,No,1:28.751,,,,,,,,,,,,,,,,,,,,,,,,,,,,,,,,,,
Abu Dhabi,NC,77,Valtteri Bottas,Kick Sauber Ferrari,9.0,30,,0.0,,2024-12-08,2024,DNF,,No,1:29.482,,,,,,,,,,,,,,,,,,,,,,,,,,,,,,,,,,
Abu Dhabi,NC,43,Franco Colapinto,Williams Mercedes,20.0,26,,0.0,,2024-12-08,2024,DNF,,No,1:29.411,,,,,,,,,,,,,,,,,,,,,,,,,,,,,,,,,,
Abu Dhabi,NC,11,Sergio Perez,Red Bull Racing Honda RBPT,10.0,0,,0.0,,2024-12-08,2024,DNF,,No,,,,,,,,,,,,,,,,,,,,,,,,,,,,,,,,,,,
